<?xml version="1.0" encoding="UTF-8" standalone="yes"?>
<types>
    <type name="FOG_FOG_Tarsier">
        <nominal>3</nominal>
        <lifetime>900</lifetime>
        <restock>0</restock>
        <min>1</min>
        <quantmin>-1</quantmin>
        <quantmax>-1</quantmax>
        <cost>100</cost>
        <flags count_in_cargo="0" count_in_hoarder="0" count_in_map="1" count_in_player="0" crafted="0" deloot="0"/>
        <category name="clothes"/>
        <tag name="shelves"/>
        <usage name="Town"/>
        <usage name="Village"/>
        <usage name="Military"/>
        <usage name="Industrial"/>
    </type>
</types>
