<?xml version="1.0" encoding="UTF-8" standalone="yes"?>
<types>
<!--Arcteryx-->
    <type name="FOG_Arcteryx_Balaclava_CB">
        <nominal>3</nominal>
        <lifetime>900</lifetime>
        <restock>0</restock>
        <min>1</min>
        <quantmin>-1</quantmin>
        <quantmax>-1</quantmax>
        <cost>100</cost>
        <flags count_in_cargo="0" count_in_hoarder="0" count_in_map="1" count_in_player="0" crafted="0" deloot="0"/>
        <category name="clothes"/>
        <usage name="Town"/>
        <usage name="Village"/>
        <usage name="Military"/>
        <usage name="Industrial"/>
    </type>
    <type name="FOG_Arcteryx_Balaclava_RG">
        <nominal>3</nominal>
        <lifetime>900</lifetime>
        <restock>0</restock>
        <min>1</min>
        <quantmin>-1</quantmin>
        <quantmax>-1</quantmax>
        <cost>100</cost>
        <flags count_in_cargo="0" count_in_hoarder="0" count_in_map="1" count_in_player="0" crafted="0" deloot="0"/>
        <category name="clothes"/>
        <usage name="Town"/>
        <usage name="Village"/>
        <usage name="Military"/>
        <usage name="Industrial"/>
    </type>
    <type name="FOG_Arcteryx_Balaclava_Grey">
        <nominal>3</nominal>
        <lifetime>900</lifetime>
        <restock>0</restock>
        <min>1</min>
        <quantmin>-1</quantmin>
        <quantmax>-1</quantmax>
        <cost>100</cost>
        <flags count_in_cargo="0" count_in_hoarder="0" count_in_map="1" count_in_player="0" crafted="0" deloot="0"/>
        <category name="clothes"/>
        <usage name="Town"/>
        <usage name="Village"/>
        <usage name="Military"/>
        <usage name="Industrial"/>
    </type>
    <type name="FOG_Arcteryx_Balaclava_Black">
        <nominal>3</nominal>
        <lifetime>900</lifetime>
        <restock>0</restock>
        <min>1</min>
        <quantmin>-1</quantmin>
        <quantmax>-1</quantmax>
        <cost>100</cost>
        <flags count_in_cargo="0" count_in_hoarder="0" count_in_map="1" count_in_player="0" crafted="0" deloot="0"/>
        <category name="clothes"/>
        <usage name="Town"/>
        <usage name="Village"/>
        <usage name="Military"/>
        <usage name="Industrial"/>
    </type>
    <type name="FOG_Arcteryx_Balaclava_White">
        <nominal>3</nominal>
        <lifetime>900</lifetime>
        <restock>0</restock>
        <min>1</min>
        <quantmin>-1</quantmin>
        <quantmax>-1</quantmax>
        <cost>100</cost>
        <flags count_in_cargo="0" count_in_hoarder="0" count_in_map="1" count_in_player="0" crafted="0" deloot="0"/>
        <category name="clothes"/>
        <usage name="Town"/>
        <usage name="Village"/>
        <usage name="Military"/>
        <usage name="Industrial"/>
    </type>
<!--AVONM53-->
    <type name="FOG_AVONM53_Black">
        <nominal>3</nominal>
        <lifetime>900</lifetime>
        <restock>0</restock>
        <min>1</min>
        <quantmin>-1</quantmin>
        <quantmax>-1</quantmax>
        <cost>100</cost>
        <flags count_in_cargo="0" count_in_hoarder="0" count_in_map="1" count_in_player="0" crafted="0" deloot="0"/>
        <category name="clothes"/>
        <usage name="Town"/>
        <usage name="Village"/>
        <usage name="Military"/>
        <usage name="Industrial"/>
    </type>
    <type name="FOG_AVONM53_Red">
        <nominal>3</nominal>
        <lifetime>900</lifetime>
        <restock>0</restock>
        <min>1</min>
        <quantmin>-1</quantmin>
        <quantmax>-1</quantmax>
        <cost>100</cost>
        <flags count_in_cargo="0" count_in_hoarder="0" count_in_map="1" count_in_player="0" crafted="0" deloot="0"/>
        <category name="clothes"/>
        <usage name="Town"/>
        <usage name="Village"/>
        <usage name="Military"/>
        <usage name="Industrial"/>
    </type>
    <type name="FOG_AVONM53_Clear">
        <nominal>3</nominal>
        <lifetime>900</lifetime>
        <restock>0</restock>
        <min>1</min>
        <quantmin>-1</quantmin>
        <quantmax>-1</quantmax>
        <cost>100</cost>
        <flags count_in_cargo="0" count_in_hoarder="0" count_in_map="1" count_in_player="0" crafted="0" deloot="0"/>
        <category name="clothes"/>
        <usage name="Town"/>
        <usage name="Village"/>
        <usage name="Military"/>
        <usage name="Industrial"/>
    </type>
<!--OpsCore-->
    <type name="FOG_OpsCore_SOTR">
        <nominal>3</nominal>
        <lifetime>900</lifetime>
        <restock>0</restock>
        <min>1</min>
        <quantmin>-1</quantmin>
        <quantmax>-1</quantmax>
        <cost>100</cost>
        <flags count_in_cargo="0" count_in_hoarder="0" count_in_map="1" count_in_player="0" crafted="0" deloot="0"/>
        <category name="clothes"/>
        <usage name="Town"/>
        <usage name="Village"/>
        <usage name="Military"/>
        <usage name="Industrial"/>
    </type>
<!--Ghost Headset-->
    <type name="FOG_Ghost_Headset_Tan">
        <nominal>3</nominal>
        <lifetime>900</lifetime>
        <restock>0</restock>
        <min>1</min>
        <quantmin>-1</quantmin>
        <quantmax>-1</quantmax>
        <cost>100</cost>
        <flags count_in_cargo="0" count_in_hoarder="0" count_in_map="1" count_in_player="0" crafted="0" deloot="0"/>
        <category name="clothes"/>
        <usage name="Town"/>
        <usage name="Village"/>
        <usage name="Military"/>
        <usage name="Industrial"/>
    </type>
<!--Ghost Maak-->
    <type name="FOG_Ghost_Mask_New">
        <nominal>3</nominal>
        <lifetime>900</lifetime>
        <restock>0</restock>
        <min>1</min>
        <quantmin>-1</quantmin>
        <quantmax>-1</quantmax>
        <cost>100</cost>
        <flags count_in_cargo="0" count_in_hoarder="0" count_in_map="1" count_in_player="0" crafted="0" deloot="0"/>
        <category name="clothes"/>
        <usage name="Town"/>
        <usage name="Village"/>
        <usage name="Military"/>
        <usage name="Industrial"/>
    </type>
    <type name="FOG_Ghost_Mask_Black">
        <nominal>3</nominal>
        <lifetime>900</lifetime>
        <restock>0</restock>
        <min>1</min>
        <quantmin>-1</quantmin>
        <quantmax>-1</quantmax>
        <cost>100</cost>
        <flags count_in_cargo="0" count_in_hoarder="0" count_in_map="1" count_in_player="0" crafted="0" deloot="0"/>
        <category name="clothes"/>
        <usage name="Town"/>
        <usage name="Village"/>
        <usage name="Military"/>
        <usage name="Industrial"/>
    </type>
    <type name="FOG_Ghost_Mask_Black_White">
        <nominal>3</nominal>
        <lifetime>900</lifetime>
        <restock>0</restock>
        <min>1</min>
        <quantmin>-1</quantmin>
        <quantmax>-1</quantmax>
        <cost>100</cost>
        <flags count_in_cargo="0" count_in_hoarder="0" count_in_map="1" count_in_player="0" crafted="0" deloot="0"/>
        <category name="clothes"/>
        <usage name="Town"/>
        <usage name="Village"/>
        <usage name="Military"/>
        <usage name="Industrial"/>
    </type>
    <type name="FOG_Ghost_Mask_Black_Gold">
        <nominal>1</nominal>
        <lifetime>900</lifetime>
        <restock>0</restock>
        <min>1</min>
        <quantmin>-1</quantmin>
        <quantmax>-1</quantmax>
        <cost>100</cost>
        <flags count_in_cargo="0" count_in_hoarder="0" count_in_map="1" count_in_player="0" crafted="0" deloot="0"/>
        <category name="clothes"/>
        <usage name="Town"/>
        <usage name="Village"/>
        <usage name="Military"/>
        <usage name="Industrial"/>
    </type>
    <type name="FOG_Ghost_Mask_RG">
        <nominal>3</nominal>
        <lifetime>900</lifetime>
        <restock>0</restock>
        <min>1</min>
        <quantmin>-1</quantmin>
        <quantmax>-1</quantmax>
        <cost>100</cost>
        <flags count_in_cargo="0" count_in_hoarder="0" count_in_map="1" count_in_player="0" crafted="0" deloot="0"/>
        <category name="clothes"/>
        <usage name="Town"/>
        <usage name="Village"/>
        <usage name="Military"/>
        <usage name="Industrial"/>
    </type>
    <type name="FOG_Ghost_Mask_Tan">
        <nominal>3</nominal>
        <lifetime>900</lifetime>
        <restock>0</restock>
        <min>1</min>
        <quantmin>-1</quantmin>
        <quantmax>-1</quantmax>
        <cost>100</cost>
        <flags count_in_cargo="0" count_in_hoarder="0" count_in_map="1" count_in_player="0" crafted="0" deloot="0"/>
        <category name="clothes"/>
        <usage name="Town"/>
        <usage name="Village"/>
        <usage name="Military"/>
        <usage name="Industrial"/>
    </type>
    <type name="FOG_Ghost_Mask_Red">
        <nominal>3</nominal>
        <lifetime>900</lifetime>
        <restock>0</restock>
        <min>1</min>
        <quantmin>-1</quantmin>
        <quantmax>-1</quantmax>
        <cost>100</cost>
        <flags count_in_cargo="0" count_in_hoarder="0" count_in_map="1" count_in_player="0" crafted="0" deloot="0"/>
        <category name="clothes"/>
        <usage name="Town"/>
        <usage name="Village"/>
        <usage name="Military"/>
        <usage name="Industrial"/>
    </type>
    <type name="FOG_Ghost_Mask_Red_Gold">
        <nominal>1</nominal>
        <lifetime>900</lifetime>
        <restock>0</restock>
        <min>1</min>
        <quantmin>-1</quantmin>
        <quantmax>-1</quantmax>
        <cost>100</cost>
        <flags count_in_cargo="0" count_in_hoarder="0" count_in_map="1" count_in_player="0" crafted="0" deloot="0"/>
        <category name="clothes"/>
        <usage name="Town"/>
        <usage name="Village"/>
        <usage name="Military"/>
        <usage name="Industrial"/>
    </type>
<!--Knight-->
    <type name="FOG_Knight_Mask">
        <nominal>3</nominal>
        <lifetime>900</lifetime>
        <restock>0</restock>
        <min>1</min>
        <quantmin>-1</quantmin>
        <quantmax>-1</quantmax>
        <cost>100</cost>
        <flags count_in_cargo="0" count_in_hoarder="0" count_in_map="1" count_in_player="0" crafted="0" deloot="0"/>
        <category name="clothes"/>
        <usage name="Town"/>
        <usage name="Village"/>
        <usage name="Military"/>
        <usage name="Industrial"/>
    </type>
    <type name="FOG_Knight_Mask_Black">
        <nominal>3</nominal>
        <lifetime>900</lifetime>
        <restock>0</restock>
        <min>1</min>
        <quantmin>-1</quantmin>
        <quantmax>-1</quantmax>
        <cost>100</cost>
        <flags count_in_cargo="0" count_in_hoarder="0" count_in_map="1" count_in_player="0" crafted="0" deloot="0"/>
        <category name="clothes"/>
        <usage name="Town"/>
        <usage name="Village"/>
        <usage name="Military"/>
        <usage name="Industrial"/>
    </type>
    <type name="FOG_M50_Gasmask_Black">
        <nominal>3</nominal>
        <lifetime>900</lifetime>
        <restock>0</restock>
        <min>1</min>
        <quantmin>-1</quantmin>
        <quantmax>-1</quantmax>
        <cost>100</cost>
        <flags count_in_cargo="0" count_in_hoarder="0" count_in_map="1" count_in_player="0" crafted="0" deloot="0"/>
        <category name="clothes"/>
        <usage name="Town"/>
        <usage name="Village"/>
        <usage name="Military"/>
        <usage name="Industrial"/>
    </type>
 <!--Half Mask-->

    <type name="FOG_HalfMask_Grey">
        <nominal>2</nominal>
        <lifetime>900</lifetime>
        <restock>0</restock>
        <min>1</min>
        <quantmin>-1</quantmin>
        <quantmax>-1</quantmax>
        <cost>100</cost>
        <flags count_in_cargo="0" count_in_hoarder="0" count_in_map="1" count_in_player="0" crafted="0" deloot="0"/>
        <category name="clothes"/>
        <usage name="Town"/>
        <usage name="Village"/>
        <usage name="Military"/>
        <usage name="Industrial"/>
    </type>

    <type name="FOG_HalfMask_Black">
        <nominal>2</nominal>
        <lifetime>900</lifetime>
        <restock>0</restock>
        <min>1</min>
        <quantmin>-1</quantmin>
        <quantmax>-1</quantmax>
        <cost>100</cost>
        <flags count_in_cargo="0" count_in_hoarder="0" count_in_map="1" count_in_player="0" crafted="0" deloot="0"/>
        <category name="clothes"/>
        <usage name="Town"/>
        <usage name="Village"/>
        <usage name="Military"/>
        <usage name="Industrial"/>
    </type>

    <type name="FOG_HalfMask_White">
        <nominal>2</nominal>
        <lifetime>900</lifetime>
        <restock>0</restock>
        <min>1</min>
        <quantmin>-1</quantmin>
        <quantmax>-1</quantmax>
        <cost>100</cost>
        <flags count_in_cargo="0" count_in_hoarder="0" count_in_map="1" count_in_player="0" crafted="0" deloot="0"/>
        <category name="clothes"/>
        <usage name="Town"/>
        <usage name="Village"/>
        <usage name="Military"/>
        <usage name="Industrial"/>
    </type>

    <type name="FOG_HalfMask_RG">
        <nominal>2</nominal>
        <lifetime>900</lifetime>
        <restock>0</restock>
        <min>1</min>
        <quantmin>-1</quantmin>
        <quantmax>-1</quantmax>
        <cost>100</cost>
        <flags count_in_cargo="0" count_in_hoarder="0" count_in_map="1" count_in_player="0" crafted="0" deloot="0"/>
        <category name="clothes"/>
        <usage name="Town"/>
        <usage name="Village"/>
        <usage name="Military"/>
        <usage name="Industrial"/>
    </type>

    <type name="FOG_HalfMask_CB">
        <nominal>2</nominal>
        <lifetime>900</lifetime>
        <restock>0</restock>
        <min>1</min>
        <quantmin>-1</quantmin>
        <quantmax>-1</quantmax>
        <cost>100</cost>
        <flags count_in_cargo="0" count_in_hoarder="0" count_in_map="1" count_in_player="0" crafted="0" deloot="0"/>
        <category name="clothes"/>
        <usage name="Town"/>
        <usage name="Village"/>
        <usage name="Military"/>
        <usage name="Industrial"/>
    </type>
</types>