<?xml version="1.0" encoding="UTF-8" standalone="yes"?>
<types>
    <type name="ATV_RUS">
		<lifetime>3888000</lifetime>
		<flags count_in_cargo="0" count_in_hoarder="0" count_in_map="1" count_in_player="0" crafted="1" deloot="0" />
	</type>
	<type name="ATV_RUS_camo">
		<lifetime>3888000</lifetime>
		<flags count_in_cargo="0" count_in_hoarder="0" count_in_map="1" count_in_player="0" crafted="1" deloot="0" />
	</type>
	<type name="ATV_RUS_blue">
		<lifetime>3888000</lifetime>
		<flags count_in_cargo="0" count_in_hoarder="0" count_in_map="1" count_in_player="0" crafted="1" deloot="0" />
	</type>
	<type name="ATV_RUS_red">
		<lifetime>3888000</lifetime>
		<flags count_in_cargo="0" count_in_hoarder="0" count_in_map="1" count_in_player="0" crafted="1" deloot="0" />
	</type>
	<type name="ATV_RUS_Gray">
		<lifetime>3888000</lifetime>
		<flags count_in_cargo="0" count_in_hoarder="0" count_in_map="1" count_in_player="0" crafted="1" deloot="0" />
	</type>
	<type name="ATV_RUS_wheel">
		<nominal>0</nominal>
		<lifetime>10800</lifetime>
		<restock>300</restock>
		<min>0</min>
		<quantmin>-1</quantmin>
		<quantmax>-1</quantmax>
		<cost>100</cost>
		<flags count_in_cargo="0" count_in_hoarder="0" count_in_map="1" count_in_player="0" crafted="0" deloot="0" />
		<category name="vehiclesparts" />
		<usage name="Industrial" />
	</type>
	<type name="ATV_RUS_wheel_destroyed">
		<nominal>0</nominal>
		<lifetime>3600</lifetime>
		<restock>300</restock>
		<min>0</min>
		<quantmin>-1</quantmin>
		<quantmax>-1</quantmax>
		<cost>100</cost>
		<flags count_in_cargo="0" count_in_hoarder="0" count_in_map="1" count_in_player="0" crafted="0" deloot="0" />
		<category name="vehiclesparts" />
		<usage name="Industrial" />
	</type>
	<type name="ATV_RUS_doors_trunk">
		<nominal>0</nominal>
		<lifetime>10800</lifetime>
		<restock>300</restock>
		<min>0</min>
		<quantmin>-1</quantmin>
		<quantmax>-1</quantmax>
		<cost>100</cost>
		<flags count_in_cargo="0" count_in_hoarder="0" count_in_map="1" count_in_player="0" crafted="0" deloot="0" />
		<category name="vehiclesparts" />
		<usage name="Industrial" />
	</type>
</types>    