{
    "Areas": [
        { 	"AreaName": "Area01", 
			"Type": "ContaminatedArea_Static", 
			"TriggerType": "ContaminatedTrigger",
			"Data": { 
				"Pos": [ 13826, 0, 3748 ],
				"Radius": 215,
				"PosHeight": 21,
				"NegHeight": 10,
				"InnerRingCount": 2,
				"InnerPartDist": 50,
				"OuterRingToggle": 1, 
				"OuterPartDist": 50, 
				"OuterOffset": 0, 
				"VerticalLayers": 0,
				"VerticalOffset": 0,
				"ParticleName": "graphics/particles/contaminated_area_gas_bigass"
				},
			"PlayerData": {
				"AroundPartName": "graphics/particles/contaminated_area_gas_around",
				"TinyPartName": "graphics/particles/contaminated_area_gas_around_tiny",
				"PPERequesterType": "PPERequester_ContaminatedAreaTint"
			}
		},
        { 	"AreaName": "Area02", 
			"Type": "ContaminatedArea_Static", 
			"TriggerType": "ContaminatedTrigger",
			"Data": { 
				"Pos": [ 11472, 0, 15041 ],
				"Radius": 40,
				"PosHeight": 20,
				"NegHeight": 10,
				"InnerRingCount": 2,
				"InnerPartDist": 50,
				"OuterRingToggle": 1, 
				"OuterPartDist": 40, 
				"OuterOffset": 0, 
				"VerticalLayers": 0,
				"VerticalOffset": 0,
				"ParticleName": "graphics/particles/contaminated_area_gas_bigass"
				},
			"PlayerData": {
				"AroundPartName": "graphics/particles/contaminated_area_gas_around",
				"TinyPartName": "graphics/particles/contaminated_area_gas_around_tiny",
				"PPERequesterType": "PPERequester_ContaminatedAreaTint"
				}
		},
        { 	"AreaName": "Area 03", 
			"Type": "ContaminatedArea_Static", 
			"TriggerType": "ContaminatedTrigger",
			"Data": { 
				"Pos": [ 467.686, 0, 15174 ],
				"Radius": 40,
				"PosHeight": 20,
				"NegHeight": 10,
				"InnerRingCount": 2,
				"InnerPartDist": 50,
				"OuterRingToggle": 1, 
				"OuterPartDist": 40, 
				"OuterOffset": 0, 
				"VerticalLayers": 0,
				"VerticalOffset": 0,
				"ParticleName": "graphics/particles/contaminated_area_gas_bigass"
				},
			"PlayerData": {
				"AroundPartName": "graphics/particles/contaminated_area_gas_around",
				"TinyPartName": "graphics/particles/contaminated_area_gas_around_tiny",
				"PPERequesterType": "PPERequester_ContaminatedAreaTint"
			}
		}
    ],

	"SafePositions":[
		[12878, 10813],
		[12330, 6723],
		[11282, 4497],
		[8840, 3558],
		[6415, 5825],
		[9378, 12215],
		[3170, 5739],
		[4606, 4565],
		[4049, 3469],
		[6505, 2145],
		[1855, 10586],
		[1533, 11423],
		[2452, 11682],
		[2133, 12350],
		[1248, 13179],
		[6236, 13731],
		[13147, 12230]
	]
}