﻿<?xml version="1.0" encoding="UTF-8" standalone="yes" ?>
<eventposdef>
  <event name="StaticHeliCrash">
		<zone smin="1" smax="3" dmin="1" dmax="5" r="45" />
   		<pos x="4971.89"  z="9055.77" a="0"/>
		<pos x="5552.11"  z="8384.04" a="0"/>
		<pos x="3592.53"  z="8067.36" a="0"/>
		<pos x="2942.2"   z="6980.76" a="0"/>
		<pos x="2241.46"  z="7270.61" a="0"/>
		<pos x="752.809"  z="7644.79" a="0"/>
		<pos x="856.129"  z="8637.87" a="0"/>
		<pos x="1609.46"  z="9509.51" a="0"/>
		<pos x="771.822"  z="9477.2" a="0"/>
		<pos x="2685.63"  z="9792.88" a="0"/>
		<pos x="2118.49"  z="10374.6" a="0"/>
		<pos x="738.243"  z="10577.1" a="0"/>
		<pos x="1749.45"  z="11539.1" a="0"/>
		<pos x="2620.07"  z="12661.5" a="0"/>
		<pos x="1780.18"  z="13385.3" a="0"/>
		<pos x="1399.15"  z="13190.9" a="0"/>
		<pos x="639.811"  z="13199.9" a="0"/>
		<pos x="1220.09"  z="13864.7" a="0"/>
		<pos x="1591.59"  z="14422.8" a="0"/>
		<pos x="1630.25"  z="14859.5" a="0"/>
		<pos x="3192.49"  z="13839.3" a="0"/>
		<pos x="3350.17"  z="13335.7" a="0"/>
		<pos x="3649.37"  z="12706.1" a="0"/>
		<pos x="3185.56"  z="12353.3" a="0"/>
		<pos x="3409.78"  z="11962.1" a="0"/>
		<pos x="3912.25"  z="11473.9" a="0"/>
		<pos x="4145.87"  z="11160.2" a="0"/>
		<pos x="4456.23"  z="10932.8" a="0"/>
		<pos x="4883.98"  z="10267.7" a="0"/>
		<pos x="4553.54"  z="11881.5" a="0"/>
		<pos x="5503.23"  z="11979" a="0"/>
		<pos x="4401.34"  z="14164.7" a="0"/>
		<pos x="4299.53"  z="14693" a="0"/>
		<pos x="5169.12"  z="13897.6" a="0"/>
		<pos x="6441.21"  z="14275.3" a="0"/>
		<pos x="7111.28"  z="13596.4" a="0"/>
		<pos x="7153.28"  z="13341.4" a="0"/>
		<pos x="7883.17"  z="13112.8" a="0"/>
		<pos x="9831.2"   z="14753.3" a="0"/>
		<pos x="10426.1"  z="14673.4" a="0"/>
		<pos x="11377.4"  z="14441.5" a="0"/>
		<pos x="11341.8"  z="13875.4" a="0"/>
		<pos x="13153.4"  z="12535.4" a="0"/>
		<pos x="12607.2"  z="11707.7" a="0"/>
		<pos x="11769.2"  z="11043.2" a="0"/>
		<pos x="11258"    z="10775" a="0"/>
		<pos x="9991.12"  z="10768" a="0"/>
		<pos x="9169.55"  z="10613.4" a="0"/>
		<pos x="6668.54"  z="11330.7" a="0"/>
		<pos x="3328.33"  z="8911.43" a="0"/>
		<pos x="2149.26"  z="8324.91" a="0"/>
		<pos x="2051.97"  z="6772.31" a="0"/>
		<pos x="4867.39"  z="5076.88" a="0"/>
	</event>
		<event name="StaticYRTSK_UFO_Crash">
		<zone smin="1" smax="3" dmin="1" dmax="5" r="45" />
		<pos x="4873.27"  z="6255.44" a="0"/>
		<pos x="4178.05"  z="6828.18" a="0"/>
		<pos x="3437.84"  z="7127.84" a="0"/>
		<pos x="3548.66"  z="6697.26" a="0"/>
		<pos x="2168.87"  z="7160.96" a="0"/>
		<pos x="829.542"  z="7652.4" a="0"/>
		<pos x="2693.38"  z="7900.85" a="0"/>
		<pos x="3355.03"  z="9036.63" a="0"/>
		<pos x="2384.21"  z="9682.01" a="0"/>
		<pos x="1681.98"  z="9435.9" a="0"/>
		<pos x="1216.18"  z="9192.78" a="0"/>
		<pos x="791.526"  z="8336.87" a="0"/>
		<pos x="1962.59"  z="10178.1" a="0"/>
		<pos x="1768.24"  z="10855" a="0"/>
		<pos x="1035.21"  z="11471.5" a="0"/>
		<pos x="713.487"  z="11429.9" a="0"/>
		<pos x="631.125"  z="12212.2" a="0"/>
		<pos x="1364.52"  z="12196.2" a="0"/>
		<pos x="2434.52"  z="12340.7" a="0"/>
		<pos x="2883.46"  z="12209.6" a="0"/>
		<pos x="3013.42"  z="12876.3" a="0"/>
		<pos x="1829.62"  z="13964.3" a="0"/>
		<pos x="2891.12"  z="14582.2" a="0"/>
		<pos x="3166.47"  z="13875.2" a="0"/>
		<pos x="4179.64"  z="14263.3" a="0"/>
		<pos x="5166.77"  z="13908.3" a="0"/>
		<pos x="7179.02"  z="12287.9" a="0"/>
		<pos x="7714.93"  z="13244.2" a="0"/>
		<pos x="8087.29"  z="14122.2" a="0"/>
		<pos x="10175.6"  z="12221" a="0"/>
		<pos x="11338.4"  z="13883.1" a="0"/>
		<pos x="9534.31"  z="14415.5" a="0"/>
		<pos x="10977.9"  z="10622.3" a="0"/>
		<pos x="14913.2"  z="9365.73" a="0"/>
		<pos x="13499.7"  z="4723.62" a="0"/>
		<pos x="10424.9"  z="3857.01" a="0"/>
		<pos x="5941.79"  z="1571.52" a="0"/>
		<pos x="2873.03"  z="4448.56" a="0"/>
		<pos x="1177.39"  z="5879.39" a="0"/>
  </event>
      <event name="StaticSantaCrash">
		<zone smin="1" smax="1" dmin="1" dmax="1" r="45" />
		<pos x="4667.17" z="4218.25" a="1.8"/>
		<pos x="5686.05" z="5086.91" a="1.8"/>
		<pos x="3505.63" z="6017.52" a="1.8"/>
		<pos x="2079.19" z="5794.37" a="1.8"/>
		<pos x="1914.15" z="7285.26" a="1.8"/>
		<pos x="2762.57" z="7865.39" a="1.8"/>
		<pos x="2153.56" z="8668.95" a="1.8"/>
		<pos x="1292.69" z="9040.99" a="1.8"/>
		<pos x="495.094" z="9071.22" a="1.8"/>
		<pos x="2250.37" z="9691.8" a="1.8"/>
		<pos x="2049.32" z="10394" a="1.8"/>
		<pos x="611.798" z="11427.6" a="1.8"/>
		<pos x="1373.95" z="12527.9" a="1.8"/>
		<pos x="1524.88" z="13168.3" a="1.8"/>
		<pos x="1427.26" z="13437.3" a="1.8"/>
		<pos x="1865.55" z="13148.9" a="1.8"/>
		<pos x="772.998" z="13580.2" a="1.8"/>
		<pos x="447.755" z="12834.4" a="1.8"/>
		<pos x="3463.34" z="13013.4" a="1.8"/>
		<pos x="3265.95" z="13887.6" a="1.8"/>
		<pos x="3650.67" z="12003.3" a="1.8"/>
		<pos x="4078.48" z="12309" a="1.8"/>
		<pos x="4626.24" z="12032.5" a="1.8"/>
		<pos x="4651.21" z="14566.3" a="1.8"/>
		<pos x="5555.92" z="14308.1" a="1.8"/>
		<pos x="6218.58" z="15057.4" a="1.8"/>
		<pos x="6960.87" z="13721.2" a="1.8"/>
		<pos x="7224.65" z="13491.4" a="1.8"/>
		<pos x="7508.23" z="13988" a="1.8"/>
		<pos x="7648.89" z="14651.1" a="1.8"/>
		<pos x="8518.68" z="12650.5" a="1.8"/>
		<pos x="7193.67" z="12050.2" a="1.8"/>
		<pos x="8456.86" z="10676.9" a="1.8"/>
		<pos x="9649.27" z="10381.8" a="1.8"/>
		<pos x="9790.83" z="9334.44" a="1.8"/>
		<pos x="11056.3" z="8761.94" a="1.8"/>
		<pos x="12051.8" z="9283.26" a="1.8"/>
		<pos x="11741.7" z="6331.83" a="1.8"/>
		<pos x="14419.2" z="6495.33" a="1.8"/>
		<pos x="13819.4" z="8237.37" a="1.8"/>
		<pos x="12144.6" z="10922.7" a="1.8"/>
		<pos x="13505.8" z="11259.5" a="1.8"/>
		<pos x="13566.6" z="11971.7" a="1.8"/>
		<pos x="8538.62" z="2705.37" a="1.8"/>
		<pos x="8899.96" z="1594.9" a="1.8"/>
		<pos x="8999.94" z="1833.79" a="1.8"/>
		<pos x="9396.33" z="1462.73" a="1.8"/>
		<pos x="9581.18" z="1533.54" a="1.8"/>
		<pos x="8486.71" z="1635.25" a="1.8"/>
		<pos x="5001.03" z="1736.64" a="1.8"/>
		<pos x="3565.35" z="2060.59" a="1.8"/>
		<pos x="2257.8"  z="2301.02" a="1.8"/>
		<pos x="1986.87" z="2801.39" a="1.8"/>
		<pos x="1784.95" z="1922.95" a="1.8"/>
		<pos x="1597.32" z="2021.35" a="1.8"/>
		<pos x="1815.52" z="2655.26" a="1.8"/>
		<pos x="1784.35" z="2555.15" a="1.8"/>
		<pos x="2445.04" z="4893.14" a="1.8"/>
		<pos x="1288.82" z="5545.9" a="1.8"/>
		<pos x="1200.82" z="6392.19" a="1.8"/>
		<pos x="582.889" z="6930.12" a="1.8"/>
		<pos x="680.025" z="7710.97" a="1.8"/>
		<pos x="283.098" z="7820.31" a="1.8"/>
		<pos x="439.266" z="8095.18" a="1.8"/>
		<pos x="640.044" z="8239.74" a="1.8"/>
		<pos x="615.758" z="8596.73" a="1.8"/>
		<pos x="795.398" z="8659.69" a="1.8"/>
		<pos x="1371.38" z="9804.78" a="1.8"/>
		<pos x="1605.75" z="9743.28" a="1.8"/>
		<pos x="414.93"  z="10422.3" a="1.8"/>
		<pos x="240.403" z="10913.6" a="1.8"/>
		<pos x="530.602" z="11120.6" a="1.8"/>
		<pos x="1428.55" z="11099.2" a="1.8"/>
		<pos x="748.612" z="11875.7" a="1.8"/>
		<pos x="450.649" z="12156.5" a="1.8"/>
		<pos x="915.634" z="12458" a="1.8"/>
		<pos x="424.025" z="12600.6" a="1.8"/>
	</event>
  <event name="StaticPoliceCar">
		<zone smin="1" smax="3" dmin="1" dmax="2" r="45" />
		<pos x="5908.5" y="203.414" z="586.277" a="167.445"/>
		<pos x="8043.98" y="205.972" z="2288.72" a="-130.134"/>
		<pos x="10615.2" y="234.718" z="3832.31" a="-82.6587"/>
		<pos x="11887.8" y="256.204" z="5551.96" a="167.445"/>
		<pos x="12259.4" y="293.795" z="7969.37" a="167.445"/>
		<pos x="13109.3" y="362.198" z="12073.6" a="-28.5189"/>
		<pos x="9754.67" y="371.167" z="12823.7" a="64.5668"/>
		<pos x="8134.87" y="363.028" z="12716.2" a="147.192"/>
		<pos x="6017.07" y="274.817" z="14283.3" a="118.802"/>
		<pos x="2938.28" y="374.77" z="14556.1" a="148.222"/>
		<pos x="514.924" y="257.252" z="12568" a="21.1653"/>
		<pos x="1897.68" y="225.748" z="8834.62" a="176.566"/>
		<pos x="985.487" y="268.258" z="6546.25" a="-38.4171"/>
		<pos x="788.046" y="257.773" z="3413.49" a="167.445"/>
		<pos x="2392.69" y="210.146" z="1610.16" a="167.445"/>
		<pos x="1314.17" y="226.244" z="456.661" a="167.445"/>
		<pos x="4144.35" y="189.781" z="117.626" a="-140.749"/>
		<pos x="3873.91" y="206.733" z="964.316" a="-128.353"/>
		<pos x="5126.61" y="202.938" z="4812.86" a="167.445"/>
		<pos x="5175.31" y="201.745" z="4626.81" a="167.445"/>
		<pos x="4792.55" y="217.656" z="7839.02" a="-169.789"/>
		<pos x="5018.47" y="225.668" z="10217.4" a="-21.4135"/>
		<pos x="4407.08" y="241.584" z="11946.9" a="167.445"/>
		<pos x="6748.28" y="245.708" z="5469.34" a="-34.987"/>
  </event>
  <event name="StaticAmbulanceCar">
		<zone smin="1" smax="1" dmin="1" dmax="2" r="45" />
		<pos x="1828.34" z="8558.18" a="-166.791"/>
		<pos x="472.277" z="11840.8" a="-46.4476"/>
		<pos x="4392.08" z="12037.6" a="168.827"/>
		<pos x="8993.68" z="10852.7" a="53.7437"/>
		<pos x="12457.2" z="9210.9" a="-26.9949"/>
		<pos x="10342.2" z="3754.71" a="-114.763"/>
		<pos x="5383.42" z="614.07" a="-111.138"/>
		<pos x="2613.24" z="6518.42" a="-46.4476"/>
		<pos x="4910.09" z="5783.42" a="169.255"/>
		<pos x="6712.02" z="6711.3" a="86.7513"/>
		<pos x="2642.35" z="5842" a="-39.6351"/>
		<pos x="1022.45" z="2842.52" a="-46.4476"/>
		<pos x="4428.55" z="2780.91" a="-131.049"/>
  </event>
	<event name="StaticChristmasTree">
		<pos x="5960.23" z="1560.87" a="0"/>
		<pos x="5442.53" z="2654.16" a="0"/>
		<pos x="4733.85" z="543.152" a="0"/>
		<pos x="504.386" z="2910.34" a="0"/>
		<pos x="1176.55" z="4140.21" a="0"/>
		<pos x="2882.21" z="6153.41" a="0"/>
		<pos x="4712.44" z="6764.4" a="0"/>
		<pos x="6179.44" z="5612.25" a="0"/>
		<pos x="9168.06" z="6464.32" a="0"/>
		<pos x="11629.6" z="4117.37" a="0"/>
		<pos x="12111.4" z="6513.44" a="0"/>
		<pos x="12835.1" z="11005.7" a="0"/>
		<pos x="13102.4" z="12535.8" a="0"/>
		<pos x="12999.8" z="599.1" a="0"/>
		<pos x="4371.25" z="11365.6" a="0"/>
		<pos x="4188.37" z="13653.3" a="0"/>
		<pos x="6324.59" z="13896.1" a="0"/>
		<pos x="7182.44" z="12097.8" a="0"/>
		<pos x="8949.39" z="12372.4" a="0"/>
		<pos x="766.349" z="13047.8" a="0"/>
		<pos x="1555.74" z="10408" a="0"/>
		<pos x="1777.95" z="7763.32" a="0"/>
		<pos x="9947.48" z="1631.78" a="0"/>
	</event>
  <event name="ItemPlanks">
		<pos x="6945.43"  z="1686.68" a="0"/>
		<pos x="6962.64"  z="1750.36" a="0"/>
		<pos x="6900.42"  z="1685.63" a="0"/>
		<pos x="6866.98"  z="1690.56" a="0"/>
		<pos x="6885.77"  z="1694.7" a="0"/>
		<pos x="6868.97"  z="1661.55" a="0"/>
		<pos x="6894.78"  z="1662.03" a="0"/>
		<pos x="6900.37"  z="1667.83" a="0"/>
		<pos x="6882.02"  z="1666.11" a="0"/>
		<pos x="6872.74"  z="1637.35" a="0"/>
		<pos x="6884.48"  z="1643.5" a="0"/>
		<pos x="6900.3"   z="1646.67" a="0"/>
		<pos x="6899.52"  z="1640.69" a="0"/>
		<pos x="14517.2"  z="10356.1" a="0"/>
		<pos x="14511.9"  z="10418.2" a="0"/>
		<pos x="14423.5"  z="12644" a="0"/>
		<pos x="14428.5"  z="12657.8" a="27.6013"/>
		<pos x="14434.8"  z="12672.4" a="27.6013"/>
		<pos x="14522.2"  z="12658.1" a="27.6013"/>
		<pos x="14527.4"  z="12669.3" a="27.6013"/>
		<pos x="14549.2"  z="12707.1" a="27.6013"/>
		<pos x="14404"    z="12649.1" a="27.6013"/>
		<pos x="14559.2"  z="12700.5" a="27.6013"/>
		<pos x="14490.5"  z="12728.7" a="27.6013"/>
		<pos x="11880.4"  z="6189.82" a="27.6013"/>
		<pos x="11876.4"  z="10525" a="27.6013"/>
		<pos x="9971.56"  z="13038.9" a="173.127"/>
		<pos x="6475.13"  z="15120.5" a="83.6403"/>
		<pos x="6472.81"  z="15120.6" a="83.6403"/>
		<pos x="6210.72"  z="15056.9" a="31.6775"/>
		<pos x="6210.8"   z="15053.2" a="31.6775"/>
		<pos x="6210.82"  z="15049.3" a="31.6775"/>
		<pos x="6211.02"  z="15045.3" a="31.6775"/>
		<pos x="6490.23"  z="15089" a="-9.59764"/>
		<pos x="6465.24"  z="15086.8" a="-99.0032"/>
		<pos x="6328.5"   z="15036" a="173.432"/>
		<pos x="800.017"  z="13389.6" a="83.6942"/>
		<pos x="797.748"  z="13389.4" a="83.6942"/>
		<pos x="3197.73"  z="6003.1" a="83.6942"/>
		<pos x="3205.15"  z="6006.51" a="83.6942"/>
		<pos x="3159.19"  z="5964.61" a="83.6942"/>
		<pos x="3190.19"  z="5925.46" a="83.6942"/>
		<pos x="3044.49"  z="5890.16" a="-21.8739"/>
		<pos x="3032.29"  z="5906.86" a="83.6942"/>
		<pos x="9932.87"  z="8722.8" a="174.062"/>
		<pos x="9927.76"  z="8722.28" a="174.062"/>
		<pos x="13564.3"  z="8211.02" a="107.669"/>
		<pos x="4268.73"  z="3714.7" a="-131.523"/>
		<pos x="5774.06"  z="9222.97" a="75.1782"/>
		<pos x="5777.54"  z="9224.38" a="75.1782"/>
		<pos x="4392.76"  z="10756.4" a="-92.373"/>
		<pos x="3868.08"  z="13777.2" a="75.1782"/>
		<pos x="3858.15"  z="13781.4" a="110.469"/>
		<pos x="3886.6"   z="13768.9" a="110.469"/>
		<pos x="7221.4"   z="13754.8" a="-139.001"/>
		<pos x="10287.9"  z="7163.98" a="57.1279"/>
		<pos x="14819.7"  z="12016.4" a="127.571"/>
		<pos x="14750.5"  z="14360.9" a="-111.304"/>
		<pos x="14705.1"  z="6475.81" a="0"/>
		<pos x="7764.35"  z="7196.91" a="-167.925"/>
		<pos x="7760.29"  z="7200.28" a="-167.925"/>
		<pos x="2820.56"  z="15310.1" a="-51.9223"/>
		<pos x="6284.54"  z="14966.5" a="-8.83136"/>
		<pos x="6291"     z="14967.6" a="-8.83136"/>
		<pos x="7434.99"  z="13717.8" a="80.4474"/>
		<pos x="7438.56"  z="13706.9" a="80.4474"/>
		<pos x="7442.37"  z="13692.1" a="80.4474"/>
		<pos x="9974.68"  z="13061.3" a="-1.70046"/>
		<pos x="9843.9"   z="11964.4" a="80.4474"/>
		<pos x="8239.58"  z="12579.3" a="-30.5809"/>
		<pos x="8245.37"  z="12582.3" a="-30.5809"/>
		<pos x="6460.95"  z="10992.8" a="86.8591"/>
		<pos x="6460.69"  z="10998" a="86.8591"/>
		<pos x="6461.24"  z="10987.6" a="86.8591"/>
		<pos x="6526.99"  z="10953.1" a="86.8591"/>
  </event>
      <event name="StaticContaminatedArea">
		<zone smin="0" smax="0" dmin="5" dmax="8" r="75" />
		<pos x="12748.1" y="327.864" z="11016.3" a="0"/>
		<pos x="12080.7" y="262.044" z="6547.5" a="0"/>
		<pos x="11643.6" y="245.778" z="4190.68" a="0"/>
		<pos x="8713.37" y="204.394" z="3167.7" a="0"/>
		<pos x="6205.94" y="219.907" z="5661.55" a="0"/>
		<pos x="8994.89" y="334.005" z="12320.1" a="0"/>
		<pos x="2860.32" y="211.169" z="6202.33" a="0"/>
		<pos x="4978.53" y="202.331" z="4586.23" a="0"/>
		<pos x="4921.78" y="202.332" z="4817.25" a="0"/>
		<pos x="4498.4" y="206.162" z="3504.82" a="0"/>
		<pos x="6181.38" y="214.065" z="2032.76" a="0"/>
		<pos x="1524.92" y="235.472" z="10485.5" a="0"/>
		<pos x="1824.57" y="269.667" z="11454.7" a="0"/>
		<pos x="2041.73" y="271.047" z="11764.2" a="0"/>
		<pos x="2075.79" y="269.975" z="12128" a="0"/>
		<pos x="817.17" y="260.162" z="12985.9" a="0"/>
		<pos x="6422.38" y="285.28" z="13851.6" a="0"/>
		<pos x="13083" y="362.804" z="12448.3" a="0"/>
		<pos x="11448.6" y="422.491" z="12249.6" a="0"/>
		<pos x="11474.8" y="452.44" z="11911.2" a="0"/>
	</event>
    <event name="Loot" />
  <event name="VehicleOffroadHatchback">
		<pos x="6890.17" y="222.401" z="3688.1" a="-75.92"/>
		<pos x="6006.72" y="232.125" z="5638.31" a="-75.92"/>
		<pos x="7643.29" y="239.282" z="7572.48" a="-21.6042"/>
		<pos x="9322.19" y="247.157" z="6676.61" a="-165.535"/>
		<pos x="9115.43" y="205.135" z="3195.57" a="-1.39264"/>
		<pos x="6128.1" y="214.515" z="1902.53" a="9.32416"/>
		<pos x="6747.6" y="246.638" z="959.543" a="9.32416"/>
		<pos x="7431.73" y="307.852" z="43.2795" a="-153.68"/>
		<pos x="9609.56" y="250.901" z="1703.69" a="175.86"/>
		<pos x="3977.15" y="203.041" z="3544.89" a="67.1481"/>
		<pos x="6270.51" y="470.221" z="15011" a="31.4026"/>
		<pos x="10080.8" y="371.401" z="13178.2" a="7.3695"/>
		<pos x="6987.11" y="206.71" z="1563.03" a="-38.4182"/>
		<pos x="9478.16" y="368.038" z="5919.3" a="-126.056"/>
		<pos x="6113.81" y="217.472" z="1656.91" a="-63.6994"/>
		<pos x="6121.05" y="212.008" z="2361.65" a="175.846"/>
		<pos x="1031.57" y="262.017" z="13024.8" a="176.139"/>
		<pos x="4173.62" y="253.47" z="13665.6" a="18.1118"/>
		<pos x="4612.84" y="232.474" z="11080" a="-168.76"/>
		<pos x="6771.35" y="287.682" z="13809.3" a="-150.069"/>
		<pos x="1606.67" y="345.156" z="15069.7" a="-38.4182"/>
		<pos x="447.868" y="324.779" z="14627.8" a="-70.9875"/>
		<pos x="12072.2" y="262.784" z="6617.33" a="-75.92"/>
		<pos x="12578" y="312.25" z="9204.04" a="-75.92"/>
		<pos x="12667.2" y="328.456" z="10914.3" a="-91.5634"/>
		<pos x="13085.1" y="363.219" z="12614.5" a="4.69835"/>
		<pos x="14626.5" y="516.762" z="14472.2" a="-154.236"/>
		<pos x="14873.1" y="487.068" z="11973.2" a="167.331"/>
		<pos x="14570.2" y="540.768" z="9647.89" a="43.8201"/>
		<pos x="15047.8" y="516.105" z="2884.79" a="24.3591"/>
		<pos x="6455.31" y="299.572" z="14178.5" a="94.4395"/>
  </event>
  <event name="VehicleOffroad02">
		<pos x="1262.64" y="245.015" z="7289.13" a="-22.8705"/>
		<pos x="320.107" y="258.869" z="5922.16" a="-22.8705"/>
		<pos x="1909.64" y="271.037" z="11648.1" a="165.502"/>
		<pos x="2404.26" y="272.34" z="12174" a="-22.8705"/>
		<pos x="499.833" y="331.777" z="15173.4" a="-82.9637"/>
		<pos x="4277.44" y="260.657" z="14378.5" a="-22.8705"/>
		<pos x="12276.8" y="618.906" z="15013.5" a="18.1956"/>
		<pos x="11750.7" y="618.906" z="14794.1" a="176.375"/>
		<pos x="11875.7" y="618.906" z="14592.5" a="-60.9522"/>
		<pos x="13310.8" y="349.464" z="11489.3" a="41.1195"/>
		<pos x="13650.7" y="524.192" z="3622.53" a="39.1907"/>
		<pos x="13922.2" y="516.497" z="3830.66" a="176.375"/>
		<pos x="14874.2" y="268.415" z="593.164" a="176.375"/>
		<pos x="8321.63" y="549.596" z="9980.15" a="136.679"/>
		<pos x="8106.96" y="549.596" z="9788.2" a="-21.0204"/>
		<pos x="819.42" y="256.567" z="8929.49" a="15.9836"/>
		<pos x="5748.56" y="254.34" z="6090.08" a="17.5032"/>
		<pos x="9660.7" y="236.337" z="3742.49" a="68.9995"/>
		<pos x="6093.01" y="207.447" z="1228.6" a="107.287"/>
		<pos x="6049.91" y="207.447" z="1240.87" a="-5.68282"/>
		<pos x="1735.19" y="272.744" z="771.844" a="-174.179"/>
		<pos x="4931.44" y="203.701" z="4632.3" a="-52.5608"/>
		<pos x="1811.93" y="271.037" z="12184.3" a="-54.5442"/>
		<pos x="2758.06" y="243.711" z="8804.2" a="-100.952"/>
		<pos x="11303.5" y="368.605" z="7449.83" a="177.151"/>
		<pos x="11917.7" y="353.165" z="8971.22" a="-59.8898"/>
    </event>
	<event name="VehicleHatchback02">
		<pos x="4003.24" y="206.229" z="1115.6" a="-146.389"/>
		<pos x="3650.42" y="216.734" z="421.861" a="25.2743"/>
		<pos x="1115.27" y="227.309" z="760.535" a="-5.66136"/>
		<pos x="2035.43" y="216.49" z="2210.2" a="52.2828"/>
		<pos x="512.414" y="229.069" z="2973.45" a="128.624"/>
		<pos x="1769.65" y="216.87" z="4528.05" a="1.39288"/>
		<pos x="639.039" y="249.103" z="7254.84" a="-28.3555"/>
		<pos x="11617.3" y="295.118" z="6577.85" a="-99.3488"/>
		<pos x="14505.4" y="540.578" z="9673.99" a="94.4395"/>
		<pos x="12020.8" y="362.832" z="10452.4" a="52.6603"/>
		<pos x="14617.6" y="562.528" z="15066" a="94.4395"/>
		<pos x="6035.95" y="362.828" z="11434.9" a="94.4395"/>
		<pos x="1001.5" y="257.55" z="7750.33" a="-102.922"/>
		<pos x="2814.17" y="203.829" z="581.834" a="-88.8094"/>
		<pos x="6258.08" y="221.896" z="2178.21" a="138.433"/>
		<pos x="6194.53" y="221.264" z="5700.19" a="94.4395"/>
		<pos x="12030.6" y="262.108" z="6400.06" a="9.32416"/>
		<pos x="6528.31" y="206.629" z="1638.54" a="-32.2717"/>
		<pos x="6121.02" y="218.325" z="1513.41" a="-138.445"/>
		<pos x="24.8297" y="290.841" z="11609.5" a="-32.2717"/>
		<pos x="5575.38" y="278.323" z="14407" a="-80.3217"/>
		<pos x="6385.6" y="284.381" z="13888.6" a="38.9713"/>
		<pos x="11008.1" y="597.547" z="12710" a="52.0715"/>
		<pos x="14498.3" y="436.87" z="12563.4" a="-171.899"/>
		<pos x="12839.5" y="327.227" z="11011" a="46.0606"/>
		<pos x="12387" y="332.818" z="9609.7" a="-8.0383"/>
		<pos x="14036.7" y="294.242" z="6807.37" a="12.2004"/>
		<pos x="11809.1" y="246.359" z="4553.8" a="-32.2717"/>
		<pos x="11850.2" y="242.402" z="4230.85" a="-106.586"/>
		<pos x="11941.9" y="253.109" z="3263.28" a="137.988"/>
		<pos x="9849.74" y="251.913" z="1532.95" a="-68.9337"/>
		<pos x="5929.99" y="207.353" z="1182.67" a="-75.92"/>
		<pos x="6216.46" y="217.349" z="1760.49" a="-43.2517"/>
		<pos x="5632.46" y="198.028" z="2323.71" a="-175.134"/>
		<pos x="5553.66" y="199.279" z="2924.95" a="-133.58"/>
		<pos x="1637.71" y="220.032" z="7907.83" a="-127.982"/>
		<pos x="1517.33" y="234.728" z="10317.4" a="139.872"/>
		<pos x="407.238" y="261.517" z="11521.4" a="-17.417"/>
		<pos x="765.743" y="262.098" z="13045.3" a="139.371"/>
		<pos x="2428.72" y="344.377" z="14681.4" a="-26.0136"/>
		<pos x="3827.41" y="265.394" z="14190.9" a="-130.714"/>
		<pos x="4270.64" y="236.639" z="11119" a="-89.7877"/>
		<pos x="4958.07" y="224.106" z="8487.04" a="-75.92"/>
		<pos x="4664.55" y="210.994" z="6913.95" a="-75.92"/>
		<pos x="8721.47" y="273.887" z="1651.7" a="-75.92"/>
		<pos x="11714.9" y="245.925" z="4375.89" a="-154.807"/>
	</event>
	<event name="VehicleCivilianSedan">
		<pos x="4110.43" y="264.922" z="10161.7" a="-75.92"/>
		<pos x="4542.56" y="206.793" z="3500.9" a="-75.92"/>
		<pos x="11884.8" y="242.584" z="4229.24" a="-63.9904"/>
		<pos x="7153.39" y="207.118" z="1737.32" a="94.4395"/>
		<pos x="7764.9" y="207.26" z="1977.9" a="68.3878"/>
		<pos x="6389.07" y="205.664" z="1389.16" a="-7.896"/>
		<pos x="5783.92" y="204.271" z="1396.74" a="-136.986"/>
		<pos x="6056.61" y="212.332" z="2223.99" a="79.9941"/>
		<pos x="6486.96" y="241.183" z="1923.27" a="-25.8626"/>
		<pos x="5235.65" y="197.838" z="2801.12" a="-17.2085"/>
		<pos x="3785.49" y="207.533" z="1147.31" a="94.4395"/>
		<pos x="1937.55" y="228.883" z="6551.27" a="-121.567"/>
		<pos x="2976.73" y="212.555" z="6066.93" a="143.497"/>
		<pos x="1543.41" y="218.185" z="7545.89" a="35.2103"/>
		<pos x="5382.09" y="195.378" z="1639.48" a="-38.4182"/>
		<pos x="5447.61" y="198.308" z="2705.7" a="-30.0008"/>
		<pos x="5743.4" y="209.904" z="2893.27" a="-38.4182"/>
		<pos x="1784.12" y="222.05" z="2428.46" a="24.0602"/>
		<pos x="1269.92" y="225.036" z="4170.04" a="121.643"/>
		<pos x="1598.56" y="217.797" z="4670.03" a="-148.041"/>
		<pos x="2087.92" y="226.428" z="6409.39" a="-107.471"/>
		<pos x="3260.87" y="222.929" z="6280.25" a="-22.4826"/>
		<pos x="1848.82" y="218.353" z="7635.19" a="-23.4244"/>
		<pos x="1075.45" y="238.354" z="10848.6" a="-167.99"/>
		<pos x="4194.99" y="253.578" z="13611.4" a="-123.123"/>
		<pos x="3566.03" y="310.602" z="9918.53" a="46.1218"/>
		<pos x="8705.52" y="204.945" z="3172.14" a="-3.42282"/>
		<pos x="11500" y="266.131" z="4408.85" a="17.1997"/>
		<pos x="10856.6" y="336.058" z="5808.34" a="9.32416"/>
		<pos x="5979.89" y="214.544" z="1668.69" a="-63.6994"/>
		<pos x="5984.27" y="214.544" z="1690.01" a="-63.6994"/>
		<pos x="6381.97" y="218.836" z="1748.31" a="-129.051"/>
		<pos x="6328.88" y="219.593" z="1976.79" a="-63.6994"/>
		<pos x="6175.57" y="217.744" z="1648.35" a="-95.0223"/>
		<pos x="14719.3" y="616.922" z="13695.8" a="148.78"/>

  </event>
  <event name="VehicleSedan02">
		<pos x="12941.1" y="314.977" z="693.966" a="-75.92"/>
		<pos x="439.27" y="230.001" z="7292.38" a="9.14413"/>
		<pos x="96.5048" y="216.982" z="7960.07" a="-50.9261"/>
		<pos x="5612.95" y="206.885" z="4554.94" a="179.077"/>
		<pos x="5845.78" y="218.573" z="4991.36" a="9.32416"/>
		<pos x="6454.93" y="230.469" z="5572.05" a="-135.721"/>
		<pos x="7723.44" y="238.245" z="7210.89" a="94.4395"/>
		<pos x="8888.75" y="247.874" z="6305.7" a="-63.8817"/>
		<pos x="9446.67" y="420.271" z="9688.58" a="1.74104"/>
		<pos x="8243.84" y="438.891" z="13772.6" a="30.8047"/>
		<pos x="7468.46" y="290.939" z="13638.7" a="94.4395"/>
		<pos x="4527.8" y="210.379" z="7066.93" a="169.345"/>
		<pos x="5078.22" y="214.339" z="6393.7" a="-82.3686"/>
		<pos x="6313.71" y="218.678" z="6030.36" a="-69.0215"/>
		<pos x="7886.89" y="247.529" z="7916.33" a="59.6036"/>
		<pos x="12210.8" y="262.355" z="7349.94" a="10.1233"/>
		<pos x="12665.7" y="326.395" z="11093.4" a="-127.644"/>
		<pos x="13141.2" y="362.768" z="12706.7" a="-104.302"/>
		<pos x="11034.4" y="596.926" z="12735.1" a="-128.802"/>
		<pos x="8955.35" y="331.245" z="12362.7" a="-141.945"/>
		<pos x="7278.01" y="290.699" z="13756" a="-38.4182"/>
		<pos x="9179.57" y="246.023" z="6431.78" a="-140.557"/>
		<pos x="7412.17" y="229.269" z="1586.62" a="-148.886"/>
		<pos x="13102.6" y="303.463" z="510.646" a="-60.7889"/>
		<pos x="6058.64" y="207.039" z="867.148" a="-32.2717"/>
		<pos x="4733.69" y="190.928" z="541.01" a="-32.2717"/>
		<pos x="2258.18" y="263.412" z="5052.43" a="-88.1534"/>
		<pos x="11627" y="245.688" z="4088.16" a="96.732"/>
		<pos x="11499.4" y="240.326" z="3942.04" a="131.934"/>
		<pos x="9957.8" y="250.792" z="1675.92" a="71.6917"/>
		<pos x="14663.2" y="334.312" z="6544.77" a="161.795"/>
		<pos x="6774.76" y="352.962" z="12786.5" a="13.2134"/>
		<pos x="7358.48" y="573.052" z="12014.9" a="148.78"/>
		<pos x="7353.51" y="573.052" z="11966.6" a="148.78"/>
		<pos x="9117.29" y="561.128" z="14066" a="148.78"/>
  </event>
  <event name="VehicleTruck01">
		<pos x="5659.31" y="194.582" z="774.542" a="0"/>
		<pos x="5956.56" y="206.039" z="835.478" a="-178.338"/>
		<pos x="6983.09" y="205.579" z="1687.53" a="-51.4539"/>
		<pos x="9290.8" y="250.452" z="1540.48" a="173.066"/>
		<pos x="11109.8" y="234.348" z="3708.19" a="0"/>
		<pos x="8466.25" y="204.019" z="3015.17" a="-149.711"/>
		<pos x="5884.03" y="217.493" z="5076.37" a="61.5164"/>
		<pos x="5063.1" y="213.29" z="6253.96" a="0"/>
		<pos x="3181.24" y="213.539" z="5950.9" a="31.1017"/>
		<pos x="3180.39" y="205.789" z="5073.92" a="43.8887"/>
		<pos x="3820.59" y="206.454" z="967.085" a="-150.117"/>
		<pos x="1033.8" y="237.269" z="277.366" a="-51.0725"/>
		<pos x="354.032" y="229.549" z="3025.6" a="-97.4484"/>
		<pos x="228.066" y="229.537" z="5093.03" a="-167.427"/>
		<pos x="200.713" y="215.903" z="8008.18" a="14.9185"/>
		<pos x="1650.55" y="220.994" z="8153.93" a="0"/>
		<pos x="2113.5" y="221.661" z="7867.15" a="25.4402"/>
		<pos x="3117.59" y="267.59" z="8237.12" a="0"/>
		<pos x="1856.46" y="225.698" z="8915.93" a="-91.4366"/>
		<pos x="1110.21" y="233.819" z="10149.7" a="-174.721"/>
		<pos x="943.92" y="241.311" z="11097.6" a="0"/>
		<pos x="2687.79" y="307.659" z="11382.6" a="136.122"/>
		<pos x="3952.89" y="263.073" z="13762.3" a="0"/>
		<pos x="3885.06" y="273.837" z="13757.2" a="-110.04"/>
		<pos x="7396.52" y="289.86" z="13762.6" a="128.749"/>
		<pos x="8918.62" y="500.653" z="13138.3" a="-68.0363"/>
		<pos x="12781.1" y="396.13" z="13369.2" a="-21.1646"/>
		<pos x="14745.4" y="528.964" z="14376.6" a="68.5142"/>
		<pos x="14562.5" y="435.423" z="12734.7" a="126.639"/>
		<pos x="14998.2" y="612.505" z="10464.7" a="-53.6332"/>
		<pos x="12599.9" y="310.981" z="9158.67" a="47.7765"/>
		<pos x="15078.3" y="514.836" z="2955.28" a="111.272"/>
		<pos x="4392.3" y="201.345" z="3179.93" a="0"/>
		<pos x="5117.77" y="222.877" z="10277.5" a="129.862"/>
		<pos x="5857.42" y="248.647" z="9438.74" a="41.5493"/>
		<pos x="5859.63" y="246.246" z="9218.1" a="-72.0687"/>
		<pos x="4412.71" y="238.878" z="10760.3" a="138.786"/>
		<pos x="6400.26" y="469.769" z="15002.8" a="77.8497"/>
		<pos x="6723.78" y="337.696" z="12888.7" a="-17.214"/>
		<pos x="14091.7" y="462.546" z="2298.13" a="152.661"/>
		<pos x="321.038" y="329.836" z="14382.1" a="126.755"/>
		<pos x="13315" y="379.978" z="12448.1" a="-119.144"/>
		<pos x="11909.3" y="261.028" z="6198.6" a="-98.2555"/>
		<pos x="12004.5" y="260.997" z="6420.47" a="-43.8825"/>
		<pos x="14694.3" y="333.56" z="6526.73" a="80.5817"/>
		<pos x="14803.6" y="333.67" z="6507.8" a="80.5817"/>
		<pos x="10103.2" y="370.265" z="13189" a="101.573"/>
		<pos x="14681.2" y="616.058" z="13716.9" a="-17.214"/>
		<pos x="7648.36" y="434.71" z="11039.1" a="68.9099"/>
		<pos x="4345.7" y="244.607" z="9752.41" a="152.748"/>
		<pos x="6613.02" y="206.812" z="1715.79" a="0"/>
	</event>
	<event name="VehicleBoat">
		<pos x="12538.2" z="10920.3"/>
		<pos x="12527.5" z="10882.8"/>
		<pos x="12400.6" z="9689.07"/>
		<pos x="12129.1" z="7177.16"/>
		<pos x="11821.3" z="6189.41"/>
		<pos x="11849.1" z="5367.49"/>
		<pos x="11855.6" z="4574.46"/>
		<pos x="11840.5" z="4367.72"/>
		<pos x="11710.2" z="3846.63"/>
		<pos x="11580.8" z="3505.19"/>
		<pos x="10508.7" z="3323.45"/>
		<pos x="9173.87" z="3181.39"/>
		<pos x="8725.57" z="2991.2"/> 
		<pos x="8491.01" z="2827.25"/>
		<pos x="7552.08" z="2592.9"/> 
		<pos x="6855.68" z="1830.52"/>
		<pos x="6289.04" z="1350.05"/>
		<pos x="6142.2"  z="1291.17"/>
		<pos x="5424.35" z="1235.81"/>
		<pos x="4949.66" z="1308.76"/>
		<pos x="4577.95" z="423.936"/>
		<pos x="4593.42" z="274.935"/>
		<pos x="1011.89" z="605.314"/>
		<pos x="770.034" z="785.939"/>
		<pos x="1091.34" z="745.128"/>
		<pos x="2141.12" z="1881.86"/>
		<pos x="549.877" z="2766.22"/>
		<pos x="3064.85" z="7708.57"/>
		<pos x="4329.95" z="13075.5"/>
		<pos x="4300.2"  z="11484.1"/>
		<pos x="4587.74" z="11026.6"/>
		<pos x="4561.37" z="10797.2"/>
		<pos x="4594.09" z="9872.2"/> 
		<pos x="4668.07" z="9100.14"/>
		<pos x="4421.79" z="7281.57"/>
		<pos x="4392.18" z="5726.22"/>
		<pos x="4663.9"  z="3923.55"/>
		<pos x="5150.21" z="2880.98"/>
		<pos x="5331.84" z="2542.69"/>
		<pos x="5494.88" z="2342.37"/>
		<pos x="6871.58" z="3761.13"/>
		<pos x="6962.94" z="4339.14"/>
		<pos x="7148.43" z="4879.64"/>
		<pos x="6931.84" z="4689.68"/>
		<pos x="6725.57" z="3696.94"/>
		<pos x="9751.51" z="10368.2"/>
		<pos x="9835.81" z="10465.8"/>
	</event>
	<event name="StaticAirplaneCrate">
		<zone smin="0" smax="0" dmin="0" dmax="0" r="0" />
		<pos x="4874.79" z="4946.16" a="0"/>
		<pos x="2000.22" z="11894.9" a="0"/>
		<pos x="2004.5"  z="11899.2" a="0"/>
		<pos x="7823.63" z="2401.31" a="0"/>
		<pos x="5947.55" z="1574.42" a="0"/>
		<pos x="2327.7"  z="1677.35" a="0"/>
		<pos x="2095.33" z="3384.53" a="0"/>
		<pos x="2004.94" z="5471.45" a="0"/>
		<pos x="3575.38" z="7673.6" a="0"/>
		<pos x="4870.49" z="7842.01" a="0"/>
		<pos x="4878.47" z="4943.32" a="0"/>
		<pos x="1997.2"  z="11896.8" a="0"/>
		<pos x="2002.14" z="11893.1" a="-80.9392"/>
		<pos x="7824.94" z="2398.26" a="0"/>
		<pos x="5948.86" z="1571.37" a="0"/>
		<pos x="2329.01" z="1674.3" a="0"/>
		<pos x="2096.64" z="3381.48" a="0"/>
		<pos x="2006.25" z="5468.4" a="0"/>
		<pos x="3576.69" z="7670.55" a="0"/>
		<pos x="4871.8"  z="7838.96" a="0"/>
		<pos x="4875.55" z="4943.68" a="0"/>
		<pos x="4880.57" z="4941.96" a="-82.3442"/>
		<pos x="2001.98" z="11897.9" a="49.8841"/>
		<pos x="2004.1"  z="11894.8" a="0"/>
		<pos x="7826.8"  z="2400.48" a="0"/>
		<pos x="5950.73" z="1573.58" a="0"/>
		<pos x="2330.88" z="1676.52" a="0"/>
		<pos x="2098.51" z="3383.69" a="0"/>
		<pos x="2008.11" z="5470.61" a="0"/>
		<pos x="3578.55" z="7672.77" a="0"/>
		<pos x="4873.67" z="7841.18" a="0"/>
	</event>
	<event name="StaticTrain">
		<zone smin="0" smax="0" dmin="1" dmax="1" r="20" />
		<pos x="2793.92" z="4281.62" a="0" y="217.183" group="VlakVeronika"/>
		<pos x="4155.13" z="3482.62" a="0" y="203.165" group="OzorovceVlak"/>
	</event>
	<event name="StaticMilitaryConvoy">
		<zone smin="0" smax="0" dmin="1" dmax="1" r="5" />
		<pos x="3545.26" z="7682.26" a="0" y="279.941" group="ZeroPoint"/>
		<pos x="4004.27" z="5630.33" a="0" y="207.923" group="Podluzanymily"/>
		<pos x="2351.04" z="8935.95" a="0" y="235.778" group="Prosperitycamp"/>
		<pos x="2823.24" z="6238.63" a="0" y="211.801" group="Dezericemily"/>
		<pos x="7341.69" z="8901.82" a="0" y="310.411" group="Lutovmily"/>
		<pos x="8579.79" z="11653.1" a="0" y="474.62"  group="KopecMilyCamp"/>
		<pos x="5404.74" z="14481.1" a="0" y="272.391" group="Slatinamilyattack"/>
		<pos x="5793.8" z="11474.5" a="0" y="362.248"  group="Kopecmilykonvoj"/>
		<pos x="1139.95" z="6359.87" a="0" y="268.897" group="DeltaEvakuvacia"/>
		<pos x="4946.49" z="5580.75" a="0" y="208.111" group="PodluzanyEvakuvacia"/>
		<pos x="12572.8" z="10014.3" a="0" y="332.136" group="Radisamily"/>
	</event>
	<event name="StaticPoliceSituation">
		<zone smin="0" smax="0" dmin="1" dmax="1" r="20" />
		<pos x="8639.61" z="6005.53" a="0" y="242.192" group="PoliceDubnicka"/>
		<pos x="5097.06" z="10082.7" a="0" y="224.985" group="PoliceTimo"/>
		<pos x="15170.4" z="3161.92" a="0" y="516.006" group="Policeforest"/>
		<pos x="10568.1" z="3845.92" a="0" y="235.598" group="PoliceUh"/>
		<pos x="11034.6" z="7233.59" a="0" y="362.075" group="PolicePole"/>
</event>
    <event name="InfectedVillage" />
    <event name="InfectedSolitude" />
    <event name="InfectedArmy" />
    <event name="InfectedCity" />
	<event name="InfectedAlien" />
    <event name="InfectedMedic" />
    <event name="InfectedPolice" />
    <event name="InfectedFirefighter" />
    <event name="InfectedPrisoner" />
    <event name="AnimalDeer" />
    <event name="AnimalCow" />
    <event name="AnimalSheep" />
    <event name="AnimalRoeDeer" />
    <event name="AnimalWolf" />
    <event name="AnimalWildBoar" />
	<event name="AnimalBear"/>
</eventposdef>