<?xml version="1.0" encoding="UTF-8" standalone="yes"?>
<user_lists>
    <usageflags>
        <user name="TownVillage">
            <usage name="Town" />
            <usage name="Village" />
        </user>
        <user name="TownVillageOfficeSchool">
            <usage name="Town" />
            <usage name="Village" />
            <usage name="Office" />
            <usage name="School" />
        </user>
    </usageflags>

    <valueflags>
        <user name="Tier12">
            <value name="Tier1" />
            <value name="Tier2" />
        </user>
        <user name="Tier23">
            <value name="Tier2" />
            <value name="Tier3" />
        </user>
        <user name="Tier34">
            <value name="Tier3" />
            <value name="Tier4" />
        </user>
        <user name="Tier123">
            <value name="Tier1" />
            <value name="Tier2" />
            <value name="Tier3" />
        </user>
        <user name="Tier234">
            <value name="Tier2" />
            <value name="Tier3" />
            <value name="Tier4" />
        </user>
        <user name="Tier12345">
            <value name="Tier1" />
            <value name="Tier2" />
            <value name="Tier3" />
            <value name="Tier4" />
			<value name="Tier5" />
        </user>
    </valueflags>
</user_lists>
