<?xml version="1.0" encoding="UTF-8" standalone="yes"?>
<types>
    <!-- Pistols Magazines-->
    <type name="A6_Mag_RugerMarkIV_10Rnd">
        <nominal>0</nominal>
        <lifetime>14400</lifetime>
        <restock>0</restock>
        <min>0</min>
        <quantmin>20</quantmin>
        <quantmax>100</quantmax>
        <cost>100</cost>
        <flags count_in_cargo="0" count_in_hoarder="0" count_in_map="1" count_in_player="0" crafted="0" deloot="0"/>
        <category name="weapons"/>
        <usage name="Town"/>
        <usage name="Village"/>
    </type>
    <type name="A6_Mag_MP9Pro_17Rnd">
        <nominal>0</nominal>
        <lifetime>14400</lifetime>
        <restock>0</restock>
        <min>0</min>
        <quantmin>10</quantmin>
        <quantmax>100</quantmax>
        <cost>100</cost>
        <flags count_in_cargo="0" count_in_hoarder="0" count_in_map="1" count_in_player="0" crafted="0" deloot="0"/>
        <category name="weapons"/>
        <usage name="Police"/>
        <usage name="Military"/>
    </type>
    <type name="A6_Mag_Glock19_15Rnd">
        <nominal>0</nominal>
        <lifetime>14400</lifetime>
        <restock>0</restock>
        <min>0</min>
        <quantmin>10</quantmin>
        <quantmax>100</quantmax>
        <cost>100</cost>
        <flags count_in_cargo="0" count_in_hoarder="0" count_in_map="1" count_in_player="0" crafted="0" deloot="0"/>
        <category name="weapons"/>
        <usage name="Police"/>
    </type>
    <type name="A6_Mag_M1911_Compact_9Rnd">
        <nominal>0</nominal>
        <lifetime>14400</lifetime>
        <restock>0</restock>
        <min>0</min>
        <quantmin>20</quantmin>
        <quantmax>100</quantmax>
        <cost>100</cost>
        <flags count_in_cargo="0" count_in_hoarder="0" count_in_map="1" count_in_player="0" crafted="0" deloot="0"/>
        <category name="weapons"/>
        <usage name="Town"/>
        <usage name="Village"/>
    </type>
    <type name="A6_Mag_M1911_7Rnd">
        <nominal>0</nominal>
        <lifetime>14400</lifetime>
        <restock>0</restock>
        <min>0</min>
        <quantmin>20</quantmin>
        <quantmax>100</quantmax>
        <cost>100</cost>
        <flags count_in_cargo="0" count_in_hoarder="0" count_in_map="1" count_in_player="0" crafted="0" deloot="0"/>
        <category name="weapons"/>
        <usage name="Military"/>
    </type>
    <type name="A6_Mag_MPShield_13Rnd">
        <nominal>0</nominal>
        <lifetime>14400</lifetime>
        <restock>0</restock>
        <min>0</min>
        <quantmin>25</quantmin>
        <quantmax>100</quantmax>
        <cost>100</cost>
        <flags count_in_cargo="0" count_in_hoarder="0" count_in_map="1" count_in_player="0" crafted="0" deloot="0"/>
        <category name="weapons"/>
        <usage name="Town"/>
        <usage name="Village"/>
    </type>
    <type name="A6_Mag_PX4_14Rnd">
        <nominal>0</nominal>
        <lifetime>14400</lifetime>
        <restock>0</restock>
        <min>0</min>
        <quantmin>20</quantmin>
        <quantmax>100</quantmax>
        <cost>100</cost>
        <flags count_in_cargo="0" count_in_hoarder="0" count_in_map="1" count_in_player="0" crafted="0" deloot="0"/>
        <category name="weapons"/>
        <usage name="Military"/>
    </type>
    <type name="A6_Mag_P320_17Rnd">
        <nominal>0</nominal>
        <lifetime>14400</lifetime>
        <restock>0</restock>
        <min>0</min>
        <quantmin>10</quantmin>
        <quantmax>100</quantmax>
        <cost>100</cost>
        <flags count_in_cargo="0" count_in_hoarder="0" count_in_map="1" count_in_player="0" crafted="0" deloot="0"/>
        <category name="weapons"/>
        <usage name="Military"/>
    </type>
    <type name="A6_Mag_P320_Tan_17Rnd">
        <nominal>0</nominal>
        <lifetime>14400</lifetime>
        <restock>0</restock>
        <min>0</min>
        <quantmin>10</quantmin>
        <quantmax>100</quantmax>
        <cost>100</cost>
        <flags count_in_cargo="0" count_in_hoarder="0" count_in_map="1" count_in_player="0" crafted="0" deloot="0"/>
        <category name="weapons"/>
        <usage name="Military"/>
    </type>
    <type name="A6_Mag_M9_15Rnd">
        <nominal>0</nominal>
        <lifetime>14400</lifetime>
        <restock>0</restock>
        <min>0</min>
        <quantmin>10</quantmin>
        <quantmax>100</quantmax>
        <cost>100</cost>
        <flags count_in_cargo="0" count_in_hoarder="0" count_in_map="1" count_in_player="0" crafted="0" deloot="0"/>
        <category name="weapons"/>
        <usage name="Military"/>
    </type>
    <type name="A6_Mag_FiveSeven_20Rnd">
        <nominal>0</nominal>
        <lifetime>14400</lifetime>
        <restock>0</restock>
        <min>0</min>
        <quantmin>10</quantmin>
        <quantmax>100</quantmax>
        <cost>100</cost>
        <flags count_in_cargo="0" count_in_hoarder="0" count_in_map="1" count_in_player="0" crafted="0" deloot="0"/>
        <category name="weapons"/>
        <usage name="Military"/>
    </type>
    <type name="A6_Mag_DesertEagle_9Rnd">
        <nominal>0</nominal>
        <lifetime>14400</lifetime>
        <restock>0</restock>
        <min>0</min>
        <quantmin>15</quantmin>
        <quantmax>100</quantmax>
        <cost>100</cost>
        <flags count_in_cargo="0" count_in_hoarder="0" count_in_map="1" count_in_player="0" crafted="0" deloot="0"/>
        <category name="weapons"/>
        <usage name="Military"/>
    </type>
    <!--Shotgun Magazines-->
    <type name="A6_Mag_AA12_24Rnd">
        <nominal>0</nominal>
        <lifetime>14400</lifetime>
        <restock>0</restock>
        <min>0</min>
        <quantmin>20</quantmin>
        <quantmax>40</quantmax>
        <cost>100</cost>
        <flags count_in_cargo="0" count_in_hoarder="0" count_in_map="1" count_in_player="0" crafted="0" deloot="0"/>
        <category name="weapons"/>
        <usage name="Military"/>
    </type>
    <!-- SMG Magazines -->
    <type name="A6_Mag_PP19Bizon_64Rnd">
        <nominal>0</nominal>
        <lifetime>14400</lifetime>
        <restock>0</restock>
        <min>0</min>
        <quantmin>10</quantmin>
        <quantmax>50</quantmax>
        <cost>100</cost>
        <flags count_in_cargo="0" count_in_hoarder="0" count_in_map="1" count_in_player="0" crafted="0" deloot="0"/>
        <category name="weapons"/>
        <usage name="Military"/>
    </type>
    <type name="A6_Mag_Gripped_PP19Bizon_64Rnd">
        <nominal>0</nominal>
        <lifetime>14400</lifetime>
        <restock>0</restock>
        <min>0</min>
        <quantmin>10</quantmin>
        <quantmax>50</quantmax>
        <cost>100</cost>
        <flags count_in_cargo="0" count_in_hoarder="0" count_in_map="1" count_in_player="0" crafted="0" deloot="0"/>
        <category name="weapons"/>
        <usage name="Military"/>
    </type>
    <type name="A6_Mag_MP5_15Rnd">
        <nominal>0</nominal>
        <lifetime>14400</lifetime>
        <restock>0</restock>
        <min>0</min>
        <quantmin>10</quantmin>
        <quantmax>50</quantmax>
        <cost>100</cost>
        <flags count_in_cargo="0" count_in_hoarder="0" count_in_map="1" count_in_player="0" crafted="0" deloot="0"/>
        <category name="weapons"/>
        <usage name="Military"/>
    </type>
    <type name="A6_Mag_MP5_30Rnd">
        <nominal>0</nominal>
        <lifetime>14400</lifetime>
        <restock>0</restock>
        <min>0</min>
        <quantmin>15</quantmin>
        <quantmax>65</quantmax>
        <cost>100</cost>
        <flags count_in_cargo="0" count_in_hoarder="0" count_in_map="1" count_in_player="0" crafted="0" deloot="0"/>
        <category name="weapons"/>
        <usage name="Military"/>
    </type>
    <type name="A6_Mag_MP5_Waffle_30Rnd">
        <nominal>0</nominal>
        <lifetime>14400</lifetime>
        <restock>0</restock>
        <min>0</min>
        <quantmin>15</quantmin>
        <quantmax>65</quantmax>
        <cost>100</cost>
        <flags count_in_cargo="0" count_in_hoarder="0" count_in_map="1" count_in_player="0" crafted="0" deloot="0"/>
        <category name="weapons"/>
        <usage name="Military"/>
    </type>
    <type name="A6_Mag_MP5_100Rnd">
        <nominal>0</nominal>
        <lifetime>14400</lifetime>
        <restock>0</restock>
        <min>0</min>
        <quantmin>15</quantmin>
        <quantmax>65</quantmax>
        <cost>100</cost>
        <flags count_in_cargo="0" count_in_hoarder="0" count_in_map="1" count_in_player="0" crafted="0" deloot="0"/>
        <category name="weapons"/>
        <usage name="Military"/>
    </type>
    <type name="A6_Mag_PP19_30Rnd">
        <nominal>0</nominal>
        <lifetime>14400</lifetime>
        <restock>0</restock>
        <min>0</min>
        <quantmin>10</quantmin>
        <quantmax>50</quantmax>
        <cost>100</cost>
        <flags count_in_cargo="0" count_in_hoarder="0" count_in_map="1" count_in_player="0" crafted="0" deloot="0"/>
        <category name="weapons"/>
        <usage name="Military"/>
    </type>
    <type name="A6_Mag_AugPara_32Rnd">
        <nominal>0</nominal>
        <lifetime>14400</lifetime>
        <restock>0</restock>
        <min>0</min>
        <quantmin>10</quantmin>
        <quantmax>50</quantmax>
        <cost>100</cost>
        <flags count_in_cargo="0" count_in_hoarder="0" count_in_map="1" count_in_player="0" crafted="0" deloot="0"/>
        <category name="weapons"/>
        <usage name="Military"/>
    </type>
    <type name="A6_Mag_Vector_33Rnd">
        <nominal>0</nominal>
        <lifetime>14400</lifetime>
        <restock>0</restock>
        <min>0</min>
        <quantmin>5</quantmin>
        <quantmax>50</quantmax>
        <cost>100</cost>
        <flags count_in_cargo="0" count_in_hoarder="0" count_in_map="1" count_in_player="0" crafted="0" deloot="0"/>
        <category name="weapons"/>
        <usage name="Military"/>
        <usage name="Police"/>
    </type>
    <type name="A6_Mag_Vector_50Rnd">
        <nominal>0</nominal>
        <lifetime>14400</lifetime>
        <restock>0</restock>
        <min>0</min>
        <quantmin>5</quantmin>
        <quantmax>50</quantmax>
        <cost>100</cost>
        <flags count_in_cargo="0" count_in_hoarder="0" count_in_map="1" count_in_player="0" crafted="0" deloot="0"/>
        <category name="weapons"/>
        <usage name="Military"/>
        <usage name="Police"/>
    </type>
    <type name="A6_Mag_UMP45_25Rnd">
        <nominal>0</nominal>
        <lifetime>14400</lifetime>
        <restock>0</restock>
        <min>0</min>
        <quantmin>5</quantmin>
        <quantmax>50</quantmax>
        <cost>100</cost>
        <flags count_in_cargo="0" count_in_hoarder="0" count_in_map="1" count_in_player="0" crafted="0" deloot="0"/>
        <category name="weapons"/>
        <usage name="Military"/>
    </type>
    <type name="A6_Mag_Scorpion_Evo_30Rnd">
        <nominal>0</nominal>
        <lifetime>14400</lifetime>
        <restock>0</restock>
        <min>0</min>
        <quantmin>10</quantmin>
        <quantmax>50</quantmax>
        <cost>100</cost>
        <flags count_in_cargo="0" count_in_hoarder="0" count_in_map="1" count_in_player="0" crafted="0" deloot="0"/>
        <category name="weapons"/>
        <usage name="Military"/>
    </type>
    <type name="A6_Mag_Scorpion_Evo_40Rnd">
        <nominal>0</nominal>
        <lifetime>14400</lifetime>
        <restock>0</restock>
        <min>0</min>
        <quantmin>10</quantmin>
        <quantmax>50</quantmax>
        <cost>100</cost>
        <flags count_in_cargo="0" count_in_hoarder="0" count_in_map="1" count_in_player="0" crafted="0" deloot="0"/>
        <category name="weapons"/>
        <usage name="Military"/>
    </type>
    <type name="A6_Mag_OPSKS_20Rnd">
        <nominal>0</nominal>
        <lifetime>14400</lifetime>
        <restock>0</restock>
        <min>0</min>
        <quantmin>5</quantmin>
        <quantmax>50</quantmax>
        <cost>100</cost>
        <flags count_in_cargo="0" count_in_hoarder="0" count_in_map="1" count_in_player="0" crafted="0" deloot="0"/>
        <category name="weapons"/>
        <usage name="Military"/>
        <usage name="Hunting"/>
    </type>
    <type name="A6_Mag_AK101_30Rnd">
        <nominal>0</nominal>
        <lifetime>14400</lifetime>
        <restock>0</restock>
        <min>0</min>
        <quantmin>5</quantmin>
        <quantmax>50</quantmax>
        <cost>100</cost>
        <flags count_in_cargo="0" count_in_hoarder="0" count_in_map="1" count_in_player="0" crafted="0" deloot="0"/>
        <category name="weapons"/>
        <usage name="Military"/>
    </type>
    <type name="A6_Mag_AK74_30Rnd">
        <nominal>0</nominal>
        <lifetime>14400</lifetime>
        <restock>0</restock>
        <min>0</min>
        <quantmin>5</quantmin>
        <quantmax>50</quantmax>
        <cost>100</cost>
        <flags count_in_cargo="0" count_in_hoarder="0" count_in_map="1" count_in_player="0" crafted="0" deloot="0"/>
        <category name="weapons"/>
        <usage name="Military"/>
    </type>
    <type name="A6_Mag_AK74_Orange_30Rnd">
        <nominal>0</nominal>
        <lifetime>14400</lifetime>
        <restock>0</restock>
        <min>0</min>
        <quantmin>5</quantmin>
        <quantmax>50</quantmax>
        <cost>100</cost>
        <flags count_in_cargo="0" count_in_hoarder="0" count_in_map="1" count_in_player="0" crafted="0" deloot="0"/>
        <category name="weapons"/>
        <usage name="Military"/>
    </type>
    <type name="A6_Mag_AK74_45Rnd">
        <nominal>0</nominal>
        <lifetime>14400</lifetime>
        <restock>0</restock>
        <min>0</min>
        <quantmin>10</quantmin>
        <quantmax>50</quantmax>
        <cost>100</cost>
        <flags count_in_cargo="0" count_in_hoarder="0" count_in_map="1" count_in_player="0" crafted="0" deloot="0"/>
        <category name="weapons"/>
        <usage name="Military"/>
    </type>
    <type name="A6_Mag_AK74_Orange_45Rnd">
        <nominal>0</nominal>
        <lifetime>14400</lifetime>
        <restock>0</restock>
        <min>0</min>
        <quantmin>10</quantmin>
        <quantmax>50</quantmax>
        <cost>100</cost>
        <flags count_in_cargo="0" count_in_hoarder="0" count_in_map="1" count_in_player="0" crafted="0" deloot="0"/>
        <category name="weapons"/>
        <usage name="Military"/>
    </type>
    <type name="A6_Mag_AK74_60Rnd">
        <nominal>0</nominal>
        <lifetime>14400</lifetime>
        <restock>0</restock>
        <min>0</min>
        <quantmin>10</quantmin>
        <quantmax>50</quantmax>
        <cost>100</cost>
        <flags count_in_cargo="0" count_in_hoarder="0" count_in_map="1" count_in_player="0" crafted="0" deloot="0"/>
        <category name="weapons"/>
        <usage name="Military"/>
    </type>
    <type name="A6_Mag_9A91_20Rnd">
        <nominal>0</nominal>
        <lifetime>14400</lifetime>
        <restock>0</restock>
        <min>0</min>
        <quantmin>30</quantmin>
        <quantmax>70</quantmax>
        <cost>100</cost>
        <flags count_in_cargo="0" count_in_hoarder="0" count_in_map="1" count_in_player="0" crafted="0" deloot="0"/>
        <category name="weapons"/>
        <usage name="Military"/>
    </type>
    <type name="A6_Mag_P90_50Rnd">
        <nominal>0</nominal>
        <lifetime>14400</lifetime>
        <restock>0</restock>
        <min>0</min>
        <quantmin>10</quantmin>
        <quantmax>50</quantmax>
        <cost>100</cost>
        <flags count_in_cargo="0" count_in_hoarder="0" count_in_map="1" count_in_player="0" crafted="0" deloot="0"/>
        <category name="weapons"/>
        <usage name="Military"/>
    </type>
    <type name="A6_Mag_MP7A2_20Rnd">
        <nominal>0</nominal>
        <lifetime>14400</lifetime>
        <restock>0</restock>
        <min>0</min>
        <quantmin>10</quantmin>
        <quantmax>50</quantmax>
        <cost>100</cost>
        <flags count_in_cargo="0" count_in_hoarder="0" count_in_map="1" count_in_player="0" crafted="0" deloot="0"/>
        <category name="weapons"/>
        <usage name="Military"/>
    </type>
    <type name="A6_Mag_MP7A2_40Rnd">
        <nominal>0</nominal>
        <lifetime>14400</lifetime>
        <restock>0</restock>
        <min>0</min>
        <quantmin>10</quantmin>
        <quantmax>50</quantmax>
        <cost>100</cost>
        <flags count_in_cargo="0" count_in_hoarder="0" count_in_map="1" count_in_player="0" crafted="0" deloot="0"/>
        <category name="weapons"/>
        <usage name="Military"/>
    </type>
    <type name="A6_Mag_300BLK_PMAG_20Rnd">
        <nominal>0</nominal>
        <lifetime>14400</lifetime>
        <restock>0</restock>
        <min>0</min>
        <quantmin>10</quantmin>
        <quantmax>50</quantmax>
        <cost>100</cost>
        <flags count_in_cargo="0" count_in_hoarder="0" count_in_map="1" count_in_player="0" crafted="0" deloot="0"/>
        <category name="weapons"/>
        <usage name="Military"/>
    </type>
    <type name="A6_Mag_300BLK_PMAG_30Rnd">
        <nominal>0</nominal>
        <lifetime>14400</lifetime>
        <restock>0</restock>
        <min>0</min>
        <quantmin>10</quantmin>
        <quantmax>50</quantmax>
        <cost>100</cost>
        <flags count_in_cargo="0" count_in_hoarder="0" count_in_map="1" count_in_player="0" crafted="0" deloot="0"/>
        <category name="weapons"/>
        <usage name="Military"/>
    </type>
    <type name="A6_Mag_300BLK_PMAG_60Rnd">
        <nominal>0</nominal>
        <lifetime>14400</lifetime>
        <restock>0</restock>
        <min>0</min>
        <quantmin>10</quantmin>
        <quantmax>50</quantmax>
        <cost>100</cost>
        <flags count_in_cargo="0" count_in_hoarder="0" count_in_map="1" count_in_player="0" crafted="0" deloot="0"/>
        <category name="weapons"/>
        <usage name="Military"/>
    </type>
    <type name="A6_Mag_AK74_30Rnd">
        <nominal>0</nominal>
        <lifetime>14400</lifetime>
        <restock>0</restock>
        <min>0</min>
        <quantmin>5</quantmin>
        <quantmax>50</quantmax>
        <cost>100</cost>
        <flags count_in_cargo="0" count_in_hoarder="0" count_in_map="1" count_in_player="0" crafted="0" deloot="0"/>
        <category name="weapons"/>
        <usage name="Military"/>
    </type>
    <type name="A6_Mag_AK74_Orange_30Rnd">
        <nominal>0</nominal>
        <lifetime>14400</lifetime>
        <restock>0</restock>
        <min>0</min>
        <quantmin>5</quantmin>
        <quantmax>50</quantmax>
        <cost>100</cost>
        <flags count_in_cargo="0" count_in_hoarder="0" count_in_map="1" count_in_player="0" crafted="0" deloot="0"/>
        <category name="weapons"/>
        <usage name="Military"/>
    </type>
    <type name="A6_Mag_Aug_30Rnd">
        <nominal>0</nominal>
        <lifetime>14400</lifetime>
        <restock>0</restock>
        <min>0</min>
        <quantmin>10</quantmin>
        <quantmax>50</quantmax>
        <cost>100</cost>
        <flags count_in_cargo="0" count_in_hoarder="0" count_in_map="1" count_in_player="0" crafted="0" deloot="0"/>
        <category name="weapons"/>
        <usage name="Military"/>
    </type>
    <type name="A6_Mag_Aug_Black_30Rnd">
        <nominal>0</nominal>
        <lifetime>14400</lifetime>
        <restock>0</restock>
        <min>0</min>
        <quantmin>10</quantmin>
        <quantmax>50</quantmax>
        <cost>100</cost>
        <flags count_in_cargo="0" count_in_hoarder="0" count_in_map="1" count_in_player="0" crafted="0" deloot="0"/>
        <category name="weapons"/>
        <usage name="Military"/>
    </type>
    <type name="A6_Mag_Famas_25Rnd">
        <nominal>0</nominal>
        <lifetime>14400</lifetime>
        <restock>0</restock>
        <min>0</min>
        <quantmin>10</quantmin>
        <quantmax>50</quantmax>
        <cost>100</cost>
        <flags count_in_cargo="0" count_in_hoarder="0" count_in_map="1" count_in_player="0" crafted="0" deloot="0"/>
        <category name="weapons"/>
        <usage name="Military"/>
    </type>
    <type name="A6_Mag_AKM_30Rnd">
        <nominal>0</nominal>
        <lifetime>14400</lifetime>
        <restock>0</restock>
        <min>0</min>
        <quantmin>5</quantmin>
        <quantmax>50</quantmax>
        <cost>100</cost>
        <flags count_in_cargo="0" count_in_hoarder="0" count_in_map="1" count_in_player="0" crafted="0" deloot="0"/>
        <category name="weapons"/>
        <usage name="Military"/>
    </type>
    <type name="A6_Mag_RPK_75Rnd">
        <nominal>0</nominal>
        <lifetime>14400</lifetime>
        <restock>0</restock>
        <min>0</min>
        <quantmin>5</quantmin>
        <quantmax>40</quantmax>
        <cost>100</cost>
        <flags count_in_cargo="0" count_in_hoarder="0" count_in_map="1" count_in_player="0" crafted="0" deloot="0"/>
        <category name="weapons"/>
        <usage name="Military"/>
    </type>
    <type name="A6_Mag_AKM_Poly_30Rnd">
        <nominal>0</nominal>
        <lifetime>14400</lifetime>
        <restock>0</restock>
        <min>0</min>
        <quantmin>5</quantmin>
        <quantmax>50</quantmax>
        <cost>100</cost>
        <flags count_in_cargo="0" count_in_hoarder="0" count_in_map="1" count_in_player="0" crafted="0" deloot="0"/>
        <category name="weapons"/>
        <usage name="Town"/>
        <usage name="Village"/>
        <usage name="Hunting"/>
    </type>
    <type name="A6_Mag_AKM_PMAG_30Rnd">
        <nominal>0</nominal>
        <lifetime>14400</lifetime>
        <restock>0</restock>
        <min>0</min>
        <quantmin>5</quantmin>
        <quantmax>50</quantmax>
        <cost>100</cost>
        <flags count_in_cargo="0" count_in_hoarder="0" count_in_map="1" count_in_player="0" crafted="0" deloot="0"/>
        <category name="weapons"/>
        <usage name="Military"/>
    </type>
    <type name="A6_Mag_Stanag_20Rnd">
        <nominal>0</nominal>
        <lifetime>14400</lifetime>
        <restock>0</restock>
        <min>0</min>
        <quantmin>5</quantmin>
        <quantmax>50</quantmax>
        <cost>100</cost>
        <flags count_in_cargo="0" count_in_hoarder="0" count_in_map="1" count_in_player="0" crafted="0" deloot="0"/>
        <category name="weapons"/>
        <usage name="Military"/>
    </type>
    <type name="A6_Mag_Stanag_30Rnd">
        <nominal>0</nominal>
        <lifetime>14400</lifetime>
        <restock>0</restock>
        <min>0</min>
        <quantmin>5</quantmin>
        <quantmax>50</quantmax>
        <cost>100</cost>
        <flags count_in_cargo="0" count_in_hoarder="0" count_in_map="1" count_in_player="0" crafted="0" deloot="0"/>
        <category name="weapons"/>
        <usage name="Military"/>
    </type>
    <type name="A6_Mag_Stanag_60Rnd">
        <nominal>0</nominal>
        <lifetime>14400</lifetime>
        <restock>0</restock>
        <min>0</min>
        <quantmin>5</quantmin>
        <quantmax>50</quantmax>
        <cost>100</cost>
        <flags count_in_cargo="0" count_in_hoarder="0" count_in_map="1" count_in_player="0" crafted="0" deloot="0"/>
        <category name="weapons"/>
        <usage name="Military"/>
    </type>
    <type name="A6_Mag_XM8_100Rnd">
        <nominal>0</nominal>
        <lifetime>14400</lifetime>
        <restock>0</restock>
        <min>0</min>
        <quantmin>5</quantmin>
        <quantmax>50</quantmax>
        <cost>100</cost>
        <flags count_in_cargo="0" count_in_hoarder="0" count_in_map="1" count_in_player="0" crafted="0" deloot="0"/>
        <category name="weapons"/>
        <usage name="Military"/>
    </type>
    <type name="A6_Mag_556_PMAG_20Rnd">
        <nominal>0</nominal>
        <lifetime>14400</lifetime>
        <restock>0</restock>
        <min>0</min>
        <quantmin>5</quantmin>
        <quantmax>50</quantmax>
        <cost>100</cost>
        <flags count_in_cargo="0" count_in_hoarder="0" count_in_map="1" count_in_player="0" crafted="0" deloot="0"/>
        <category name="weapons"/>
        <usage name="Military"/>
    </type>
    <type name="A6_Mag_556_PMAG_30Rnd">
        <nominal>0</nominal>
        <lifetime>14400</lifetime>
        <restock>0</restock>
        <min>0</min>
        <quantmin>5</quantmin>
        <quantmax>50</quantmax>
        <cost>100</cost>
        <flags count_in_cargo="0" count_in_hoarder="0" count_in_map="1" count_in_player="0" crafted="0" deloot="0"/>
        <category name="weapons"/>
        <usage name="Military"/>
    </type>
    <type name="A6_Mag_HK_PMG2_30Rnd">
        <nominal>0</nominal>
        <lifetime>14400</lifetime>
        <restock>0</restock>
        <min>0</min>
        <quantmin>5</quantmin>
        <quantmax>50</quantmax>
        <cost>100</cost>
        <flags count_in_cargo="0" count_in_hoarder="0" count_in_map="1" count_in_player="0" crafted="0" deloot="0"/>
        <category name="weapons"/>
        <usage name="Military"/>
    </type>
    <type name="A6_Mag_556_PMAG_60Rnd">
        <nominal>0</nominal>
        <lifetime>14400</lifetime>
        <restock>0</restock>
        <min>0</min>
        <quantmin>5</quantmin>
        <quantmax>50</quantmax>
        <cost>100</cost>
        <flags count_in_cargo="0" count_in_hoarder="0" count_in_map="1" count_in_player="0" crafted="0" deloot="0"/>
        <category name="weapons"/>
        <usage name="Military"/>
    </type>
    <type name="A6_Mag_VSS_10Rnd">
        <nominal>0</nominal>
        <lifetime>14400</lifetime>
        <restock>0</restock>
        <min>0</min>
        <quantmin>10</quantmin>
        <quantmax>100</quantmax>
        <cost>100</cost>
        <flags count_in_cargo="0" count_in_hoarder="0" count_in_map="1" count_in_player="0" crafted="0" deloot="0"/>
        <category name="weapons"/>
        <usage name="Military"/>
    </type>
    <type name="A6_Mag_VSS_Red_10Rnd">
        <nominal>0</nominal>
        <lifetime>14400</lifetime>
        <restock>0</restock>
        <min>0</min>
        <quantmin>10</quantmin>
        <quantmax>100</quantmax>
        <cost>100</cost>
        <flags count_in_cargo="0" count_in_hoarder="0" count_in_map="1" count_in_player="0" crafted="0" deloot="0"/>
        <category name="weapons"/>
        <usage name="Military"/>
    </type>
    <type name="A6_Mag_VAL_20Rnd">
        <nominal>0</nominal>
        <lifetime>14400</lifetime>
        <restock>0</restock>
        <min>0</min>
        <quantmin>10</quantmin>
        <quantmax>100</quantmax>
        <cost>100</cost>
        <flags count_in_cargo="0" count_in_hoarder="0" count_in_map="1" count_in_player="0" crafted="0" deloot="0"/>
        <category name="weapons"/>
        <usage name="Military"/>
    </type>
    <type name="A6_Mag_VAL_Red_20Rnd">
        <nominal>0</nominal>
        <lifetime>14400</lifetime>
        <restock>0</restock>
        <min>0</min>
        <quantmin>10</quantmin>
        <quantmax>100</quantmax>
        <cost>100</cost>
        <flags count_in_cargo="0" count_in_hoarder="0" count_in_map="1" count_in_player="0" crafted="0" deloot="0"/>
        <category name="weapons"/>
        <usage name="Military"/>
    </type>
    <type name="A6_Mag_Vikhr_30Rnd">
        <nominal>0</nominal>
        <lifetime>14400</lifetime>
        <restock>0</restock>
        <min>0</min>
        <quantmin>10</quantmin>
        <quantmax>100</quantmax>
        <cost>100</cost>
        <flags count_in_cargo="0" count_in_hoarder="0" count_in_map="1" count_in_player="0" crafted="0" deloot="0"/>
        <category name="weapons"/>
        <usage name="Military"/>
    </type>
    <type name="A6_Mag_SR3_30Rnd">
        <nominal>0</nominal>
        <lifetime>14400</lifetime>
        <restock>0</restock>
        <min>0</min>
        <quantmin>10</quantmin>
        <quantmax>100</quantmax>
        <cost>100</cost>
        <flags count_in_cargo="0" count_in_hoarder="0" count_in_map="1" count_in_player="0" crafted="0" deloot="0"/>
        <category name="weapons"/>
        <usage name="Military"/>
    </type>
    <type name="A6_Mag_SR3_Red_30Rnd">
        <nominal>0</nominal>
        <lifetime>14400</lifetime>
        <restock>0</restock>
        <min>0</min>
        <quantmin>10</quantmin>
        <quantmax>100</quantmax>
        <cost>100</cost>
        <flags count_in_cargo="0" count_in_hoarder="0" count_in_map="1" count_in_player="0" crafted="0" deloot="0"/>
        <category name="weapons"/>
        <usage name="Military"/>
    </type>
    <type name="A6_Mag_308_Stanag_20Rnd">
        <nominal>0</nominal>
        <lifetime>14400</lifetime>
        <restock>0</restock>
        <min>0</min>
        <quantmin>10</quantmin>
        <quantmax>100</quantmax>
        <cost>1000</cost>
        <flags count_in_cargo="0" count_in_hoarder="0" count_in_map="1" count_in_player="0" crafted="0" deloot="0"/>
        <category name="weapons"/>
        <usage name="Military"/>
    </type>
    <type name="A6_Mag_308_PMAG_20Rnd">
        <nominal>0</nominal>
        <lifetime>14400</lifetime>
        <restock>0</restock>
        <min>0</min>
        <quantmin>10</quantmin>
        <quantmax>100</quantmax>
        <cost>1000</cost>
        <flags count_in_cargo="0" count_in_hoarder="0" count_in_map="1" count_in_player="0" crafted="0" deloot="0"/>
        <category name="weapons"/>
        <usage name="Military"/>
    </type>
    <type name="A6_Mag_68_SPC_30Rnd">
        <nominal>0</nominal>
        <lifetime>14400</lifetime>
        <restock>0</restock>
        <min>0</min>
        <quantmin>10</quantmin>
        <quantmax>100</quantmax>
        <cost>1000</cost>
        <flags count_in_cargo="0" count_in_hoarder="0" count_in_map="1" count_in_player="0" crafted="0" deloot="0"/>
        <category name="weapons"/>
        <usage name="Military"/>
    </type>
    <type name="A6_Mag_M14_10Rnd">
        <nominal>0</nominal>
        <lifetime>14400</lifetime>
        <restock>0</restock>
        <min>0</min>
        <quantmin>5</quantmin>
        <quantmax>50</quantmax>
        <cost>100</cost>
        <flags count_in_cargo="0" count_in_hoarder="0" count_in_map="1" count_in_player="0" crafted="0" deloot="0"/>
        <category name="weapons"/>
        <usage name="Military"/>
    </type>
    <type name="A6_Mag_M14_20Rnd">
        <nominal>0</nominal>
        <lifetime>14400</lifetime>
        <restock>0</restock>
        <min>0</min>
        <quantmin>5</quantmin>
        <quantmax>50</quantmax>
        <cost>100</cost>
        <flags count_in_cargo="0" count_in_hoarder="0" count_in_map="1" count_in_player="0" crafted="0" deloot="0"/>
        <category name="weapons"/>
        <usage name="Military"/>
    </type>
    <type name="A6_Mag_HKG28_20Rnd">
        <nominal>0</nominal>
        <lifetime>14400</lifetime>
        <restock>0</restock>
        <min>0</min>
        <quantmin>5</quantmin>
        <quantmax>50</quantmax>
        <cost>100</cost>
        <flags count_in_cargo="0" count_in_hoarder="0" count_in_map="1" count_in_player="0" crafted="0" deloot="0"/>
        <category name="weapons"/>
        <usage name="Military"/>
    </type>
    <type name="A6_Mag_SCARH_20Rnd">
        <nominal>0</nominal>
        <lifetime>14400</lifetime>
        <restock>0</restock>
        <min>0</min>
        <quantmin>5</quantmin>
        <quantmax>50</quantmax>
        <cost>100</cost>
        <flags count_in_cargo="0" count_in_hoarder="0" count_in_map="1" count_in_player="0" crafted="0" deloot="0"/>
        <category name="weapons"/>
        <usage name="Military"/>
    </type>
    <type name="A6_Mag_SCARH_Tan_20Rnd">
        <nominal>0</nominal>
        <lifetime>14400</lifetime>
        <restock>0</restock>
        <min>0</min>
        <quantmin>5</quantmin>
        <quantmax>50</quantmax>
        <cost>100</cost>
        <flags count_in_cargo="0" count_in_hoarder="0" count_in_map="1" count_in_player="0" crafted="0" deloot="0"/>
        <category name="weapons"/>
        <usage name="Military"/>
    </type>
    <type name="A6_Mag_FAL_20Rnd">
        <nominal>0</nominal>
        <lifetime>14400</lifetime>
        <restock>0</restock>
        <min>0</min>
        <quantmin>5</quantmin>
        <quantmax>50</quantmax>
        <cost>100</cost>
        <flags count_in_cargo="0" count_in_hoarder="0" count_in_map="1" count_in_player="0" crafted="0" deloot="0"/>
        <category name="weapons"/>
        <usage name="Military"/>
    </type>
    <type name="A6_Mag_FAL_30Rnd">
        <nominal>0</nominal>
        <lifetime>14400</lifetime>
        <restock>0</restock>
        <min>0</min>
        <quantmin>5</quantmin>
        <quantmax>50</quantmax>
        <cost>100</cost>
        <flags count_in_cargo="0" count_in_hoarder="0" count_in_map="1" count_in_player="0" crafted="0" deloot="0"/>
        <category name="weapons"/>
        <usage name="Military"/>
    </type>
    <type name="A6_Mag_FAL_50Rnd">
        <nominal>0</nominal>
        <lifetime>14400</lifetime>
        <restock>0</restock>
        <min>0</min>
        <quantmin>5</quantmin>
        <quantmax>50</quantmax>
        <cost>100</cost>
        <flags count_in_cargo="0" count_in_hoarder="0" count_in_map="1" count_in_player="0" crafted="0" deloot="0"/>
        <category name="weapons"/>
        <usage name="Military"/>
    </type>
    <type name="A6_Mag_MCX_Spear_20Rnd">
        <nominal>0</nominal>
        <lifetime>14400</lifetime>
        <restock>0</restock>
        <min>0</min>
        <quantmin>5</quantmin>
        <quantmax>50</quantmax>
        <cost>100</cost>
        <flags count_in_cargo="0" count_in_hoarder="0" count_in_map="1" count_in_player="0" crafted="0" deloot="0"/>
        <category name="weapons"/>
        <usage name="Military"/>
    </type>
    <type name="A6_Mag_Beowulf_10Rnd">
        <nominal>0</nominal>
        <lifetime>14400</lifetime>
        <restock>0</restock>
        <min>0</min>
        <quantmin>5</quantmin>
        <quantmax>50</quantmax>
        <cost>100</cost>
        <flags count_in_cargo="0" count_in_hoarder="0" count_in_map="1" count_in_player="0" crafted="0" deloot="0"/>
        <category name="weapons"/>
        <usage name="Military"/>
    </type>
    <type name="A6_Mag_ASH12_10Rnd">
        <nominal>0</nominal>
        <lifetime>14400</lifetime>
        <restock>0</restock>
        <min>0</min>
        <quantmin>5</quantmin>
        <quantmax>50</quantmax>
        <cost>100</cost>
        <flags count_in_cargo="0" count_in_hoarder="0" count_in_map="1" count_in_player="0" crafted="0" deloot="0"/>
        <category name="weapons"/>
        <usage name="Military"/>
    </type>
    <type name="A6_Mag_ASH12_20Rnd">
        <nominal>0</nominal>
        <lifetime>14400</lifetime>
        <restock>0</restock>
        <min>0</min>
        <quantmin>5</quantmin>
        <quantmax>50</quantmax>
        <cost>100</cost>
        <flags count_in_cargo="0" count_in_hoarder="0" count_in_map="1" count_in_player="0" crafted="0" deloot="0"/>
        <category name="weapons"/>
        <usage name="Military"/>
    </type>
    <!--Sniper Magazines-->
    <type name="A6_Mag_M24_5Rnd">
        <nominal>0</nominal>
        <lifetime>14400</lifetime>
        <restock>0</restock>
        <min>0</min>
        <quantmin>5</quantmin>
        <quantmax>40</quantmax>
        <cost>100</cost>
        <flags count_in_cargo="0" count_in_hoarder="0" count_in_map="1" count_in_player="0" crafted="0" deloot="0"/>
        <category name="weapons"/>
        <usage name="Military"/>
    </type>
    <type name="A6_Mag_SV98_10Rnd">
        <nominal>0</nominal>
        <lifetime>14400</lifetime>
        <restock>0</restock>
        <min>0</min>
        <quantmin>10</quantmin>
        <quantmax>100</quantmax>
        <cost>1000</cost>
        <flags count_in_cargo="0" count_in_hoarder="0" count_in_map="1" count_in_player="0" crafted="0" deloot="0"/>
        <category name="weapons"/>
        <usage name="Military"/>
    </type>
    <type name="A6_Mag_Delta5_10Rnd">
        <nominal>0</nominal>
        <lifetime>14400</lifetime>
        <restock>0</restock>
        <min>0</min>
        <quantmin>10</quantmin>
        <quantmax>100</quantmax>
        <cost>1000</cost>
        <flags count_in_cargo="0" count_in_hoarder="0" count_in_map="1" count_in_player="0" crafted="0" deloot="0"/>
        <category name="weapons"/>
        <usage name="Military"/>
    </type>
    <type name="A6_Mag_R700_5Rnd">
        <nominal>0</nominal>
        <lifetime>14400</lifetime>
        <restock>0</restock>
        <min>0</min>
        <quantmin>5</quantmin>
        <quantmax>40</quantmax>
        <cost>100</cost>
        <flags count_in_cargo="0" count_in_hoarder="0" count_in_map="1" count_in_player="0" crafted="0" deloot="0"/>
        <category name="weapons"/>
        <usage name="Town"/>
        <usage name="Village"/>
        <usage name="Hunting"/>
    </type>
    <type name="A6_Mag_SVD_10Rnd">
        <nominal>0</nominal>
        <lifetime>14400</lifetime>
        <restock>0</restock>
        <min>0</min>
        <quantmin>10</quantmin>
        <quantmax>100</quantmax>
        <cost>1000</cost>
        <flags count_in_cargo="0" count_in_hoarder="0" count_in_map="1" count_in_player="0" crafted="0" deloot="0"/>
        <category name="weapons"/>
        <usage name="Military"/>
    </type>
    <type name="A6_Mag_SVD_20Rnd">
        <nominal>0</nominal>
        <lifetime>14400</lifetime>
        <restock>0</restock>
        <min>0</min>
        <quantmin>10</quantmin>
        <quantmax>100</quantmax>
        <cost>1000</cost>
        <flags count_in_cargo="0" count_in_hoarder="0" count_in_map="1" count_in_player="0" crafted="0" deloot="0"/>
        <category name="weapons"/>
        <usage name="Military"/>
    </type>
    <type name="A6_Mag_DVL10_5Rnd">
        <nominal>0</nominal>
        <lifetime>14400</lifetime>
        <restock>0</restock>
        <min>0</min>
        <quantmin>10</quantmin>
        <quantmax>100</quantmax>
        <cost>1000</cost>
        <flags count_in_cargo="0" count_in_hoarder="0" count_in_map="1" count_in_player="0" crafted="0" deloot="0"/>
        <category name="weapons"/>
        <usage name="Military"/>
    </type>
    <type name="A6_Mag_TheFix_10Rnd">
        <nominal>0</nominal>
        <lifetime>14400</lifetime>
        <restock>0</restock>
        <min>0</min>
        <quantmin>10</quantmin>
        <quantmax>100</quantmax>
        <cost>1000</cost>
        <flags count_in_cargo="0" count_in_hoarder="0" count_in_map="1" count_in_player="0" crafted="0" deloot="0"/>
        <category name="weapons"/>
        <usage name="Military"/>
    </type>
    <type name="A6_Mag_AWM_5Rnd">
        <nominal>0</nominal>
        <lifetime>14400</lifetime>
        <restock>0</restock>
        <min>0</min>
        <quantmin>10</quantmin>
        <quantmax>100</quantmax>
        <cost>1000</cost>
        <flags count_in_cargo="0" count_in_hoarder="0" count_in_map="1" count_in_player="0" crafted="0" deloot="0"/>
        <category name="weapons"/>
        <usage name="Military"/>
    </type>
    <type name="A6_Mag_T5000_5Rnd">
        <nominal>0</nominal>
        <lifetime>14400</lifetime>
        <restock>0</restock>
        <min>0</min>
        <quantmin>10</quantmin>
        <quantmax>100</quantmax>
        <cost>1000</cost>
        <flags count_in_cargo="0" count_in_hoarder="0" count_in_map="1" count_in_player="0" crafted="0" deloot="0"/>
        <category name="weapons"/>
        <usage name="Military"/>
    </type>
    <type name="A6_Mag_AX_7Rnd">
        <nominal>0</nominal>
        <lifetime>14400</lifetime>
        <restock>0</restock>
        <min>0</min>
        <quantmin>10</quantmin>
        <quantmax>100</quantmax>
        <cost>1000</cost>
        <flags count_in_cargo="0" count_in_hoarder="0" count_in_map="1" count_in_player="0" crafted="0" deloot="0"/>
        <category name="weapons"/>
        <usage name="Military"/>
    </type>
    <type name="A6_Mag_SRSA2_8Rnd">
        <nominal>0</nominal>
        <lifetime>14400</lifetime>
        <restock>0</restock>
        <min>0</min>
        <quantmin>10</quantmin>
        <quantmax>100</quantmax>
        <cost>1000</cost>
        <flags count_in_cargo="0" count_in_hoarder="0" count_in_map="1" count_in_player="0" crafted="0" deloot="0"/>
        <category name="weapons"/>
        <usage name="Military"/>
    </type>
    <type name="A6_Mag_MK18_Mjolnir_10Rnd">
        <nominal>0</nominal>
        <lifetime>14400</lifetime>
        <restock>0</restock>
        <min>0</min>
        <quantmin>10</quantmin>
        <quantmax>100</quantmax>
        <cost>1000</cost>
        <flags count_in_cargo="0" count_in_hoarder="0" count_in_map="1" count_in_player="0" crafted="0" deloot="0"/>
        <category name="weapons"/>
        <usage name="Military"/>
    </type>
    <type name="A6_Mag_VSSK_5Rnd">
        <nominal>0</nominal>
        <lifetime>14400</lifetime>
        <restock>0</restock>
        <min>0</min>
        <quantmin>10</quantmin>
        <quantmax>100</quantmax>
        <cost>1000</cost>
        <flags count_in_cargo="0" count_in_hoarder="0" count_in_map="1" count_in_player="0" crafted="0" deloot="0"/>
        <category name="weapons"/>
        <usage name="Military"/>
    </type>
    <type name="A6_Mag_M200_7Rnd">
        <nominal>0</nominal>
        <lifetime>14400</lifetime>
        <restock>0</restock>
        <min>0</min>
        <quantmin>10</quantmin>
        <quantmax>100</quantmax>
        <cost>1000</cost>
        <flags count_in_cargo="0" count_in_hoarder="0" count_in_map="1" count_in_player="0" crafted="0" deloot="0"/>
        <category name="weapons"/>
        <usage name="Military"/>
    </type>
    <type name="A6_Mag_M200_Tan_7Rnd">
        <nominal>0</nominal>
        <lifetime>14400</lifetime>
        <restock>0</restock>
        <min>0</min>
        <quantmin>10</quantmin>
        <quantmax>100</quantmax>
        <cost>1000</cost>
        <flags count_in_cargo="0" count_in_hoarder="0" count_in_map="1" count_in_player="0" crafted="0" deloot="0"/>
        <category name="weapons"/>
        <usage name="Military"/>
    </type>
    <type name="A6_Mag_GM6Lynx_5Rnd">
        <nominal>0</nominal>
        <lifetime>14400</lifetime>
        <restock>0</restock>
        <min>0</min>
        <quantmin>10</quantmin>
        <quantmax>100</quantmax>
        <cost>1000</cost>
        <flags count_in_cargo="0" count_in_hoarder="0" count_in_map="1" count_in_player="0" crafted="0" deloot="0"/>
        <category name="weapons"/>
        <usage name="Military"/>
    </type>
    <type name="A6_Mag_M82_10Rnd">
        <nominal>0</nominal>
        <lifetime>14400</lifetime>
        <restock>0</restock>
        <min>0</min>
        <quantmin>10</quantmin>
        <quantmax>100</quantmax>
        <cost>1000</cost>
        <flags count_in_cargo="0" count_in_hoarder="0" count_in_map="1" count_in_player="0" crafted="0" deloot="0"/>
        <category name="weapons"/>
        <usage name="Military"/>
    </type>
    <type name="A6_Mag_Alligator_Snipex_5Rnd">
        <nominal>0</nominal>
        <lifetime>14400</lifetime>
        <restock>0</restock>
        <min>0</min>
        <quantmin>10</quantmin>
        <quantmax>100</quantmax>
        <cost>1000</cost>
        <flags count_in_cargo="0" count_in_hoarder="0" count_in_map="1" count_in_player="0" crafted="0" deloot="0"/>
        <category name="weapons"/>
        <usage name="Military"/>
    </type>
    <type name="A6_Mag_M249_200Rnd">
        <nominal>0</nominal>
        <lifetime>14400</lifetime>
        <restock>0</restock>
        <min>0</min>
        <quantmin>20</quantmin>
        <quantmax>70</quantmax>
        <cost>1000</cost>
        <flags count_in_cargo="0" count_in_hoarder="0" count_in_map="1" count_in_player="0" crafted="0" deloot="0"/>
        <category name="weapons"/>
        <usage name="Military"/>
    </type>
    <type name="A6_Mag_FNEvolys_100Rnd">
        <nominal>0</nominal>
        <lifetime>14400</lifetime>
        <restock>0</restock>
        <min>0</min>
        <quantmin>10</quantmin>
        <quantmax>100</quantmax>
        <cost>1000</cost>
        <flags count_in_cargo="0" count_in_hoarder="0" count_in_map="1" count_in_player="0" crafted="0" deloot="0"/>
        <category name="weapons"/>
        <usage name="Military"/>
    </type>
    <type name="A6_Mag_M60E4_100Rnd">
        <nominal>0</nominal>
        <lifetime>14400</lifetime>
        <restock>0</restock>
        <min>0</min>
        <quantmin>10</quantmin>
        <quantmax>100</quantmax>
        <cost>1000</cost>
        <flags count_in_cargo="0" count_in_hoarder="0" count_in_map="1" count_in_player="0" crafted="0" deloot="0"/>
        <category name="weapons"/>
        <usage name="Military"/>
    </type>
    <type name="A6_Mag_PKM_100Rnd">
        <nominal>0</nominal>
        <lifetime>14400</lifetime>
        <restock>0</restock>
        <min>0</min>
        <quantmin>10</quantmin>
        <quantmax>100</quantmax>
        <cost>1000</cost>
        <flags count_in_cargo="0" count_in_hoarder="0" count_in_map="1" count_in_player="0" crafted="0" deloot="0"/>
        <category name="weapons"/>
        <usage name="Military"/>
    </type>
</types>  
