<?xml version="1.0" ?>
<types>
  <type name="Ammo_12gaPellets">
    <nominal>100</nominal>
    <lifetime>14400</lifetime>
    <restock>0</restock>
    <min>75</min>
    <quantmin>10</quantmin>
    <quantmax>30</quantmax>
    <cost>100</cost>
    <flags count_in_cargo="0" count_in_hoarder="0" count_in_map="1" count_in_player="0" crafted="0" deloot="0"/>
    <category name="weapons"/>
    <tag name="shelves"/>
    <usage name="Police"/>
    <usage name="Farm"/>
    <usage name="Town"/>
    <usage name="Village"/>
    <usage name="Hunting"/>
  </type>
  <type name="Ammo_12gaRubberSlug">
    <nominal>40</nominal>
    <lifetime>28800</lifetime>
    <restock>0</restock>
    <min>35</min>
    <quantmin>10</quantmin>
    <quantmax>30</quantmax>
    <cost>100</cost>
    <flags count_in_cargo="0" count_in_hoarder="0" count_in_map="1" count_in_player="0" crafted="0" deloot="0"/>
    <category name="weapons"/>
    <tag name="shelves"/>
    <usage name="Police"/>
    <usage name="Farm"/>
  </type>
  <type name="Ammo_12gaSlug">
    <nominal>100</nominal>
    <lifetime>14400</lifetime>
    <restock>0</restock>
    <min>65</min>
    <quantmin>10</quantmin>
    <quantmax>30</quantmax>
    <cost>100</cost>
    <flags count_in_cargo="0" count_in_hoarder="0" count_in_map="1" count_in_player="0" crafted="0" deloot="0"/>
    <category name="weapons"/>
    <tag name="shelves"/>
    <usage name="Police"/>
    <usage name="Farm"/>
    <usage name="Town"/>
    <usage name="Village"/>
    <usage name="Hunting"/>
  </type>
  <type name="Ammo_22">
    <nominal>90</nominal>
    <lifetime>14400</lifetime>
    <restock>0</restock>
    <min>70</min>
    <quantmin>10</quantmin>
    <quantmax>40</quantmax>
    <cost>100</cost>
    <flags count_in_cargo="0" count_in_hoarder="0" count_in_map="1" count_in_player="0" crafted="0" deloot="0"/>
    <category name="weapons"/>
    <tag name="shelves"/>
    <usage name="Town"/>
    <usage name="Village"/>
  </type>
  <type name="Ammo_308Win">
    <nominal>50</nominal>
    <lifetime>14400</lifetime>
    <restock>180</restock>
    <min>30</min>
    <quantmin>10</quantmin>
    <quantmax>30</quantmax>
    <cost>100</cost>
    <flags count_in_cargo="0" count_in_hoarder="0" count_in_map="1" count_in_player="0" crafted="0" deloot="0"/>
    <category name="weapons"/>
    <tag name="shelves"/>
    <usage name="Farm"/>
    <usage name="Hunting"/>
  </type>
  <type name="Ammo_308WinTracer">
    <nominal>30</nominal>
    <lifetime>28800</lifetime>
    <restock>1800</restock>
    <min>20</min>
    <quantmin>10</quantmin>
    <quantmax>25</quantmax>
    <cost>100</cost>
    <flags count_in_cargo="0" count_in_hoarder="0" count_in_map="1" count_in_player="0" crafted="0" deloot="0"/>
    <category name="weapons"/>
    <tag name="shelves"/>
    <usage name="Military"/>
    <value name="Tier2"/>
    <value name="Tier3"/>
    <value name="Tier4"/>
  </type>
  <type name="Ammo_357">
    <nominal>90</nominal>
    <lifetime>28800</lifetime>
    <restock>0</restock>
    <min>65</min>
    <quantmin>10</quantmin>
    <quantmax>25</quantmax>
    <cost>100</cost>
    <flags count_in_cargo="0" count_in_hoarder="0" count_in_map="1" count_in_player="0" crafted="0" deloot="0"/>
    <category name="weapons"/>
    <tag name="shelves"/>
    <usage name="Farm"/>
    <usage name="Village"/>
  </type>
  <type name="Ammo_380">
    <nominal>100</nominal>
    <lifetime>14400</lifetime>
    <restock>0</restock>
    <min>85</min>
    <quantmin>10</quantmin>
    <quantmax>40</quantmax>
    <cost>100</cost>
    <flags count_in_cargo="0" count_in_hoarder="0" count_in_map="1" count_in_player="0" crafted="0" deloot="0"/>
    <category name="weapons"/>
    <tag name="shelves"/>
    <usage name="Town"/>
    <usage name="Village"/>
  </type>
  <type name="Ammo_40mm_Chemgas">
    <nominal>5</nominal>
    <lifetime>5400</lifetime>
    <restock>1800</restock>
    <min>3</min>
    <quantmin>100</quantmin>
    <quantmax>100</quantmax>
    <cost>100</cost>
    <flags count_in_cargo="0" count_in_hoarder="0" count_in_map="1" count_in_player="0" crafted="0" deloot="0"/>
    <category name="weapons"/>
    <usage name="ContaminatedArea"/>
  </type>
  <type name="Ammo_40mm_Explosive">
    <nominal>8</nominal>
    <lifetime>14400</lifetime>
    <restock>0</restock>
    <min>5</min>
    <quantmin>100</quantmin>
    <quantmax>100</quantmax>
    <cost>100</cost>
    <flags count_in_cargo="0" count_in_hoarder="0" count_in_map="1" count_in_player="0" crafted="0" deloot="0"/>
    <category name="weapons"/>
    <usage name="Military"/>
    <value name="Tier3"/>
    <value name="Tier4"/>
    <value name="Tier5"/>
  </type>
  <type name="Ammo_40mm_Smoke_Black">
    <nominal>15</nominal>
    <lifetime>14400</lifetime>
    <restock>0</restock>
    <min>8</min>
    <quantmin>100</quantmin>
    <quantmax>100</quantmax>
    <cost>100</cost>
    <flags count_in_cargo="0" count_in_hoarder="0" count_in_map="1" count_in_player="0" crafted="0" deloot="0"/>
    <category name="weapons"/>
    <usage name="Military"/>
  </type>
  <type name="Ammo_40mm_Smoke_Green">
    <nominal>15</nominal>
    <lifetime>14400</lifetime>
    <restock>0</restock>
    <min>8</min>
    <quantmin>100</quantmin>
    <quantmax>100</quantmax>
    <cost>100</cost>
    <flags count_in_cargo="0" count_in_hoarder="0" count_in_map="1" count_in_player="0" crafted="0" deloot="0"/>
    <category name="weapons"/>
    <usage name="Military"/>
  </type>
  <type name="Ammo_40mm_Smoke_Red">
    <nominal>15</nominal>
    <lifetime>14400</lifetime>
    <restock>0</restock>
    <min>8</min>
    <quantmin>100</quantmin>
    <quantmax>100</quantmax>
    <cost>100</cost>
    <flags count_in_cargo="0" count_in_hoarder="0" count_in_map="1" count_in_player="0" crafted="0" deloot="0"/>
    <category name="weapons"/>
    <usage name="Military"/>
  </type>
  <type name="Ammo_40mm_Smoke_White">
    <nominal>15</nominal>
    <lifetime>14400</lifetime>
    <restock>0</restock>
    <min>8</min>
    <quantmin>100</quantmin>
    <quantmax>100</quantmax>
    <cost>100</cost>
    <flags count_in_cargo="0" count_in_hoarder="0" count_in_map="1" count_in_player="0" crafted="0" deloot="0"/>
    <category name="weapons"/>
    <usage name="Military"/>
  </type>
  <type name="Ammo_45ACP">
    <nominal>75</nominal>
    <lifetime>14400</lifetime>
    <restock>180</restock>
    <min>50</min>
    <quantmin>10</quantmin>
    <quantmax>25</quantmax>
    <cost>100</cost>
    <flags count_in_cargo="0" count_in_hoarder="0" count_in_map="1" count_in_player="0" crafted="0" deloot="0"/>
    <category name="weapons"/>
    <tag name="shelves"/>
    <usage name="Military"/>
  </type>
  <type name="Ammo_545x39">
    <nominal>25</nominal>
    <lifetime>28800</lifetime>
    <restock>0</restock>
    <min>13</min>
    <quantmin>10</quantmin>
    <quantmax>25</quantmax>
    <cost>100</cost>
    <flags count_in_cargo="0" count_in_hoarder="0" count_in_map="1" count_in_player="0" crafted="0" deloot="0"/>
    <category name="weapons"/>
    <tag name="shelves"/>
    <usage name="Military"/>
  </type>
  <type name="Ammo_545x39Tracer">
    <nominal>25</nominal>
    <lifetime>28800</lifetime>
    <restock>180</restock>
    <min>10</min>
    <quantmin>10</quantmin>
    <quantmax>30</quantmax>
    <cost>100</cost>
    <flags count_in_cargo="0" count_in_hoarder="0" count_in_map="1" count_in_player="0" crafted="0" deloot="0"/>
    <category name="weapons"/>
    <tag name="shelves"/>
    <usage name="Military"/>
  </type>
  <type name="Ammo_556x45">
    <nominal>50</nominal>
    <lifetime>14400</lifetime>
    <restock>0</restock>
    <min>30</min>
    <quantmin>10</quantmin>
    <quantmax>40</quantmax>
    <cost>100</cost>
    <flags count_in_cargo="0" count_in_hoarder="0" count_in_map="1" count_in_player="0" crafted="0" deloot="0"/>
    <category name="weapons"/>
    <tag name="shelves"/>
    <usage name="Military"/>
    <value name="Tier2"/>
    <value name="Tier3"/>
    <value name="Tier4"/>
  </type>
  <type name="Ammo_556x45Tracer">
    <nominal>25</nominal>
    <lifetime>28800</lifetime>
    <restock>180</restock>
    <min>15</min>
    <quantmin>10</quantmin>
    <quantmax>30</quantmax>
    <cost>100</cost>
    <flags count_in_cargo="0" count_in_hoarder="0" count_in_map="1" count_in_player="0" crafted="0" deloot="0"/>
    <category name="weapons"/>
    <tag name="shelves"/>
    <usage name="Military"/>
    <value name="Tier2"/>
    <value name="Tier3"/>
    <value name="Tier4"/>
  </type>
  <type name="Ammo_762x39">
    <nominal>100</nominal>
    <lifetime>14400</lifetime>
    <restock>0</restock>
    <min>70</min>
    <quantmin>10</quantmin>
    <quantmax>30</quantmax>
    <cost>100</cost>
    <flags count_in_cargo="0" count_in_hoarder="0" count_in_map="1" count_in_player="0" crafted="0" deloot="0"/>
    <category name="weapons"/>
    <tag name="shelves"/>
    <usage name="Farm"/>
    <usage name="Village"/>
    <usage name="Hunting"/>
    <value name="Tier1"/>
    <value name="Tier2"/>
    <value name="Tier3"/>
  </type>
  <type name="Ammo_762x39Tracer">
    <nominal>45</nominal>
    <lifetime>28800</lifetime>
    <restock>0</restock>
    <min>30</min>
    <quantmin>10</quantmin>
    <quantmax>25</quantmax>
    <cost>100</cost>
    <flags count_in_cargo="0" count_in_hoarder="0" count_in_map="1" count_in_player="0" crafted="0" deloot="0"/>
    <category name="weapons"/>
    <tag name="shelves"/>
    <usage name="Military"/>
    <value name="Tier2"/>
    <value name="Tier3"/>
    <value name="Tier4"/>
  </type>
  <type name="Ammo_762x54">
    <nominal>60</nominal>
    <lifetime>14400</lifetime>
    <restock>0</restock>
    <min>45</min>
    <quantmin>10</quantmin>
    <quantmax>30</quantmax>
    <cost>100</cost>
    <flags count_in_cargo="0" count_in_hoarder="0" count_in_map="1" count_in_player="0" crafted="0" deloot="0"/>
    <category name="weapons"/>
    <tag name="shelves"/>
    <usage name="Farm"/>
    <usage name="Town"/>
    <usage name="Village"/>
    <usage name="Hunting"/>
    <value name="Tier2"/>
    <value name="Tier3"/>
    <value name="Tier4"/>
  </type>
  <type name="Ammo_762x54Tracer">
    <nominal>25</nominal>
    <lifetime>28800</lifetime>
    <restock>0</restock>
    <min>15</min>
    <quantmin>10</quantmin>
    <quantmax>30</quantmax>
    <cost>100</cost>
    <flags count_in_cargo="0" count_in_hoarder="0" count_in_map="1" count_in_player="0" crafted="0" deloot="0"/>
    <category name="weapons"/>
    <tag name="shelves"/>
    <usage name="Military"/>
    <value name="Tier2"/>
    <value name="Tier3"/>
    <value name="Tier4"/>
  </type>
  <type name="Ammo_9x19">
    <nominal>100</nominal>
    <lifetime>14400</lifetime>
    <restock>0</restock>
    <min>75</min>
    <quantmin>10</quantmin>
    <quantmax>25</quantmax>
    <cost>100</cost>
    <flags count_in_cargo="0" count_in_hoarder="0" count_in_map="1" count_in_player="0" crafted="0" deloot="0"/>
    <category name="weapons"/>
    <tag name="shelves"/>
    <usage name="Town"/>
    <usage name="Village"/>
  </type>
  <type name="Ammo_9x39">
    <nominal>22</nominal>
    <lifetime>28800</lifetime>
    <restock>0</restock>
    <min>14</min>
    <quantmin>10</quantmin>
    <quantmax>30</quantmax>
    <cost>100</cost>
    <flags count_in_cargo="0" count_in_hoarder="0" count_in_map="1" count_in_player="0" crafted="0" deloot="0"/>
    <category name="weapons"/>
    <tag name="shelves"/>
    <usage name="Military"/>
  </type>
  <type name="Ammo_9x39AP">
    <nominal>15</nominal>
    <lifetime>28800</lifetime>
    <restock>0</restock>
    <min>10</min>
    <quantmin>10</quantmin>
    <quantmax>30</quantmax>
    <cost>100</cost>
    <flags count_in_cargo="0" count_in_hoarder="0" count_in_map="1" count_in_player="0" crafted="0" deloot="0"/>
    <category name="weapons"/>
    <tag name="shelves"/>
    <usage name="Military"/>
    <value name="Tier3"/>
    <value name="Tier4"/>
  </type>
  <type name="Ammo_CupidsBolt">
    <nominal>0</nominal>
    <lifetime>7200</lifetime>
    <restock>0</restock>
    <min>0</min>
    <quantmin>-1</quantmin>
    <quantmax>-1</quantmax>
    <cost>100</cost>
    <flags count_in_cargo="0" count_in_hoarder="0" count_in_map="1" count_in_player="0" crafted="1" deloot="0"/>
    <category name="weapons"/>
  </type>
  <type name="Ammo_Flare">
    <nominal>7</nominal>
    <lifetime>14400</lifetime>
    <restock>0</restock>
    <min>4</min>
    <quantmin>20</quantmin>
    <quantmax>40</quantmax>
    <cost>100</cost>
    <flags count_in_cargo="0" count_in_hoarder="0" count_in_map="1" count_in_player="0" crafted="0" deloot="0"/>
    <category name="weapons"/>
    <usage name="Military"/>
    <usage name="Police"/>
    <usage name="Medic"/>
    <usage name="Firefighter"/>
    <usage name="Coast"/>
  </type>
  <type name="Ammo_FlareBlue">
    <nominal>7</nominal>
    <lifetime>14400</lifetime>
    <restock>0</restock>
    <min>4</min>
    <quantmin>20</quantmin>
    <quantmax>40</quantmax>
    <cost>100</cost>
    <flags count_in_cargo="0" count_in_hoarder="0" count_in_map="1" count_in_player="0" crafted="0" deloot="0"/>
    <category name="weapons"/>
    <usage name="Military"/>
    <usage name="Police"/>
    <usage name="Medic"/>
    <usage name="Firefighter"/>
    <usage name="Coast"/>
  </type>
  <type name="Ammo_FlareGreen">
    <nominal>7</nominal>
    <lifetime>14400</lifetime>
    <restock>0</restock>
    <min>4</min>
    <quantmin>20</quantmin>
    <quantmax>40</quantmax>
    <cost>100</cost>
    <flags count_in_cargo="0" count_in_hoarder="0" count_in_map="1" count_in_player="0" crafted="0" deloot="0"/>
    <category name="weapons"/>
    <usage name="Military"/>
    <usage name="Police"/>
    <usage name="Medic"/>
    <usage name="Firefighter"/>
    <usage name="Coast"/>
  </type>
  <type name="Ammo_FlareRed">
    <nominal>7</nominal>
    <lifetime>14400</lifetime>
    <restock>0</restock>
    <min>4</min>
    <quantmin>20</quantmin>
    <quantmax>40</quantmax>
    <cost>100</cost>
    <flags count_in_cargo="0" count_in_hoarder="0" count_in_map="1" count_in_player="0" crafted="0" deloot="0"/>
    <category name="weapons"/>
    <usage name="Military"/>
    <usage name="Police"/>
    <usage name="Medic"/>
    <usage name="Firefighter"/>
    <usage name="Coast"/>
  </type>
  <type name="Ammo_HuntingBolt">
    <nominal>25</nominal>
    <lifetime>14400</lifetime>
    <restock>0</restock>
    <min>18</min>
    <quantmin>40</quantmin>
    <quantmax>100</quantmax>
    <cost>100</cost>
    <flags count_in_cargo="0" count_in_hoarder="0" count_in_map="1" count_in_player="0" crafted="0" deloot="0"/>
    <category name="weapons"/>
    <usage name="Hunting"/>
  </type>
  <type name="Ammo_ImprovisedBolt_1">
    <nominal>0</nominal>
    <lifetime>7200</lifetime>
    <restock>0</restock>
    <min>0</min>
    <quantmin>-1</quantmin>
    <quantmax>-1</quantmax>
    <cost>100</cost>
    <flags count_in_cargo="0" count_in_hoarder="0" count_in_map="1" count_in_player="0" crafted="1" deloot="0"/>
    <category name="weapons"/>
  </type>
  <type name="Ammo_ImprovisedBolt_2">
    <nominal>0</nominal>
    <lifetime>7200</lifetime>
    <restock>0</restock>
    <min>0</min>
    <quantmin>-1</quantmin>
    <quantmax>-1</quantmax>
    <cost>100</cost>
    <flags count_in_cargo="0" count_in_hoarder="0" count_in_map="1" count_in_player="0" crafted="1" deloot="0"/>
    <category name="weapons"/>
  </type>
</types>
