<?xml version="1.0" ?>
<types>
  <type name="AmmoBox_00buck_10rnd">
    <nominal>20</nominal>
    <lifetime>28800</lifetime>
    <restock>0</restock>
    <min>15</min>
    <quantmin>-1</quantmin>
    <quantmax>-1</quantmax>
    <cost>100</cost>
    <flags count_in_cargo="0" count_in_hoarder="0" count_in_map="1" count_in_player="0" crafted="0" deloot="0"/>
    <category name="weapons"/>
    <usage name="Police"/>
    <usage name="Hunting"/>
    <value name="Tier2"/>
    <value name="Tier3"/>
    <value name="Tier4"/>
  </type>
  <type name="AmmoBox_12gaRubberSlug_10Rnd">
    <nominal>16</nominal>
    <lifetime>7200</lifetime>
    <restock>0</restock>
    <min>10</min>
    <quantmin>-1</quantmin>
    <quantmax>-1</quantmax>
    <cost>100</cost>
    <flags count_in_cargo="0" count_in_hoarder="0" count_in_map="1" count_in_player="0" crafted="0" deloot="0"/>
    <category name="weapons"/>
    <usage name="Police"/>
  </type>
  <type name="AmmoBox_12gaSlug_10Rnd">
    <nominal>20</nominal>
    <lifetime>28800</lifetime>
    <restock>0</restock>
    <min>15</min>
    <quantmin>-1</quantmin>
    <quantmax>-1</quantmax>
    <cost>100</cost>
    <flags count_in_cargo="0" count_in_hoarder="0" count_in_map="1" count_in_player="0" crafted="0" deloot="0"/>
    <category name="weapons"/>
    <usage name="Police"/>
    <usage name="Hunting"/>
    <value name="Tier2"/>
    <value name="Tier3"/>
    <value name="Tier4"/>
  </type>
  <type name="AmmoBox_22_50Rnd">
    <nominal>55</nominal>
    <lifetime>14400</lifetime>
    <restock>0</restock>
    <min>40</min>
    <quantmin>-1</quantmin>
    <quantmax>-1</quantmax>
    <cost>100</cost>
    <flags count_in_cargo="0" count_in_hoarder="0" count_in_map="1" count_in_player="0" crafted="0" deloot="0"/>
    <category name="weapons"/>
    <usage name="Town"/>
    <usage name="Village"/>
  </type>
  <type name="AmmoBox_308WinTracer_20Rnd">
    <nominal>7</nominal>
    <lifetime>28800</lifetime>
    <restock>0</restock>
    <min>3</min>
    <quantmin>-1</quantmin>
    <quantmax>-1</quantmax>
    <cost>100</cost>
    <flags count_in_cargo="0" count_in_hoarder="0" count_in_map="1" count_in_player="0" crafted="0" deloot="0"/>
    <category name="weapons"/>
    <usage name="Military"/>
    <value name="Tier3"/>
    <value name="Tier4"/>
  </type>
  <type name="AmmoBox_308Win_20Rnd">
    <nominal>20</nominal>
    <lifetime>14400</lifetime>
    <restock>0</restock>
    <min>15</min>
    <quantmin>-1</quantmin>
    <quantmax>-1</quantmax>
    <cost>100</cost>
    <flags count_in_cargo="0" count_in_hoarder="0" count_in_map="1" count_in_player="0" crafted="0" deloot="0"/>
    <category name="weapons"/>
    <usage name="Hunting"/>
    <value name="Tier2"/>
    <value name="Tier3"/>
    <value name="Tier4"/>
  </type>
  <type name="AmmoBox_357_20Rnd">
    <nominal>30</nominal>
    <lifetime>28800</lifetime>
    <restock>0</restock>
    <min>15</min>
    <quantmin>-1</quantmin>
    <quantmax>-1</quantmax>
    <cost>100</cost>
    <flags count_in_cargo="0" count_in_hoarder="0" count_in_map="1" count_in_player="0" crafted="0" deloot="0"/>
    <category name="weapons"/>
    <usage name="Town"/>
  </type>
  <type name="AmmoBox_380_35rnd">
    <nominal>20</nominal>
    <lifetime>7200</lifetime>
    <restock>0</restock>
    <min>15</min>
    <quantmin>-1</quantmin>
    <quantmax>-1</quantmax>
    <cost>100</cost>
    <flags count_in_cargo="0" count_in_hoarder="0" count_in_map="1" count_in_player="0" crafted="0" deloot="0"/>
    <category name="weapons"/>
    <usage name="Police"/>
  </type>
  <type name="AmmoBox_45ACP_25rnd">
    <nominal>20</nominal>
    <lifetime>28800</lifetime>
    <restock>0</restock>
    <min>15</min>
    <quantmin>-1</quantmin>
    <quantmax>-1</quantmax>
    <cost>100</cost>
    <flags count_in_cargo="0" count_in_hoarder="0" count_in_map="1" count_in_player="0" crafted="0" deloot="0"/>
    <category name="weapons"/>
    <usage name="Military"/>
  </type>
  <type name="AmmoBox_545x39Tracer_20Rnd">
    <nominal>9</nominal>
    <lifetime>28800</lifetime>
    <restock>0</restock>
    <min>5</min>
    <quantmin>-1</quantmin>
    <quantmax>-1</quantmax>
    <cost>100</cost>
    <flags count_in_cargo="0" count_in_hoarder="0" count_in_map="1" count_in_player="0" crafted="0" deloot="0"/>
    <category name="weapons"/>
    <usage name="Military"/>
    <value name="Tier3"/>
    <value name="Tier4"/>
  </type>
  <type name="AmmoBox_545x39_20Rnd">
    <nominal>17</nominal>
    <lifetime>28800</lifetime>
    <restock>0</restock>
    <min>12</min>
    <quantmin>-1</quantmin>
    <quantmax>-1</quantmax>
    <cost>100</cost>
    <flags count_in_cargo="0" count_in_hoarder="0" count_in_map="1" count_in_player="0" crafted="0" deloot="0"/>
    <category name="weapons"/>
    <usage name="Military"/>
    <value name="Tier3"/>
    <value name="Tier4"/>
  </type>
  <type name="AmmoBox_556x45Tracer_20Rnd">
    <nominal>7</nominal>
    <lifetime>28800</lifetime>
    <restock>0</restock>
    <min>3</min>
    <quantmin>-1</quantmin>
    <quantmax>-1</quantmax>
    <cost>100</cost>
    <flags count_in_cargo="0" count_in_hoarder="0" count_in_map="1" count_in_player="0" crafted="0" deloot="1"/>
    <category name="weapons"/>
    <usage name="Military"/>
    <value name="Tier3"/>
    <value name="Tier4"/>
  </type>
  <type name="AmmoBox_556x45_20Rnd">
    <nominal>20</nominal>
    <lifetime>28800</lifetime>
    <restock>0</restock>
    <min>15</min>
    <quantmin>-1</quantmin>
    <quantmax>-1</quantmax>
    <cost>100</cost>
    <flags count_in_cargo="0" count_in_hoarder="0" count_in_map="1" count_in_player="0" crafted="0" deloot="1"/>
    <category name="weapons"/>
    <usage name="Military"/>
    <value name="Tier3"/>
    <value name="Tier4"/>
  </type>
  <type name="AmmoBox_762x39Tracer_20Rnd">
    <nominal>7</nominal>
    <lifetime>28800</lifetime>
    <restock>0</restock>
    <min>3</min>
    <quantmin>-1</quantmin>
    <quantmax>-1</quantmax>
    <cost>100</cost>
    <flags count_in_cargo="0" count_in_hoarder="0" count_in_map="1" count_in_player="0" crafted="0" deloot="0"/>
    <category name="weapons"/>
    <usage name="Military"/>
    <value name="Tier3"/>
    <value name="Tier4"/>
  </type>
  <type name="AmmoBox_762x39_20Rnd">
    <nominal>18</nominal>
    <lifetime>28800</lifetime>
    <restock>0</restock>
    <min>15</min>
    <quantmin>-1</quantmin>
    <quantmax>-1</quantmax>
    <cost>100</cost>
    <flags count_in_cargo="0" count_in_hoarder="0" count_in_map="1" count_in_player="0" crafted="0" deloot="0"/>
    <category name="weapons"/>
    <usage name="Military"/>
    <usage name="Hunting"/>
    <value name="Tier3"/>
    <value name="Tier4"/>
  </type>
  <type name="AmmoBox_762x54Tracer_20Rnd">
    <nominal>7</nominal>
    <lifetime>28800</lifetime>
    <restock>0</restock>
    <min>3</min>
    <quantmin>-1</quantmin>
    <quantmax>-1</quantmax>
    <cost>100</cost>
    <flags count_in_cargo="0" count_in_hoarder="0" count_in_map="1" count_in_player="0" crafted="0" deloot="0"/>
    <category name="weapons"/>
    <usage name="Military"/>
    <value name="Tier3"/>
    <value name="Tier4"/>
  </type>
  <type name="AmmoBox_762x54_20Rnd">
    <nominal>15</nominal>
    <lifetime>28800</lifetime>
    <restock>0</restock>
    <min>12</min>
    <quantmin>-1</quantmin>
    <quantmax>-1</quantmax>
    <cost>100</cost>
    <flags count_in_cargo="0" count_in_hoarder="0" count_in_map="1" count_in_player="0" crafted="0" deloot="0"/>
    <category name="weapons"/>
    <usage name="Military"/>
    <usage name="Hunting"/>
    <value name="Tier2"/>
    <value name="Tier3"/>
    <value name="Tier4"/>
  </type>
  <type name="AmmoBox_9x19_25rnd">
    <nominal>30</nominal>
    <lifetime>28800</lifetime>
    <restock>0</restock>
    <min>20</min>
    <quantmin>-1</quantmin>
    <quantmax>-1</quantmax>
    <cost>100</cost>
    <flags count_in_cargo="0" count_in_hoarder="0" count_in_map="1" count_in_player="0" crafted="0" deloot="0"/>
    <category name="weapons"/>
    <usage name="Military"/>
    <usage name="Police"/>
  </type>
  <type name="AmmoBox_9x39AP_20Rnd">
    <nominal>5</nominal>
    <lifetime>28800</lifetime>
    <restock>0</restock>
    <min>2</min>
    <quantmin>-1</quantmin>
    <quantmax>-1</quantmax>
    <cost>100</cost>
    <flags count_in_cargo="0" count_in_hoarder="0" count_in_map="1" count_in_player="0" crafted="0" deloot="0"/>
    <category name="weapons"/>
    <usage name="Military"/>
    <value name="Tier4"/>
  </type>
  <type name="AmmoBox_9x39_20Rnd">
    <nominal>7</nominal>
    <lifetime>28800</lifetime>
    <restock>0</restock>
    <min>3</min>
    <quantmin>-1</quantmin>
    <quantmax>-1</quantmax>
    <cost>100</cost>
    <flags count_in_cargo="0" count_in_hoarder="0" count_in_map="1" count_in_player="0" crafted="0" deloot="0"/>
    <category name="weapons"/>
    <usage name="Military"/>
  </type>
</types>
