<?xml version="1.0" ?>
<types>
  <type name="AliceBag_Black">
    <nominal>3</nominal>
    <lifetime>28800</lifetime>
    <restock>1800</restock>
    <min>1</min>
    <quantmin>-1</quantmin>
    <quantmax>-1</quantmax>
    <cost>100</cost>
    <flags count_in_cargo="1" count_in_hoarder="1" count_in_map="1" count_in_player="1" crafted="0" deloot="1"/>
    <category name="containers"/>
    <usage name="Military"/>
  </type>
  <type name="AliceBag_Camo">
    <nominal>3</nominal>
    <lifetime>28800</lifetime>
    <restock>1800</restock>
    <min>1</min>
    <quantmin>-1</quantmin>
    <quantmax>-1</quantmax>
    <cost>100</cost>
    <flags count_in_cargo="1" count_in_hoarder="1" count_in_map="1" count_in_player="1" crafted="0" deloot="1"/>
    <category name="containers"/>
    <usage name="Military"/>
  </type>
  <type name="AliceBag_Green">
    <nominal>3</nominal>
    <lifetime>28800</lifetime>
    <restock>1800</restock>
    <min>1</min>
    <quantmin>-1</quantmin>
    <quantmax>-1</quantmax>
    <cost>100</cost>
    <flags count_in_cargo="1" count_in_hoarder="1" count_in_map="1" count_in_player="1" crafted="0" deloot="1"/>
    <category name="containers"/>
    <usage name="Military"/>
  </type>
  <type name="ArmyPouch_Beige">
    <nominal>8</nominal>
    <lifetime>14400</lifetime>
    <restock>0</restock>
    <min>5</min>
    <quantmin>-1</quantmin>
    <quantmax>-1</quantmax>
    <cost>100</cost>
    <flags count_in_cargo="0" count_in_hoarder="0" count_in_map="1" count_in_player="0" crafted="0" deloot="0"/>
    <category name="containers"/>
    <usage name="Hunting"/>
    <value name="Tier1"/>
    <value name="Tier2"/>
    <value name="Tier3"/>
  </type>
  <type name="ArmyPouch_Black">
    <nominal>8</nominal>
    <lifetime>14400</lifetime>
    <restock>0</restock>
    <min>5</min>
    <quantmin>-1</quantmin>
    <quantmax>-1</quantmax>
    <cost>100</cost>
    <flags count_in_cargo="0" count_in_hoarder="0" count_in_map="1" count_in_player="0" crafted="0" deloot="0"/>
    <category name="containers"/>
    <usage name="Military"/>
    <value name="Tier1"/>
    <value name="Tier2"/>
    <value name="Tier3"/>
  </type>
  <type name="ArmyPouch_Camo">
    <nominal>5</nominal>
    <lifetime>14400</lifetime>
    <restock>0</restock>
    <min>3</min>
    <quantmin>-1</quantmin>
    <quantmax>-1</quantmax>
    <cost>100</cost>
    <flags count_in_cargo="0" count_in_hoarder="0" count_in_map="1" count_in_player="0" crafted="0" deloot="0"/>
    <category name="containers"/>
    <usage name="Military"/>
    <value name="Tier1"/>
    <value name="Tier2"/>
    <value name="Tier3"/>
  </type>
  <type name="ArmyPouch_Green">
    <nominal>8</nominal>
    <lifetime>14400</lifetime>
    <restock>0</restock>
    <min>5</min>
    <quantmin>-1</quantmin>
    <quantmax>-1</quantmax>
    <cost>100</cost>
    <flags count_in_cargo="0" count_in_hoarder="0" count_in_map="1" count_in_player="0" crafted="0" deloot="0"/>
    <category name="containers"/>
    <usage name="Hunting"/>
    <value name="Tier1"/>
    <value name="Tier2"/>
    <value name="Tier3"/>
  </type>
  <type name="AssaultBag_Black">
    <nominal>4</nominal>
    <lifetime>28800</lifetime>
    <restock>0</restock>
    <min>2</min>
    <quantmin>-1</quantmin>
    <quantmax>-1</quantmax>
    <cost>100</cost>
    <flags count_in_cargo="0" count_in_hoarder="0" count_in_map="1" count_in_player="0" crafted="0" deloot="0"/>
    <category name="containers"/>
    <usage name="Military"/>
    <value name="Tier2"/>
    <value name="Tier3"/>
    <value name="Tier4"/>
  </type>
  <type name="AssaultBag_Green">
    <nominal>4</nominal>
    <lifetime>28800</lifetime>
    <restock>0</restock>
    <min>2</min>
    <quantmin>-1</quantmin>
    <quantmax>-1</quantmax>
    <cost>100</cost>
    <flags count_in_cargo="0" count_in_hoarder="0" count_in_map="1" count_in_player="0" crafted="0" deloot="0"/>
    <category name="containers"/>
    <usage name="Military"/>
    <value name="Tier2"/>
    <value name="Tier3"/>
    <value name="Tier4"/>
  </type>
  <type name="AssaultBag_Ttsko">
    <nominal>4</nominal>
    <lifetime>28800</lifetime>
    <restock>0</restock>
    <min>2</min>
    <quantmin>-1</quantmin>
    <quantmax>-1</quantmax>
    <cost>100</cost>
    <flags count_in_cargo="0" count_in_hoarder="0" count_in_map="1" count_in_player="0" crafted="0" deloot="0"/>
    <category name="containers"/>
    <usage name="Military"/>
    <value name="Tier2"/>
    <value name="Tier3"/>
    <value name="Tier4"/>
  </type>
  <type name="Bear_Beige">
    <nominal>25</nominal>
    <lifetime>14400</lifetime>
    <restock>0</restock>
    <min>10</min>
    <quantmin>-1</quantmin>
    <quantmax>-1</quantmax>
    <cost>100</cost>
    <flags count_in_cargo="0" count_in_hoarder="0" count_in_map="1" count_in_player="0" crafted="0" deloot="0"/>
    <category name="containers"/>
    <tag name="shelves"/>
    <usage name="Town"/>
    <usage name="Village"/>
  </type>
  <type name="Bear_Dark">
    <nominal>25</nominal>
    <lifetime>14400</lifetime>
    <restock>0</restock>
    <min>10</min>
    <quantmin>-1</quantmin>
    <quantmax>-1</quantmax>
    <cost>100</cost>
    <flags count_in_cargo="0" count_in_hoarder="0" count_in_map="1" count_in_player="0" crafted="0" deloot="0"/>
    <category name="containers"/>
    <tag name="shelves"/>
    <usage name="Town"/>
    <usage name="Village"/>
  </type>
  <type name="Bear_Pink">
    <nominal>25</nominal>
    <lifetime>14400</lifetime>
    <restock>0</restock>
    <min>10</min>
    <quantmin>-1</quantmin>
    <quantmax>-1</quantmax>
    <cost>100</cost>
    <flags count_in_cargo="0" count_in_hoarder="0" count_in_map="1" count_in_player="0" crafted="0" deloot="0"/>
    <category name="containers"/>
    <tag name="shelves"/>
    <usage name="Town"/>
    <usage name="Village"/>
  </type>
  <type name="Bear_White">
    <nominal>25</nominal>
    <lifetime>14400</lifetime>
    <restock>0</restock>
    <min>10</min>
    <quantmin>-1</quantmin>
    <quantmax>-1</quantmax>
    <cost>100</cost>
    <flags count_in_cargo="0" count_in_hoarder="0" count_in_map="1" count_in_player="0" crafted="0" deloot="0"/>
    <category name="containers"/>
    <tag name="shelves"/>
    <usage name="Town"/>
    <usage name="Village"/>
  </type>
  <type name="CanvasBag_Medical">
    <nominal>8</nominal>
    <lifetime>14400</lifetime>
    <restock>0</restock>
    <min>5</min>
    <quantmin>-1</quantmin>
    <quantmax>-1</quantmax>
    <cost>100</cost>
    <flags count_in_cargo="0" count_in_hoarder="0" count_in_map="1" count_in_player="0" crafted="0" deloot="0"/>
    <category name="containers"/>
    <usage name="Medic"/>
    <value name="Tier2"/>
    <value name="Tier3"/>
  </type>
  <type name="CanvasBag_Olive">
    <nominal>10</nominal>
    <lifetime>14400</lifetime>
    <restock>0</restock>
    <min>7</min>
    <quantmin>-1</quantmin>
    <quantmax>-1</quantmax>
    <cost>100</cost>
    <flags count_in_cargo="0" count_in_hoarder="0" count_in_map="1" count_in_player="0" crafted="0" deloot="0"/>
    <category name="containers"/>
    <usage name="Village"/>
    <value name="Tier2"/>
    <value name="Tier3"/>
  </type>
  <type name="CarTent">
    <nominal>8</nominal>
    <lifetime>3888000</lifetime>
    <restock>43200</restock>
    <min>4</min>
    <quantmin>-1</quantmin>
    <quantmax>-1</quantmax>
    <cost>100</cost>
    <flags count_in_cargo="1" count_in_hoarder="0" count_in_map="1" count_in_player="1" crafted="0" deloot="0"/>
    <category name="containers"/>
    <usage name="Industrial"/>
  </type>
  <type name="ChildBag_Blue">
    <nominal>24</nominal>
    <lifetime>28800</lifetime>
    <restock>0</restock>
    <min>17</min>
    <quantmin>-1</quantmin>
    <quantmax>-1</quantmax>
    <cost>100</cost>
    <flags count_in_cargo="0" count_in_hoarder="0" count_in_map="1" count_in_player="0" crafted="0" deloot="0"/>
    <category name="containers"/>
    <usage name="Town"/>
    <usage name="School"/>
    <value name="Tier1"/>
    <value name="Tier2"/>
  </type>
  <type name="ChildBag_Green">
    <nominal>24</nominal>
    <lifetime>28800</lifetime>
    <restock>0</restock>
    <min>17</min>
    <quantmin>-1</quantmin>
    <quantmax>-1</quantmax>
    <cost>100</cost>
    <flags count_in_cargo="0" count_in_hoarder="0" count_in_map="1" count_in_player="0" crafted="0" deloot="0"/>
    <category name="containers"/>
    <usage name="Town"/>
    <usage name="School"/>
    <value name="Tier1"/>
    <value name="Tier2"/>
  </type>
  <type name="ChildBag_Red">
    <nominal>24</nominal>
    <lifetime>28800</lifetime>
    <restock>0</restock>
    <min>17</min>
    <quantmin>-1</quantmin>
    <quantmax>-1</quantmax>
    <cost>100</cost>
    <flags count_in_cargo="0" count_in_hoarder="0" count_in_map="1" count_in_player="0" crafted="0" deloot="0"/>
    <category name="containers"/>
    <usage name="Town"/>
    <usage name="School"/>
    <value name="Tier1"/>
    <value name="Tier2"/>
  </type>
  <type name="CourierBag">
    <nominal>0</nominal>
    <lifetime>28800</lifetime>
    <restock>0</restock>
    <min>0</min>
    <quantmin>-1</quantmin>
    <quantmax>-1</quantmax>
    <cost>100</cost>
    <flags count_in_cargo="0" count_in_hoarder="0" count_in_map="1" count_in_player="0" crafted="1" deloot="0"/>
    <category name="containers"/>
  </type>
  <type name="CoyoteBag_Brown">
    <nominal>4</nominal>
    <lifetime>28800</lifetime>
    <restock>1800</restock>
    <min>2</min>
    <quantmin>-1</quantmin>
    <quantmax>-1</quantmax>
    <cost>100</cost>
    <flags count_in_cargo="0" count_in_hoarder="0" count_in_map="1" count_in_player="1" crafted="0" deloot="0"/>
    <category name="containers"/>
    <usage name="Military"/>
    <value name="Tier3"/>
    <value name="Tier4"/>
  </type>
  <type name="CoyoteBag_Green">
    <nominal>4</nominal>
    <lifetime>28800</lifetime>
    <restock>1800</restock>
    <min>2</min>
    <quantmin>-1</quantmin>
    <quantmax>-1</quantmax>
    <cost>100</cost>
    <flags count_in_cargo="0" count_in_hoarder="0" count_in_map="1" count_in_player="1" crafted="0" deloot="0"/>
    <category name="containers"/>
    <usage name="Military"/>
    <value name="Tier3"/>
    <value name="Tier4"/>
  </type>
  <type name="DryBag_Black">
    <nominal>5</nominal>
    <lifetime>28800</lifetime>
    <restock>0</restock>
    <min>2</min>
    <quantmin>-1</quantmin>
    <quantmax>-1</quantmax>
    <cost>100</cost>
    <flags count_in_cargo="0" count_in_hoarder="0" count_in_map="1" count_in_player="0" crafted="0" deloot="0"/>
    <category name="containers"/>
    <usage name="Coast"/>
    <value name="Tier2"/>
    <value name="Tier3"/>
    <value name="Tier4"/>
  </type>
  <type name="DryBag_Blue">
    <nominal>7</nominal>
    <lifetime>28800</lifetime>
    <restock>0</restock>
    <min>3</min>
    <quantmin>-1</quantmin>
    <quantmax>-1</quantmax>
    <cost>100</cost>
    <flags count_in_cargo="0" count_in_hoarder="0" count_in_map="1" count_in_player="0" crafted="0" deloot="0"/>
    <category name="containers"/>
    <usage name="Coast"/>
    <value name="Tier2"/>
    <value name="Tier3"/>
    <value name="Tier4"/>
  </type>
  <type name="DryBag_Green">
    <nominal>4</nominal>
    <lifetime>28800</lifetime>
    <restock>0</restock>
    <min>2</min>
    <quantmin>-1</quantmin>
    <quantmax>-1</quantmax>
    <cost>100</cost>
    <flags count_in_cargo="0" count_in_hoarder="0" count_in_map="1" count_in_player="0" crafted="0" deloot="0"/>
    <category name="containers"/>
    <usage name="Coast"/>
    <value name="Tier2"/>
    <value name="Tier3"/>
    <value name="Tier4"/>
  </type>
  <type name="DryBag_Orange">
    <nominal>7</nominal>
    <lifetime>28800</lifetime>
    <restock>0</restock>
    <min>3</min>
    <quantmin>-1</quantmin>
    <quantmax>-1</quantmax>
    <cost>100</cost>
    <flags count_in_cargo="0" count_in_hoarder="0" count_in_map="1" count_in_player="0" crafted="0" deloot="0"/>
    <category name="containers"/>
    <usage name="Coast"/>
    <value name="Tier2"/>
    <value name="Tier3"/>
    <value name="Tier4"/>
  </type>
  <type name="DryBag_Red">
    <nominal>7</nominal>
    <lifetime>28800</lifetime>
    <restock>0</restock>
    <min>3</min>
    <quantmin>-1</quantmin>
    <quantmax>-1</quantmax>
    <cost>100</cost>
    <flags count_in_cargo="0" count_in_hoarder="0" count_in_map="1" count_in_player="0" crafted="0" deloot="0"/>
    <category name="containers"/>
    <usage name="Coast"/>
    <value name="Tier2"/>
    <value name="Tier3"/>
    <value name="Tier4"/>
  </type>
  <type name="DryBag_Yellow">
    <nominal>7</nominal>
    <lifetime>28800</lifetime>
    <restock>0</restock>
    <min>3</min>
    <quantmin>-1</quantmin>
    <quantmax>-1</quantmax>
    <cost>100</cost>
    <flags count_in_cargo="0" count_in_hoarder="0" count_in_map="1" count_in_player="0" crafted="0" deloot="0"/>
    <category name="containers"/>
    <usage name="Coast"/>
    <value name="Tier2"/>
    <value name="Tier3"/>
    <value name="Tier4"/>
  </type>
  <type name="DrysackBag_Green">
    <nominal>0</nominal>
    <lifetime>14400</lifetime>
    <restock>0</restock>
    <min>0</min>
    <quantmin>-1</quantmin>
    <quantmax>-1</quantmax>
    <cost>100</cost>
    <flags count_in_cargo="0" count_in_hoarder="0" count_in_map="1" count_in_player="0" crafted="1" deloot="0"/>
    <category name="containers"/>
  </type>
  <type name="DrysackBag_Orange">
    <nominal>0</nominal>
    <lifetime>14400</lifetime>
    <restock>0</restock>
    <min>0</min>
    <quantmin>-1</quantmin>
    <quantmax>-1</quantmax>
    <cost>100</cost>
    <flags count_in_cargo="0" count_in_hoarder="0" count_in_map="1" count_in_player="0" crafted="1" deloot="0"/>
    <category name="containers"/>
  </type>
  <type name="DrysackBag_Yellow">
    <nominal>0</nominal>
    <lifetime>14400</lifetime>
    <restock>0</restock>
    <min>0</min>
    <quantmin>-1</quantmin>
    <quantmax>-1</quantmax>
    <cost>100</cost>
    <flags count_in_cargo="0" count_in_hoarder="0" count_in_map="1" count_in_player="0" crafted="1" deloot="0"/>
    <category name="containers"/>
  </type>
  <type name="DuffelBagSmall_Camo">
    <nominal>8</nominal>
    <lifetime>14400</lifetime>
    <restock>0</restock>
    <min>5</min>
    <quantmin>-1</quantmin>
    <quantmax>-1</quantmax>
    <cost>100</cost>
    <flags count_in_cargo="0" count_in_hoarder="0" count_in_map="1" count_in_player="0" crafted="0" deloot="0"/>
    <category name="containers"/>
    <usage name="Military"/>
    <value name="Tier2"/>
    <value name="Tier3"/>
  </type>
  <type name="DuffelBagSmall_Green">
    <nominal>8</nominal>
    <lifetime>14400</lifetime>
    <restock>0</restock>
    <min>5</min>
    <quantmin>-1</quantmin>
    <quantmax>-1</quantmax>
    <cost>100</cost>
    <flags count_in_cargo="0" count_in_hoarder="0" count_in_map="1" count_in_player="0" crafted="0" deloot="0"/>
    <category name="containers"/>
    <usage name="Village"/>
    <value name="Tier2"/>
    <value name="Tier3"/>
  </type>
  <type name="DuffelBagSmall_Medical">
    <nominal>6</nominal>
    <lifetime>14400</lifetime>
    <restock>0</restock>
    <min>3</min>
    <quantmin>-1</quantmin>
    <quantmax>-1</quantmax>
    <cost>100</cost>
    <flags count_in_cargo="0" count_in_hoarder="0" count_in_map="1" count_in_player="0" crafted="0" deloot="0"/>
    <category name="containers"/>
    <usage name="Military"/>
    <value name="Tier2"/>
    <value name="Tier3"/>
  </type>
  <type name="FilteringBottle">
    <nominal>0</nominal>
    <lifetime>7200</lifetime>
    <restock>0</restock>
    <min>0</min>
    <quantmin>-1</quantmin>
    <quantmax>-1</quantmax>
    <cost>100</cost>
    <flags count_in_cargo="0" count_in_hoarder="0" count_in_map="1" count_in_player="0" crafted="0" deloot="0"/>
  </type>
  <type name="FirstAidKit">
    <nominal>15</nominal>
    <lifetime>14400</lifetime>
    <restock>0</restock>
    <min>10</min>
    <quantmin>-1</quantmin>
    <quantmax>-1</quantmax>
    <cost>100</cost>
    <flags count_in_cargo="0" count_in_hoarder="0" count_in_map="1" count_in_player="0" crafted="0" deloot="0"/>
    <category name="containers"/>
    <tag name="shelves"/>
    <usage name="Medic"/>
  </type>
  <type name="FurCourierBag">
    <nominal>0</nominal>
    <lifetime>14400</lifetime>
    <restock>0</restock>
    <min>0</min>
    <quantmin>-1</quantmin>
    <quantmax>-1</quantmax>
    <cost>100</cost>
    <flags count_in_cargo="0" count_in_hoarder="0" count_in_map="1" count_in_player="0" crafted="1" deloot="0"/>
    <category name="containers"/>
  </type>
  <type name="FurImprovisedBag">
    <nominal>0</nominal>
    <lifetime>14400</lifetime>
    <restock>0</restock>
    <min>0</min>
    <quantmin>-1</quantmin>
    <quantmax>-1</quantmax>
    <cost>100</cost>
    <flags count_in_cargo="0" count_in_hoarder="0" count_in_map="1" count_in_player="0" crafted="1" deloot="0"/>
    <category name="containers"/>
  </type>
  <type name="GlassBottle">
    <nominal>80</nominal>
    <lifetime>14400</lifetime>
    <restock>0</restock>
    <min>70</min>
    <quantmin>0</quantmin>
    <quantmax>0</quantmax>
    <cost>100</cost>
    <flags count_in_cargo="0" count_in_hoarder="0" count_in_map="1" count_in_player="0" crafted="0" deloot="0"/>
  </type>
  <type name="HipPack_Black">
    <nominal>15</nominal>
    <lifetime>14400</lifetime>
    <restock>0</restock>
    <min>9</min>
    <quantmin>-1</quantmin>
    <quantmax>-1</quantmax>
    <cost>100</cost>
    <flags count_in_cargo="0" count_in_hoarder="0" count_in_map="1" count_in_player="0" crafted="0" deloot="0"/>
    <category name="containers"/>
    <usage name="Town"/>
  </type>
  <type name="HipPack_Green">
    <nominal>15</nominal>
    <lifetime>14400</lifetime>
    <restock>0</restock>
    <min>9</min>
    <quantmin>-1</quantmin>
    <quantmax>-1</quantmax>
    <cost>100</cost>
    <flags count_in_cargo="0" count_in_hoarder="0" count_in_map="1" count_in_player="0" crafted="0" deloot="0"/>
    <category name="containers"/>
    <usage name="Village"/>
  </type>
  <type name="HipPack_Medical">
    <nominal>8</nominal>
    <lifetime>14400</lifetime>
    <restock>0</restock>
    <min>5</min>
    <quantmin>-1</quantmin>
    <quantmax>-1</quantmax>
    <cost>100</cost>
    <flags count_in_cargo="0" count_in_hoarder="0" count_in_map="1" count_in_player="0" crafted="0" deloot="0"/>
    <category name="containers"/>
    <usage name="Medic"/>
  </type>
  <type name="HipPack_Party">
    <nominal>4</nominal>
    <lifetime>14400</lifetime>
    <restock>0</restock>
    <min>2</min>
    <quantmin>-1</quantmin>
    <quantmax>-1</quantmax>
    <cost>100</cost>
    <flags count_in_cargo="0" count_in_hoarder="0" count_in_map="1" count_in_player="0" crafted="0" deloot="0"/>
    <category name="containers"/>
    <usage name="Lunapark"/>
  </type>
  <type name="HuntingBag">
    <nominal>12</nominal>
    <lifetime>28800</lifetime>
    <restock>0</restock>
    <min>5</min>
    <quantmin>-1</quantmin>
    <quantmax>-1</quantmax>
    <cost>100</cost>
    <flags count_in_cargo="0" count_in_hoarder="0" count_in_map="1" count_in_player="0" crafted="0" deloot="0"/>
    <category name="containers"/>
    <usage name="Hunting"/>
    <value name="Tier2"/>
    <value name="Tier3"/>
    <value name="Tier4"/>
  </type>
  <type name="HuntingBag_Hannah">
    <nominal>0</nominal>
    <lifetime>2600</lifetime>
    <restock>0</restock>
    <min>0</min>
    <quantmin>-1</quantmin>
    <quantmax>-1</quantmax>
    <cost>100</cost>
    <flags count_in_cargo="0" count_in_hoarder="0" count_in_map="0" count_in_player="0" crafted="0" deloot="0"/>
    <category name="containers"/>
  </type>
  <type name="ImprovisedBag">
    <nominal>0</nominal>
    <lifetime>28800</lifetime>
    <restock>0</restock>
    <min>0</min>
    <quantmin>-1</quantmin>
    <quantmax>-1</quantmax>
    <cost>100</cost>
    <flags count_in_cargo="0" count_in_hoarder="0" count_in_map="1" count_in_player="0" crafted="1" deloot="0"/>
    <category name="containers"/>
  </type>
  <type name="LargeTent">
    <nominal>8</nominal>
    <lifetime>3888000</lifetime>
    <restock>43200</restock>
    <min>4</min>
    <quantmin>-1</quantmin>
    <quantmax>-1</quantmax>
    <cost>100</cost>
    <flags count_in_cargo="1" count_in_hoarder="0" count_in_map="1" count_in_player="1" crafted="0" deloot="0"/>
    <category name="containers"/>
    <usage name="Military"/>
  </type>
  <type name="LeatherSack_Beige">
    <nominal>0</nominal>
    <lifetime>14400</lifetime>
    <restock>0</restock>
    <min>0</min>
    <quantmin>-1</quantmin>
    <quantmax>-1</quantmax>
    <cost>100</cost>
    <flags count_in_cargo="0" count_in_hoarder="0" count_in_map="1" count_in_player="0" crafted="1" deloot="0"/>
    <category name="containers"/>
  </type>
  <type name="LeatherSack_Black">
    <nominal>0</nominal>
    <lifetime>14400</lifetime>
    <restock>0</restock>
    <min>0</min>
    <quantmin>-1</quantmin>
    <quantmax>-1</quantmax>
    <cost>100</cost>
    <flags count_in_cargo="0" count_in_hoarder="0" count_in_map="1" count_in_player="0" crafted="1" deloot="0"/>
    <category name="containers"/>
  </type>
  <type name="LeatherSack_Brown">
    <nominal>0</nominal>
    <lifetime>14400</lifetime>
    <restock>0</restock>
    <min>0</min>
    <quantmin>-1</quantmin>
    <quantmax>-1</quantmax>
    <cost>100</cost>
    <flags count_in_cargo="0" count_in_hoarder="0" count_in_map="1" count_in_player="0" crafted="1" deloot="0"/>
    <category name="containers"/>
  </type>
  <type name="LeatherSack_Natural">
    <nominal>0</nominal>
    <lifetime>14400</lifetime>
    <restock>0</restock>
    <min>0</min>
    <quantmin>-1</quantmin>
    <quantmax>-1</quantmax>
    <cost>100</cost>
    <flags count_in_cargo="0" count_in_hoarder="0" count_in_map="1" count_in_player="0" crafted="1" deloot="0"/>
    <category name="containers"/>
  </type>
  <type name="MediumTent">
    <nominal>8</nominal>
    <lifetime>3888000</lifetime>
    <restock>43200</restock>
    <min>4</min>
    <quantmin>-1</quantmin>
    <quantmax>-1</quantmax>
    <cost>100</cost>
    <flags count_in_cargo="1" count_in_hoarder="0" count_in_map="1" count_in_player="1" crafted="0" deloot="0"/>
    <category name="containers"/>
    <usage name="Town"/>
    <usage name="Village"/>
  </type>
  <type name="MediumTent_Green">
    <nominal>8</nominal>
    <lifetime>3888000</lifetime>
    <restock>43200</restock>
    <min>4</min>
    <quantmin>-1</quantmin>
    <quantmax>-1</quantmax>
    <cost>100</cost>
    <flags count_in_cargo="1" count_in_hoarder="1" count_in_map="1" count_in_player="1" crafted="0" deloot="0"/>
    <category name="containers"/>
    <usage name="Village"/>
    <usage name="Hunting"/>
  </type>
  <type name="MediumTent_Orange">
    <nominal>8</nominal>
    <lifetime>3888000</lifetime>
    <restock>43200</restock>
    <min>4</min>
    <quantmin>-1</quantmin>
    <quantmax>-1</quantmax>
    <cost>100</cost>
    <flags count_in_cargo="1" count_in_hoarder="1" count_in_map="1" count_in_player="1" crafted="0" deloot="0"/>
    <category name="containers"/>
    <usage name="Town"/>
    <usage name="Village"/>
  </type>
  <type name="MountainBag_Blue">
    <nominal>5</nominal>
    <lifetime>28800</lifetime>
    <restock>0</restock>
    <min>3</min>
    <quantmin>-1</quantmin>
    <quantmax>-1</quantmax>
    <cost>100</cost>
    <flags count_in_cargo="0" count_in_hoarder="0" count_in_map="1" count_in_player="0" crafted="0" deloot="0"/>
    <category name="containers"/>
    <usage name="Village"/>
    <value name="Tier2"/>
    <value name="Tier3"/>
    <value name="Tier4"/>
  </type>
  <type name="MountainBag_Green">
    <nominal>5</nominal>
    <lifetime>28800</lifetime>
    <restock>0</restock>
    <min>3</min>
    <quantmin>-1</quantmin>
    <quantmax>-1</quantmax>
    <cost>100</cost>
    <flags count_in_cargo="0" count_in_hoarder="0" count_in_map="1" count_in_player="0" crafted="0" deloot="0"/>
    <category name="containers"/>
    <usage name="Village"/>
    <value name="Tier2"/>
    <value name="Tier3"/>
    <value name="Tier4"/>
  </type>
  <type name="MountainBag_Orange">
    <nominal>10</nominal>
    <lifetime>28800</lifetime>
    <restock>0</restock>
    <min>7</min>
    <quantmin>-1</quantmin>
    <quantmax>-1</quantmax>
    <cost>100</cost>
    <flags count_in_cargo="0" count_in_hoarder="0" count_in_map="1" count_in_player="0" crafted="0" deloot="0"/>
    <category name="containers"/>
    <usage name="Village"/>
    <value name="Tier2"/>
    <value name="Tier3"/>
    <value name="Tier4"/>
  </type>
  <type name="MountainBag_Red">
    <nominal>10</nominal>
    <lifetime>28800</lifetime>
    <restock>0</restock>
    <min>7</min>
    <quantmin>-1</quantmin>
    <quantmax>-1</quantmax>
    <cost>100</cost>
    <flags count_in_cargo="0" count_in_hoarder="0" count_in_map="1" count_in_player="0" crafted="0" deloot="0"/>
    <category name="containers"/>
    <usage name="Village"/>
    <value name="Tier2"/>
    <value name="Tier3"/>
    <value name="Tier4"/>
  </type>
  <type name="PartyTent">
    <nominal>10</nominal>
    <lifetime>3888000</lifetime>
    <restock>43200</restock>
    <min>6</min>
    <quantmin>-1</quantmin>
    <quantmax>-1</quantmax>
    <cost>100</cost>
    <flags count_in_cargo="1" count_in_hoarder="1" count_in_map="1" count_in_player="1" crafted="0" deloot="0"/>
    <category name="containers"/>
    <usage name="Town"/>
  </type>
  <type name="PartyTent_Blue">
    <nominal>10</nominal>
    <lifetime>3888000</lifetime>
    <restock>43200</restock>
    <min>6</min>
    <quantmin>-1</quantmin>
    <quantmax>-1</quantmax>
    <cost>100</cost>
    <flags count_in_cargo="1" count_in_hoarder="1" count_in_map="1" count_in_player="1" crafted="0" deloot="0"/>
    <category name="containers"/>
    <usage name="Town"/>
  </type>
  <type name="PartyTent_Brown">
    <nominal>10</nominal>
    <lifetime>3888000</lifetime>
    <restock>43200</restock>
    <min>6</min>
    <quantmin>-1</quantmin>
    <quantmax>-1</quantmax>
    <cost>100</cost>
    <flags count_in_cargo="1" count_in_hoarder="1" count_in_map="1" count_in_player="1" crafted="0" deloot="0"/>
    <category name="containers"/>
    <usage name="Town"/>
  </type>
  <type name="PartyTent_Lunapark">
    <nominal>10</nominal>
    <lifetime>3888000</lifetime>
    <restock>43200</restock>
    <min>6</min>
    <quantmin>-1</quantmin>
    <quantmax>-1</quantmax>
    <cost>100</cost>
    <flags count_in_cargo="1" count_in_hoarder="1" count_in_map="1" count_in_player="1" crafted="0" deloot="0"/>
    <category name="containers"/>
    <usage name="Lunapark"/>
  </type>
  <type name="ShelterFabric">
    <nominal>0</nominal>
    <lifetime>604800</lifetime>
    <restock>0</restock>
    <min>0</min>
    <quantmin>-1</quantmin>
    <quantmax>-1</quantmax>
    <cost>100</cost>
    <flags count_in_cargo="0" count_in_hoarder="0" count_in_map="1" count_in_player="0" crafted="1" deloot="0"/>
    <category name="containers"/>
  </type>
  <type name="ShelterLeather">
    <nominal>0</nominal>
    <lifetime>604800</lifetime>
    <restock>0</restock>
    <min>0</min>
    <quantmin>-1</quantmin>
    <quantmax>-1</quantmax>
    <cost>100</cost>
    <flags count_in_cargo="0" count_in_hoarder="0" count_in_map="1" count_in_player="0" crafted="1" deloot="0"/>
    <category name="containers"/>
  </type>
  <type name="ShelterStick">
    <nominal>0</nominal>
    <lifetime>604800</lifetime>
    <restock>0</restock>
    <min>0</min>
    <quantmin>-1</quantmin>
    <quantmax>-1</quantmax>
    <cost>100</cost>
    <flags count_in_cargo="0" count_in_hoarder="0" count_in_map="1" count_in_player="0" crafted="1" deloot="0"/>
    <category name="containers"/>
  </type>
  <type name="Slingbag_Black">
    <nominal>7</nominal>
    <lifetime>14400</lifetime>
    <restock>0</restock>
    <min>4</min>
    <quantmin>-1</quantmin>
    <quantmax>-1</quantmax>
    <cost>100</cost>
    <flags count_in_cargo="0" count_in_hoarder="0" count_in_map="1" count_in_player="0" crafted="0" deloot="0"/>
    <category name="containers"/>
    <usage name="Town"/>
    <value name="Tier1"/>
    <value name="Tier2"/>
  </type>
  <type name="Slingbag_Brown">
    <nominal>7</nominal>
    <lifetime>14400</lifetime>
    <restock>0</restock>
    <min>4</min>
    <quantmin>-1</quantmin>
    <quantmax>-1</quantmax>
    <cost>100</cost>
    <flags count_in_cargo="0" count_in_hoarder="0" count_in_map="1" count_in_player="0" crafted="0" deloot="0"/>
    <category name="containers"/>
    <usage name="Town"/>
    <value name="Tier1"/>
    <value name="Tier2"/>
  </type>
  <type name="Slingbag_Gray">
    <nominal>7</nominal>
    <lifetime>14400</lifetime>
    <restock>0</restock>
    <min>4</min>
    <quantmin>-1</quantmin>
    <quantmax>-1</quantmax>
    <cost>100</cost>
    <flags count_in_cargo="0" count_in_hoarder="0" count_in_map="1" count_in_player="0" crafted="0" deloot="0"/>
    <category name="containers"/>
    <usage name="Town"/>
    <value name="Tier1"/>
    <value name="Tier2"/>
  </type>
  <type name="SmallProtectorCase">
    <nominal>70</nominal>
    <lifetime>3888000</lifetime>
    <restock>0</restock>
    <min>50</min>
    <quantmin>-1</quantmin>
    <quantmax>-1</quantmax>
    <cost>100</cost>
    <flags count_in_cargo="0" count_in_hoarder="0" count_in_map="1" count_in_player="0" crafted="0" deloot="0"/>
    <category name="containers"/>
    <usage name="Industrial"/>
    <usage name="Town"/>
  </type>
  <type name="SmershBag">
    <nominal>10</nominal>
    <lifetime>28800</lifetime>
    <restock>0</restock>
    <min>5</min>
    <quantmin>-1</quantmin>
    <quantmax>-1</quantmax>
    <cost>100</cost>
    <flags count_in_cargo="0" count_in_hoarder="0" count_in_map="1" count_in_player="0" crafted="0" deloot="0"/>
    <category name="containers"/>
    <usage name="Military"/>
    <value name="Tier1"/>
    <value name="Tier2"/>
  </type>
  <type name="TaloonBag_Blue">
    <nominal>20</nominal>
    <lifetime>28800</lifetime>
    <restock>0</restock>
    <min>14</min>
    <quantmin>-1</quantmin>
    <quantmax>-1</quantmax>
    <cost>100</cost>
    <flags count_in_cargo="0" count_in_hoarder="0" count_in_map="1" count_in_player="0" crafted="0" deloot="0"/>
    <category name="containers"/>
    <usage name="Village"/>
    <value name="Tier3"/>
    <value name="Tier4"/>
  </type>
  <type name="TaloonBag_Green">
    <nominal>14</nominal>
    <lifetime>28800</lifetime>
    <restock>0</restock>
    <min>10</min>
    <quantmin>-1</quantmin>
    <quantmax>-1</quantmax>
    <cost>100</cost>
    <flags count_in_cargo="0" count_in_hoarder="0" count_in_map="1" count_in_player="0" crafted="0" deloot="0"/>
    <category name="containers"/>
    <usage name="Village"/>
    <value name="Tier2"/>
    <value name="Tier3"/>
  </type>
  <type name="TaloonBag_Orange">
    <nominal>14</nominal>
    <lifetime>28800</lifetime>
    <restock>0</restock>
    <min>10</min>
    <quantmin>-1</quantmin>
    <quantmax>-1</quantmax>
    <cost>100</cost>
    <flags count_in_cargo="0" count_in_hoarder="0" count_in_map="1" count_in_player="0" crafted="0" deloot="0"/>
    <category name="containers"/>
    <usage name="Village"/>
    <value name="Tier2"/>
    <value name="Tier3"/>
  </type>
  <type name="TaloonBag_Violet">
    <nominal>20</nominal>
    <lifetime>28800</lifetime>
    <restock>0</restock>
    <min>14</min>
    <quantmin>-1</quantmin>
    <quantmax>-1</quantmax>
    <cost>100</cost>
    <flags count_in_cargo="0" count_in_hoarder="0" count_in_map="1" count_in_player="0" crafted="0" deloot="0"/>
    <category name="containers"/>
    <usage name="Village"/>
    <value name="Tier3"/>
    <value name="Tier4"/>
  </type>
  <type name="TortillaBag">
    <nominal>6</nominal>
    <lifetime>28800</lifetime>
    <restock>1800</restock>
    <min>4</min>
    <quantmin>-1</quantmin>
    <quantmax>-1</quantmax>
    <cost>100</cost>
    <flags count_in_cargo="0" count_in_hoarder="0" count_in_map="1" count_in_player="0" crafted="0" deloot="0"/>
    <category name="containers"/>
    <usage name="Military"/>
  </type>
  <type name="UndergroundStash">
    <nominal>0</nominal>
    <lifetime>1209600</lifetime>
    <restock>0</restock>
    <min>0</min>
    <quantmin>-1</quantmin>
    <quantmax>-1</quantmax>
    <cost>100</cost>
    <flags count_in_cargo="0" count_in_hoarder="0" count_in_map="1" count_in_player="0" crafted="1" deloot="0"/>
    <category name="containers"/>
  </type>
  <type name="WaterBottle">
    <nominal>100</nominal>
    <lifetime>14400</lifetime>
    <restock>0</restock>
    <min>85</min>
    <quantmin>20</quantmin>
    <quantmax>70</quantmax>
    <cost>100</cost>
    <flags count_in_cargo="0" count_in_hoarder="0" count_in_map="1" count_in_player="0" crafted="0" deloot="0"/>
  </type>
  <type name="WaterproofBag_Green">
    <nominal>20</nominal>
    <lifetime>28800</lifetime>
    <restock>0</restock>
    <min>10</min>
    <quantmin>-1</quantmin>
    <quantmax>-1</quantmax>
    <cost>100</cost>
    <flags count_in_cargo="0" count_in_hoarder="0" count_in_map="1" count_in_player="0" crafted="0" deloot="0"/>
    <category name="containers"/>
    <usage name="Coast"/>
  </type>
  <type name="WaterproofBag_Orange">
    <nominal>20</nominal>
    <lifetime>28800</lifetime>
    <restock>0</restock>
    <min>10</min>
    <quantmin>-1</quantmin>
    <quantmax>-1</quantmax>
    <cost>100</cost>
    <flags count_in_cargo="0" count_in_hoarder="0" count_in_map="1" count_in_player="0" crafted="0" deloot="0"/>
    <category name="containers"/>
    <usage name="Coast"/>
  </type>
  <type name="WaterproofBag_Yellow">
    <nominal>20</nominal>
    <lifetime>28800</lifetime>
    <restock>0</restock>
    <min>10</min>
    <quantmin>-1</quantmin>
    <quantmax>-1</quantmax>
    <cost>100</cost>
    <flags count_in_cargo="0" count_in_hoarder="0" count_in_map="1" count_in_player="0" crafted="0" deloot="0"/>
    <category name="containers"/>
    <usage name="Coast"/>
  </type>
  <type name="WoodenCrate">
    <nominal>0</nominal>
    <lifetime>3888000</lifetime>
    <restock>0</restock>
    <min>0</min>
    <quantmin>-1</quantmin>
    <quantmax>-1</quantmax>
    <cost>100</cost>
    <flags count_in_cargo="0" count_in_hoarder="0" count_in_map="1" count_in_player="0" crafted="1" deloot="0"/>
    <category name="containers"/>
  </type>
</types>
