<?xml version="1.0" ?>
<types>
  <type name="ContaminatedArea_Dynamic">
    <nominal>0</nominal>
    <lifetime>1800</lifetime>
    <restock>0</restock>
    <min>0</min>
    <quantmin>-1</quantmin>
    <quantmax>-1</quantmax>
    <cost>100</cost>
    <flags count_in_cargo="0" count_in_hoarder="0" count_in_map="1" count_in_player="0" crafted="0" deloot="0"/>
  </type>
  <type name="Land_Container_1Aoh_DE">
    <nominal>0</nominal>
    <lifetime>0</lifetime>
    <restock>0</restock>
    <min>0</min>
    <quantmin>-1</quantmin>
    <quantmax>-1</quantmax>
    <cost>100</cost>
    <flags count_in_cargo="0" count_in_hoarder="0" count_in_map="0" count_in_player="0" crafted="0" deloot="0"/>
  </type>
  <type name="Land_Container_1Bo_DE">
    <nominal>0</nominal>
    <lifetime>0</lifetime>
    <restock>0</restock>
    <min>0</min>
    <quantmin>-1</quantmin>
    <quantmax>-1</quantmax>
    <cost>100</cost>
    <flags count_in_cargo="0" count_in_hoarder="0" count_in_map="0" count_in_player="0" crafted="0" deloot="0"/>
  </type>
  <type name="Land_Container_1Mo_DE">
    <nominal>0</nominal>
    <lifetime>0</lifetime>
    <restock>0</restock>
    <min>0</min>
    <quantmin>-1</quantmin>
    <quantmax>-1</quantmax>
    <cost>100</cost>
    <flags count_in_cargo="0" count_in_hoarder="0" count_in_map="0" count_in_player="0" crafted="0" deloot="0"/>
  </type>
  <type name="Land_Container_1Moh_DE">
    <nominal>0</nominal>
    <lifetime>0</lifetime>
    <restock>0</restock>
    <min>0</min>
    <quantmin>-1</quantmin>
    <quantmax>-1</quantmax>
    <cost>100</cost>
    <flags count_in_cargo="0" count_in_hoarder="0" count_in_map="0" count_in_player="0" crafted="0" deloot="0"/>
  </type>
  <type name="Land_Train_Wagon_Box_DE">
    <nominal>0</nominal>
    <lifetime>0</lifetime>
    <restock>0</restock>
    <min>0</min>
    <quantmin>-1</quantmin>
    <quantmax>-1</quantmax>
    <cost>100</cost>
    <flags count_in_cargo="0" count_in_hoarder="0" count_in_map="0" count_in_player="0" crafted="0" deloot="0"/>
  </type>
  <type name="Land_Train_Wagon_Box_Mil_DE">
    <nominal>0</nominal>
    <lifetime>0</lifetime>
    <restock>0</restock>
    <min>0</min>
    <quantmin>-1</quantmin>
    <quantmax>-1</quantmax>
    <cost>100</cost>
    <flags count_in_cargo="0" count_in_hoarder="0" count_in_map="0" count_in_player="0" crafted="0" deloot="0"/>
  </type>
</types>
