<?xml version="1.0" ?>
<types>
  <type name="AgaricusMushroom">
    <nominal>0</nominal>
    <lifetime>900</lifetime>
    <restock>0</restock>
    <min>0</min>
    <quantmin>-1</quantmin>
    <quantmax>-1</quantmax>
    <cost>100</cost>
    <flags count_in_cargo="0" count_in_hoarder="0" count_in_map="1" count_in_player="0" crafted="1" deloot="0"/>
    <category name="food"/>
  </type>
  <type name="Apple">
    <nominal>0</nominal>
    <lifetime>900</lifetime>
    <restock>0</restock>
    <min>0</min>
    <quantmin>-1</quantmin>
    <quantmax>-1</quantmax>
    <cost>100</cost>
    <flags count_in_cargo="0" count_in_hoarder="0" count_in_map="1" count_in_player="0" crafted="1" deloot="0"/>
    <category name="food"/>
  </type>
  <type name="AuriculariaMushroom">
    <nominal>0</nominal>
    <lifetime>900</lifetime>
    <restock>0</restock>
    <min>0</min>
    <quantmin>-1</quantmin>
    <quantmax>-1</quantmax>
    <cost>100</cost>
    <flags count_in_cargo="0" count_in_hoarder="0" count_in_map="1" count_in_player="0" crafted="1" deloot="0"/>
    <category name="food"/>
  </type>
  <type name="BakedBeansCan">
    <nominal>15</nominal>
    <lifetime>14400</lifetime>
    <restock>0</restock>
    <min>12</min>
    <quantmin>-1</quantmin>
    <quantmax>-1</quantmax>
    <cost>100</cost>
    <flags count_in_cargo="0" count_in_hoarder="0" count_in_map="1" count_in_player="0" crafted="0" deloot="0"/>
    <category name="food"/>
    <tag name="shelves"/>
    <usage name="Town"/>
    <usage name="Village"/>
    <value name="Tier1"/>
    <value name="Tier2"/>
    <value name="Tier3"/>
  </type>
  <type name="BakedBeansCan_Opened">
    <nominal>0</nominal>
    <lifetime>9000</lifetime>
    <restock>0</restock>
    <min>0</min>
    <quantmin>-1</quantmin>
    <quantmax>-1</quantmax>
    <cost>100</cost>
    <flags count_in_cargo="0" count_in_hoarder="0" count_in_map="1" count_in_player="0" crafted="1" deloot="0"/>
    <category name="food"/>
  </type>
  <type name="BearSteakMeat">
    <nominal>0</nominal>
    <lifetime>14400</lifetime>
    <restock>0</restock>
    <min>0</min>
    <quantmin>-1</quantmin>
    <quantmax>-1</quantmax>
    <cost>100</cost>
    <flags count_in_cargo="0" count_in_hoarder="0" count_in_map="1" count_in_player="0" crafted="1" deloot="0"/>
    <category name="food"/>
  </type>
  <type name="Bitterlings">
    <nominal>0</nominal>
    <lifetime>14400</lifetime>
    <restock>0</restock>
    <min>0</min>
    <quantmin>-1</quantmin>
    <quantmax>-1</quantmax>
    <cost>100</cost>
    <flags count_in_cargo="0" count_in_hoarder="0" count_in_map="1" count_in_player="0" crafted="1" deloot="0"/>
    <category name="food"/>
  </type>
  <type name="BoarSteakMeat">
    <nominal>0</nominal>
    <lifetime>14400</lifetime>
    <restock>0</restock>
    <min>0</min>
    <quantmin>-1</quantmin>
    <quantmax>-1</quantmax>
    <cost>100</cost>
    <flags count_in_cargo="0" count_in_hoarder="0" count_in_map="1" count_in_player="0" crafted="1" deloot="0"/>
    <category name="food"/>
  </type>
  <type name="BoletusMushroom">
    <nominal>0</nominal>
    <lifetime>900</lifetime>
    <restock>0</restock>
    <min>0</min>
    <quantmin>-1</quantmin>
    <quantmax>-1</quantmax>
    <cost>100</cost>
    <flags count_in_cargo="0" count_in_hoarder="0" count_in_map="1" count_in_player="0" crafted="1" deloot="0"/>
    <category name="food"/>
  </type>
  <type name="BoxCerealCrunchin">
    <nominal>23</nominal>
    <lifetime>28800</lifetime>
    <restock>0</restock>
    <min>18</min>
    <quantmin>10</quantmin>
    <quantmax>100</quantmax>
    <cost>100</cost>
    <flags count_in_cargo="0" count_in_hoarder="0" count_in_map="1" count_in_player="0" crafted="0" deloot="0"/>
    <category name="food"/>
    <tag name="shelves"/>
    <usage name="Town"/>
    <usage name="School"/>
    <value name="Tier1"/>
  </type>
  <type name="BrisketSpread">
    <nominal>23</nominal>
    <lifetime>9000</lifetime>
    <restock>0</restock>
    <min>18</min>
    <quantmin>-1</quantmin>
    <quantmax>-1</quantmax>
    <cost>100</cost>
    <flags count_in_cargo="0" count_in_hoarder="0" count_in_map="1" count_in_player="0" crafted="0" deloot="0"/>
    <category name="food"/>
    <tag name="shelves"/>
    <usage name="Town"/>
    <usage name="Office"/>
    <usage name="School"/>
    <value name="Tier1"/>
  </type>
  <type name="BrisketSpread_Opened">
    <nominal>0</nominal>
    <lifetime>5400</lifetime>
    <restock>0</restock>
    <min>0</min>
    <quantmin>-1</quantmin>
    <quantmax>-1</quantmax>
    <cost>100</cost>
    <flags count_in_cargo="0" count_in_hoarder="0" count_in_map="1" count_in_player="0" crafted="1" deloot="0"/>
    <category name="food"/>
  </type>
  <type name="Canteen">
    <nominal>20</nominal>
    <lifetime>14400</lifetime>
    <restock>0</restock>
    <min>10</min>
    <quantmin>10</quantmin>
    <quantmax>90</quantmax>
    <cost>100</cost>
    <flags count_in_cargo="0" count_in_hoarder="0" count_in_map="1" count_in_player="0" crafted="0" deloot="0"/>
    <category name="food"/>
    <usage name="Military"/>
    <usage name="Hunting"/>
  </type>
  <type name="Carp">
    <nominal>0</nominal>
    <lifetime>14400</lifetime>
    <restock>0</restock>
    <min>0</min>
    <quantmin>-1</quantmin>
    <quantmax>-1</quantmax>
    <cost>100</cost>
    <flags count_in_cargo="0" count_in_hoarder="0" count_in_map="1" count_in_player="0" crafted="1" deloot="0"/>
    <category name="food"/>
  </type>
  <type name="CarpFilletMeat">
    <nominal>0</nominal>
    <lifetime>14400</lifetime>
    <restock>0</restock>
    <min>0</min>
    <quantmin>-1</quantmin>
    <quantmax>-1</quantmax>
    <cost>100</cost>
    <flags count_in_cargo="0" count_in_hoarder="0" count_in_map="1" count_in_player="0" crafted="1" deloot="0"/>
    <category name="food"/>
  </type>
  <type name="CatFoodCan">
    <nominal>15</nominal>
    <lifetime>14400</lifetime>
    <restock>0</restock>
    <min>12</min>
    <quantmin>-1</quantmin>
    <quantmax>-1</quantmax>
    <cost>100</cost>
    <flags count_in_cargo="0" count_in_hoarder="0" count_in_map="1" count_in_player="0" crafted="0" deloot="0"/>
    <category name="food"/>
    <tag name="shelves"/>
    <usage name="Town"/>
    <usage name="Village"/>
    <usage name="Lunapark"/>
    <value name="Tier1"/>
    <value name="Tier2"/>
    <value name="Tier3"/>
  </type>
  <type name="CatFoodCan_Opened">
    <nominal>0</nominal>
    <lifetime>9000</lifetime>
    <restock>0</restock>
    <min>0</min>
    <quantmin>-1</quantmin>
    <quantmax>-1</quantmax>
    <cost>100</cost>
    <flags count_in_cargo="0" count_in_hoarder="0" count_in_map="1" count_in_player="0" crafted="1" deloot="0"/>
    <category name="food"/>
  </type>
  <type name="ChickenBreastMeat">
    <nominal>0</nominal>
    <lifetime>14400</lifetime>
    <restock>0</restock>
    <min>0</min>
    <quantmin>-1</quantmin>
    <quantmax>-1</quantmax>
    <cost>100</cost>
    <flags count_in_cargo="0" count_in_hoarder="0" count_in_map="1" count_in_player="0" crafted="1" deloot="0"/>
    <category name="food"/>
  </type>
  <type name="Chips">
    <nominal>23</nominal>
    <lifetime>7200</lifetime>
    <restock>0</restock>
    <min>18</min>
    <quantmin>-1</quantmin>
    <quantmax>-1</quantmax>
    <cost>100</cost>
    <flags count_in_cargo="0" count_in_hoarder="0" count_in_map="1" count_in_player="0" crafted="0" deloot="0"/>
    <category name="food"/>
    <tag name="shelves"/>
    <usage name="Town"/>
    <usage name="School"/>
    <usage name="Lunapark"/>
    <value name="Tier1"/>
  </type>
  <type name="CowSteakMeat">
    <nominal>0</nominal>
    <lifetime>14400</lifetime>
    <restock>0</restock>
    <min>0</min>
    <quantmin>-1</quantmin>
    <quantmax>-1</quantmax>
    <cost>100</cost>
    <flags count_in_cargo="0" count_in_hoarder="0" count_in_map="1" count_in_player="0" crafted="1" deloot="0"/>
    <category name="food"/>
  </type>
  <type name="CrabCan">
    <nominal>0</nominal>
    <lifetime>14400</lifetime>
    <restock>0</restock>
    <min>0</min>
    <quantmin>-1</quantmin>
    <quantmax>-1</quantmax>
    <cost>100</cost>
    <flags count_in_cargo="0" count_in_hoarder="0" count_in_map="1" count_in_player="0" crafted="0" deloot="0"/>
    <category name="food"/>
  </type>
  <type name="CrabCan_Opened">
    <nominal>0</nominal>
    <lifetime>9000</lifetime>
    <restock>0</restock>
    <min>0</min>
    <quantmin>-1</quantmin>
    <quantmax>-1</quantmax>
    <cost>100</cost>
    <flags count_in_cargo="0" count_in_hoarder="0" count_in_map="1" count_in_player="0" crafted="1" deloot="0"/>
    <category name="food"/>
  </type>
  <type name="Crackers">
    <nominal>23</nominal>
    <lifetime>7200</lifetime>
    <restock>0</restock>
    <min>18</min>
    <quantmin>-1</quantmin>
    <quantmax>-1</quantmax>
    <cost>100</cost>
    <flags count_in_cargo="0" count_in_hoarder="0" count_in_map="1" count_in_player="0" crafted="0" deloot="0"/>
    <category name="food"/>
    <tag name="shelves"/>
    <usage name="Town"/>
    <usage name="Village"/>
    <usage name="School"/>
    <usage name="Lunapark"/>
    <value name="Tier1"/>
  </type>
  <type name="CraterellusMushroom">
    <nominal>0</nominal>
    <lifetime>900</lifetime>
    <restock>0</restock>
    <min>1</min>
    <quantmin>-1</quantmin>
    <quantmax>-1</quantmax>
    <cost>100</cost>
    <flags count_in_cargo="0" count_in_hoarder="0" count_in_map="1" count_in_player="0" crafted="1" deloot="0"/>
  </type>
  <type name="DeadChicken_Brown">
    <nominal>0</nominal>
    <lifetime>14400</lifetime>
    <restock>0</restock>
    <min>0</min>
    <quantmin>-1</quantmin>
    <quantmax>-1</quantmax>
    <cost>100</cost>
    <flags count_in_cargo="0" count_in_hoarder="0" count_in_map="1" count_in_player="0" crafted="1" deloot="0"/>
    <category name="food"/>
  </type>
  <type name="DeadChicken_Spotted">
    <nominal>0</nominal>
    <lifetime>14400</lifetime>
    <restock>0</restock>
    <min>0</min>
    <quantmin>-1</quantmin>
    <quantmax>-1</quantmax>
    <cost>100</cost>
    <flags count_in_cargo="0" count_in_hoarder="0" count_in_map="1" count_in_player="0" crafted="1" deloot="0"/>
    <category name="food"/>
  </type>
  <type name="DeadChicken_White">
    <nominal>0</nominal>
    <lifetime>14400</lifetime>
    <restock>0</restock>
    <min>0</min>
    <quantmin>-1</quantmin>
    <quantmax>-1</quantmax>
    <cost>100</cost>
    <flags count_in_cargo="0" count_in_hoarder="0" count_in_map="1" count_in_player="0" crafted="1" deloot="0"/>
    <category name="food"/>
  </type>
  <type name="DeadFox">
    <nominal>0</nominal>
    <lifetime>1800</lifetime>
    <restock>0</restock>
    <min>0</min>
    <quantmin>-1</quantmin>
    <quantmax>-1</quantmax>
    <cost>100</cost>
    <flags count_in_cargo="0" count_in_hoarder="0" count_in_map="1" count_in_player="0" crafted="1" deloot="0"/>
  </type>
  <type name="DeadRabbit">
    <nominal>0</nominal>
    <lifetime>14400</lifetime>
    <restock>0</restock>
    <min>0</min>
    <quantmin>-1</quantmin>
    <quantmax>-1</quantmax>
    <cost>100</cost>
    <flags count_in_cargo="0" count_in_hoarder="0" count_in_map="1" count_in_player="0" crafted="1" deloot="0"/>
    <category name="food"/>
  </type>
  <type name="DeadRooster">
    <nominal>0</nominal>
    <lifetime>14400</lifetime>
    <restock>0</restock>
    <min>0</min>
    <quantmin>-1</quantmin>
    <quantmax>-1</quantmax>
    <cost>100</cost>
    <flags count_in_cargo="0" count_in_hoarder="0" count_in_map="1" count_in_player="0" crafted="1" deloot="0"/>
    <category name="food"/>
  </type>
  <type name="DeerSteakMeat">
    <nominal>0</nominal>
    <lifetime>14400</lifetime>
    <restock>0</restock>
    <min>0</min>
    <quantmin>-1</quantmin>
    <quantmax>-1</quantmax>
    <cost>100</cost>
    <flags count_in_cargo="0" count_in_hoarder="0" count_in_map="1" count_in_player="0" crafted="1" deloot="0"/>
    <category name="food"/>
  </type>
  <type name="DogFoodCan">
    <nominal>15</nominal>
    <lifetime>14400</lifetime>
    <restock>0</restock>
    <min>12</min>
    <quantmin>-1</quantmin>
    <quantmax>-1</quantmax>
    <cost>100</cost>
    <flags count_in_cargo="0" count_in_hoarder="0" count_in_map="1" count_in_player="0" crafted="0" deloot="0"/>
    <category name="food"/>
    <tag name="shelves"/>
    <usage name="Town"/>
    <usage name="Village"/>
    <usage name="School"/>
    <usage name="Lunapark"/>
    <value name="Tier1"/>
    <value name="Tier2"/>
    <value name="Tier3"/>
  </type>
  <type name="DogFoodCan_Opened">
    <nominal>0</nominal>
    <lifetime>9000</lifetime>
    <restock>0</restock>
    <min>0</min>
    <quantmin>-1</quantmin>
    <quantmax>-1</quantmax>
    <cost>100</cost>
    <flags count_in_cargo="0" count_in_hoarder="0" count_in_map="1" count_in_player="0" crafted="1" deloot="0"/>
    <category name="food"/>
  </type>
  <type name="GoatSteakMeat">
    <nominal>0</nominal>
    <lifetime>14400</lifetime>
    <restock>0</restock>
    <min>0</min>
    <quantmin>-1</quantmin>
    <quantmax>-1</quantmax>
    <cost>100</cost>
    <flags count_in_cargo="0" count_in_hoarder="0" count_in_map="1" count_in_player="0" crafted="1" deloot="0"/>
    <category name="food"/>
  </type>
  <type name="GreenBellPepper">
    <nominal>20</nominal>
    <lifetime>14400</lifetime>
    <restock>0</restock>
    <min>15</min>
    <quantmin>-1</quantmin>
    <quantmax>-1</quantmax>
    <cost>100</cost>
    <flags count_in_cargo="0" count_in_hoarder="0" count_in_map="1" count_in_player="0" crafted="0" deloot="0"/>
    <category name="food"/>
    <tag name="shelves"/>
    <usage name="Farm"/>
    <usage name="Village"/>
    <value name="Tier1"/>
    <value name="Tier2"/>
    <value name="Tier3"/>
  </type>
  <type name="Honey">
    <nominal>15</nominal>
    <lifetime>28800</lifetime>
    <restock>0</restock>
    <min>12</min>
    <quantmin>-1</quantmin>
    <quantmax>-1</quantmax>
    <cost>100</cost>
    <flags count_in_cargo="0" count_in_hoarder="0" count_in_map="1" count_in_player="0" crafted="0" deloot="0"/>
    <category name="food"/>
    <tag name="shelves"/>
    <usage name="Farm"/>
    <usage name="Town"/>
    <usage name="Village"/>
    <usage name="School"/>
    <usage name="Lunapark"/>
    <value name="Tier1"/>
    <value name="Tier2"/>
    <value name="Tier3"/>
  </type>
  <type name="HumanSteakMeat">
    <nominal>0</nominal>
    <lifetime>14400</lifetime>
    <restock>0</restock>
    <min>0</min>
    <quantmin>-1</quantmin>
    <quantmax>-1</quantmax>
    <cost>100</cost>
    <flags count_in_cargo="0" count_in_hoarder="0" count_in_map="1" count_in_player="0" crafted="1" deloot="0"/>
    <category name="food"/>
  </type>
  <type name="LactariusMushroom">
    <nominal>0</nominal>
    <lifetime>900</lifetime>
    <restock>0</restock>
    <min>0</min>
    <quantmin>-1</quantmin>
    <quantmax>-1</quantmax>
    <cost>100</cost>
    <flags count_in_cargo="0" count_in_hoarder="0" count_in_map="1" count_in_player="0" crafted="1" deloot="0"/>
    <category name="food"/>
  </type>
  <type name="Lard">
    <nominal>0</nominal>
    <lifetime>14400</lifetime>
    <restock>0</restock>
    <min>0</min>
    <quantmin>-1</quantmin>
    <quantmax>-1</quantmax>
    <cost>100</cost>
    <flags count_in_cargo="0" count_in_hoarder="0" count_in_map="1" count_in_player="0" crafted="1" deloot="0"/>
    <category name="food"/>
  </type>
  <type name="Lunchmeat">
    <nominal>20</nominal>
    <lifetime>14400</lifetime>
    <restock>0</restock>
    <min>15</min>
    <quantmin>-1</quantmin>
    <quantmax>-1</quantmax>
    <cost>100</cost>
    <flags count_in_cargo="0" count_in_hoarder="0" count_in_map="1" count_in_player="0" crafted="0" deloot="0"/>
    <category name="food"/>
    <tag name="shelves"/>
    <usage name="Town"/>
    <usage name="Office"/>
    <usage name="School"/>
    <value name="Tier1"/>
    <value name="Tier2"/>
  </type>
  <type name="Lunchmeat_Opened">
    <nominal>0</nominal>
    <lifetime>9000</lifetime>
    <restock>0</restock>
    <min>0</min>
    <quantmin>-1</quantmin>
    <quantmax>-1</quantmax>
    <cost>100</cost>
    <flags count_in_cargo="0" count_in_hoarder="0" count_in_map="1" count_in_player="0" crafted="1" deloot="0"/>
    <category name="food"/>
  </type>
  <type name="Mackerel">
    <nominal>0</nominal>
    <lifetime>14400</lifetime>
    <restock>0</restock>
    <min>0</min>
    <quantmin>-1</quantmin>
    <quantmax>-1</quantmax>
    <cost>100</cost>
    <flags count_in_cargo="0" count_in_hoarder="0" count_in_map="1" count_in_player="0" crafted="1" deloot="0"/>
    <category name="food"/>
  </type>
  <type name="MackerelFilletMeat">
    <nominal>0</nominal>
    <lifetime>14400</lifetime>
    <restock>0</restock>
    <min>0</min>
    <quantmin>-1</quantmin>
    <quantmax>-1</quantmax>
    <cost>100</cost>
    <flags count_in_cargo="0" count_in_hoarder="0" count_in_map="1" count_in_player="0" crafted="1" deloot="0"/>
    <category name="food"/>
  </type>
  <type name="MacrolepiotaMushroom">
    <nominal>0</nominal>
    <lifetime>900</lifetime>
    <restock>0</restock>
    <min>0</min>
    <quantmin>-1</quantmin>
    <quantmax>-1</quantmax>
    <cost>100</cost>
    <flags count_in_cargo="0" count_in_hoarder="0" count_in_map="1" count_in_player="0" crafted="1" deloot="0"/>
    <category name="food"/>
  </type>
  <type name="Marmalade">
    <nominal>20</nominal>
    <lifetime>14400</lifetime>
    <restock>0</restock>
    <min>15</min>
    <quantmin>-1</quantmin>
    <quantmax>-1</quantmax>
    <cost>100</cost>
    <flags count_in_cargo="0" count_in_hoarder="0" count_in_map="1" count_in_player="0" crafted="0" deloot="0"/>
    <category name="food"/>
    <tag name="shelves"/>
    <usage name="Village"/>
    <usage name="School"/>
    <value name="Tier1"/>
    <value name="Tier2"/>
  </type>
  <type name="Pajka">
    <nominal>23</nominal>
    <lifetime>9000</lifetime>
    <restock>0</restock>
    <min>18</min>
    <quantmin>-1</quantmin>
    <quantmax>-1</quantmax>
    <cost>100</cost>
    <flags count_in_cargo="0" count_in_hoarder="0" count_in_map="1" count_in_player="0" crafted="0" deloot="0"/>
    <category name="food"/>
    <tag name="shelves"/>
    <usage name="Town"/>
    <usage name="Village"/>
    <usage name="Office"/>
    <usage name="School"/>
    <value name="Tier1"/>
  </type>
  <type name="Pajka_Opened">
    <nominal>0</nominal>
    <lifetime>5400</lifetime>
    <restock>0</restock>
    <min>0</min>
    <quantmin>-1</quantmin>
    <quantmax>-1</quantmax>
    <cost>100</cost>
    <flags count_in_cargo="0" count_in_hoarder="0" count_in_map="1" count_in_player="0" crafted="1" deloot="0"/>
    <category name="food"/>
  </type>
  <type name="Pate">
    <nominal>23</nominal>
    <lifetime>9000</lifetime>
    <restock>0</restock>
    <min>18</min>
    <quantmin>-1</quantmin>
    <quantmax>-1</quantmax>
    <cost>100</cost>
    <flags count_in_cargo="0" count_in_hoarder="0" count_in_map="1" count_in_player="0" crafted="0" deloot="0"/>
    <category name="food"/>
    <tag name="shelves"/>
    <usage name="Town"/>
    <usage name="Village"/>
    <usage name="Office"/>
    <usage name="School"/>
    <value name="Tier1"/>
  </type>
  <type name="Pate_Opened">
    <nominal>0</nominal>
    <lifetime>5400</lifetime>
    <restock>0</restock>
    <min>0</min>
    <quantmin>-1</quantmin>
    <quantmax>-1</quantmax>
    <cost>100</cost>
    <flags count_in_cargo="0" count_in_hoarder="0" count_in_map="1" count_in_player="0" crafted="1" deloot="0"/>
    <category name="food"/>
  </type>
  <type name="PeachesCan">
    <nominal>15</nominal>
    <lifetime>14400</lifetime>
    <restock>0</restock>
    <min>12</min>
    <quantmin>-1</quantmin>
    <quantmax>-1</quantmax>
    <cost>100</cost>
    <flags count_in_cargo="0" count_in_hoarder="0" count_in_map="1" count_in_player="0" crafted="0" deloot="0"/>
    <category name="food"/>
    <tag name="shelves"/>
    <usage name="Town"/>
    <usage name="Village"/>
    <usage name="School"/>
    <value name="Tier1"/>
    <value name="Tier2"/>
    <value name="Tier3"/>
  </type>
  <type name="PeachesCan_Opened">
    <nominal>0</nominal>
    <lifetime>9000</lifetime>
    <restock>0</restock>
    <min>0</min>
    <quantmin>-1</quantmin>
    <quantmax>-1</quantmax>
    <cost>100</cost>
    <flags count_in_cargo="0" count_in_hoarder="0" count_in_map="1" count_in_player="0" crafted="1" deloot="0"/>
    <category name="food"/>
  </type>
  <type name="Pear">
    <nominal>0</nominal>
    <lifetime>900</lifetime>
    <restock>0</restock>
    <min>0</min>
    <quantmin>-1</quantmin>
    <quantmax>-1</quantmax>
    <cost>100</cost>
    <flags count_in_cargo="0" count_in_hoarder="0" count_in_map="1" count_in_player="0" crafted="1" deloot="0"/>
    <category name="food"/>
  </type>
  <type name="PepperSeedsPack">
    <nominal>30</nominal>
    <lifetime>14400</lifetime>
    <restock>0</restock>
    <min>25</min>
    <quantmin>-1</quantmin>
    <quantmax>-1</quantmax>
    <cost>100</cost>
    <flags count_in_cargo="0" count_in_hoarder="0" count_in_map="1" count_in_player="0" crafted="0" deloot="0"/>
    <category name="food"/>
    <usage name="Farm"/>
  </type>
  <type name="PigSteakMeat">
    <nominal>0</nominal>
    <lifetime>14400</lifetime>
    <restock>0</restock>
    <min>0</min>
    <quantmin>-1</quantmin>
    <quantmax>-1</quantmax>
    <cost>100</cost>
    <flags count_in_cargo="0" count_in_hoarder="0" count_in_map="1" count_in_player="0" crafted="1" deloot="0"/>
    <category name="food"/>
  </type>
  <type name="PleurotusMushroom">
    <nominal>0</nominal>
    <lifetime>900</lifetime>
    <restock>0</restock>
    <min>0</min>
    <quantmin>-1</quantmin>
    <quantmax>-1</quantmax>
    <cost>100</cost>
    <flags count_in_cargo="0" count_in_hoarder="0" count_in_map="1" count_in_player="0" crafted="1" deloot="0"/>
    <category name="food"/>
  </type>
  <type name="Plum">
    <nominal>0</nominal>
    <lifetime>900</lifetime>
    <restock>0</restock>
    <min>0</min>
    <quantmin>-1</quantmin>
    <quantmax>-1</quantmax>
    <cost>100</cost>
    <flags count_in_cargo="0" count_in_hoarder="0" count_in_map="1" count_in_player="0" crafted="1" deloot="0"/>
    <category name="food"/>
  </type>
  <type name="PorkCan">
    <nominal>15</nominal>
    <lifetime>14400</lifetime>
    <restock>0</restock>
    <min>12</min>
    <quantmin>-1</quantmin>
    <quantmax>-1</quantmax>
    <cost>100</cost>
    <flags count_in_cargo="0" count_in_hoarder="0" count_in_map="1" count_in_player="0" crafted="0" deloot="0"/>
    <category name="food"/>
    <tag name="shelves"/>
    <usage name="Town"/>
    <usage name="Village"/>
    <usage name="Office"/>
    <usage name="School"/>
    <value name="Tier1"/>
    <value name="Tier2"/>
    <value name="Tier3"/>
  </type>
  <type name="PorkCan_Opened">
    <nominal>0</nominal>
    <lifetime>9000</lifetime>
    <restock>0</restock>
    <min>0</min>
    <quantmin>-1</quantmin>
    <quantmax>-1</quantmax>
    <cost>100</cost>
    <flags count_in_cargo="0" count_in_hoarder="0" count_in_map="1" count_in_player="0" crafted="1" deloot="0"/>
    <category name="food"/>
  </type>
  <type name="Potato">
    <nominal>0</nominal>
    <lifetime>14400</lifetime>
    <restock>0</restock>
    <min>0</min>
    <quantmin>-1</quantmin>
    <quantmax>-1</quantmax>
    <cost>100</cost>
    <flags count_in_cargo="0" count_in_hoarder="0" count_in_map="1" count_in_player="0" crafted="1" deloot="0"/>
    <category name="food"/>
  </type>
  <type name="PotatoSeed">
    <nominal>32</nominal>
    <lifetime>14400</lifetime>
    <restock>0</restock>
    <min>28</min>
    <quantmin>-1</quantmin>
    <quantmax>-1</quantmax>
    <cost>100</cost>
    <flags count_in_cargo="0" count_in_hoarder="0" count_in_map="1" count_in_player="0" crafted="0" deloot="0"/>
    <category name="food"/>
    <tag name="shelves"/>
    <usage name="Farm"/>
    <usage name="Village"/>
    <value name="Tier1"/>
    <value name="Tier2"/>
    <value name="Tier3"/>
  </type>
  <type name="PowderedMilk">
    <nominal>15</nominal>
    <lifetime>28800</lifetime>
    <restock>0</restock>
    <min>12</min>
    <quantmin>10</quantmin>
    <quantmax>100</quantmax>
    <cost>100</cost>
    <flags count_in_cargo="0" count_in_hoarder="0" count_in_map="1" count_in_player="0" crafted="0" deloot="0"/>
    <category name="food"/>
    <tag name="shelves"/>
    <usage name="Town"/>
    <usage name="School"/>
    <value name="Tier1"/>
    <value name="Tier2"/>
    <value name="Tier3"/>
  </type>
  <type name="Pumpkin">
    <nominal>0</nominal>
    <lifetime>14400</lifetime>
    <restock>0</restock>
    <min>0</min>
    <quantmin>-1</quantmin>
    <quantmax>-1</quantmax>
    <cost>100</cost>
    <flags count_in_cargo="0" count_in_hoarder="0" count_in_map="1" count_in_player="0" crafted="1" deloot="0"/>
    <category name="food"/>
  </type>
  <type name="PumpkinSeedsPack">
    <nominal>30</nominal>
    <lifetime>14400</lifetime>
    <restock>0</restock>
    <min>25</min>
    <quantmin>-1</quantmin>
    <quantmax>-1</quantmax>
    <cost>100</cost>
    <flags count_in_cargo="0" count_in_hoarder="0" count_in_map="1" count_in_player="0" crafted="0" deloot="0"/>
    <category name="food"/>
    <usage name="Farm"/>
  </type>
  <type name="RabbitLegMeat">
    <nominal>0</nominal>
    <lifetime>14400</lifetime>
    <restock>0</restock>
    <min>1</min>
    <quantmin>-1</quantmin>
    <quantmax>-1</quantmax>
    <cost>100</cost>
    <flags count_in_cargo="0" count_in_hoarder="0" count_in_map="1" count_in_player="0" crafted="1" deloot="0"/>
    <category name="food"/>
  </type>
  <type name="RedCaviar">
    <nominal>0</nominal>
    <lifetime>14400</lifetime>
    <restock>0</restock>
    <min>0</min>
    <quantmin>-1</quantmin>
    <quantmax>-1</quantmax>
    <cost>100</cost>
    <flags count_in_cargo="0" count_in_hoarder="0" count_in_map="1" count_in_player="0" crafted="1" deloot="0"/>
  </type>
  <type name="Rice">
    <nominal>20</nominal>
    <lifetime>28800</lifetime>
    <restock>0</restock>
    <min>15</min>
    <quantmin>10</quantmin>
    <quantmax>100</quantmax>
    <cost>100</cost>
    <flags count_in_cargo="0" count_in_hoarder="0" count_in_map="1" count_in_player="0" crafted="0" deloot="0"/>
    <category name="food"/>
    <tag name="shelves"/>
    <usage name="Village"/>
    <value name="Tier1"/>
    <value name="Tier2"/>
  </type>
  <type name="SaltySticks">
    <nominal>23</nominal>
    <lifetime>7200</lifetime>
    <restock>0</restock>
    <min>18</min>
    <quantmin>-1</quantmin>
    <quantmax>-1</quantmax>
    <cost>100</cost>
    <flags count_in_cargo="0" count_in_hoarder="0" count_in_map="1" count_in_player="0" crafted="0" deloot="0"/>
    <category name="food"/>
    <tag name="shelves"/>
    <usage name="Town"/>
    <usage name="Village"/>
    <usage name="School"/>
    <usage name="Lunapark"/>
    <value name="Tier1"/>
  </type>
  <type name="Sardines">
    <nominal>0</nominal>
    <lifetime>14400</lifetime>
    <restock>0</restock>
    <min>0</min>
    <quantmin>-1</quantmin>
    <quantmax>-1</quantmax>
    <cost>100</cost>
    <flags count_in_cargo="0" count_in_hoarder="0" count_in_map="1" count_in_player="0" crafted="1" deloot="0"/>
    <category name="food"/>
  </type>
  <type name="SardinesCan">
    <nominal>20</nominal>
    <lifetime>14400</lifetime>
    <restock>0</restock>
    <min>15</min>
    <quantmin>-1</quantmin>
    <quantmax>-1</quantmax>
    <cost>100</cost>
    <flags count_in_cargo="0" count_in_hoarder="0" count_in_map="1" count_in_player="0" crafted="0" deloot="0"/>
    <category name="food"/>
    <tag name="shelves"/>
    <usage name="Town"/>
    <usage name="Village"/>
    <value name="Tier1"/>
    <value name="Tier2"/>
  </type>
  <type name="SardinesCan_Opened">
    <nominal>0</nominal>
    <lifetime>9000</lifetime>
    <restock>0</restock>
    <min>0</min>
    <quantmin>-1</quantmin>
    <quantmax>-1</quantmax>
    <cost>100</cost>
    <flags count_in_cargo="0" count_in_hoarder="0" count_in_map="1" count_in_player="0" crafted="1" deloot="0"/>
    <category name="food"/>
  </type>
  <type name="SheepSteakMeat">
    <nominal>0</nominal>
    <lifetime>14400</lifetime>
    <restock>0</restock>
    <min>0</min>
    <quantmin>-1</quantmin>
    <quantmax>-1</quantmax>
    <cost>100</cost>
    <flags count_in_cargo="0" count_in_hoarder="0" count_in_map="1" count_in_player="0" crafted="1" deloot="0"/>
    <category name="food"/>
  </type>
  <type name="SlicedPumpkin">
    <nominal>0</nominal>
    <lifetime>14400</lifetime>
    <restock>0</restock>
    <min>0</min>
    <quantmin>-1</quantmin>
    <quantmax>-1</quantmax>
    <cost>100</cost>
    <flags count_in_cargo="0" count_in_hoarder="0" count_in_map="1" count_in_player="0" crafted="1" deloot="0"/>
    <category name="food"/>
  </type>
  <type name="SodaCan_Cola">
    <nominal>20</nominal>
    <lifetime>14400</lifetime>
    <restock>0</restock>
    <min>16</min>
    <quantmin>-1</quantmin>
    <quantmax>-1</quantmax>
    <cost>100</cost>
    <flags count_in_cargo="0" count_in_hoarder="0" count_in_map="1" count_in_player="0" crafted="0" deloot="0"/>
    <category name="food"/>
    <value name="Tier1"/>
    <value name="Tier2"/>
    <value name="Tier3"/>
  </type>
  <type name="SodaCan_Fronta">
    <nominal>20</nominal>
    <lifetime>14400</lifetime>
    <restock>0</restock>
    <min>16</min>
    <quantmin>-1</quantmin>
    <quantmax>-1</quantmax>
    <cost>100</cost>
    <flags count_in_cargo="0" count_in_hoarder="0" count_in_map="1" count_in_player="0" crafted="0" deloot="0"/>
    <category name="food"/>
    <value name="Tier1"/>
    <value name="Tier2"/>
    <value name="Tier3"/>
  </type>
  <type name="SodaCan_Kvass">
    <nominal>20</nominal>
    <lifetime>14400</lifetime>
    <restock>0</restock>
    <min>16</min>
    <quantmin>-1</quantmin>
    <quantmax>-1</quantmax>
    <cost>100</cost>
    <flags count_in_cargo="0" count_in_hoarder="0" count_in_map="1" count_in_player="0" crafted="0" deloot="0"/>
    <category name="food"/>
    <value name="Tier1"/>
    <value name="Tier2"/>
    <value name="Tier3"/>
  </type>
  <type name="SodaCan_Pipsi">
    <nominal>20</nominal>
    <lifetime>14400</lifetime>
    <restock>0</restock>
    <min>16</min>
    <quantmin>-1</quantmin>
    <quantmax>-1</quantmax>
    <cost>100</cost>
    <flags count_in_cargo="0" count_in_hoarder="0" count_in_map="1" count_in_player="0" crafted="0" deloot="0"/>
    <category name="food"/>
    <value name="Tier1"/>
    <value name="Tier2"/>
    <value name="Tier3"/>
  </type>
  <type name="SodaCan_Spite">
    <nominal>20</nominal>
    <lifetime>14400</lifetime>
    <restock>0</restock>
    <min>16</min>
    <quantmin>-1</quantmin>
    <quantmax>-1</quantmax>
    <cost>100</cost>
    <flags count_in_cargo="0" count_in_hoarder="0" count_in_map="1" count_in_player="0" crafted="0" deloot="0"/>
    <category name="food"/>
    <value name="Tier1"/>
    <value name="Tier2"/>
    <value name="Tier3"/>
  </type>
  <type name="SpaghettiCan">
    <nominal>15</nominal>
    <lifetime>14400</lifetime>
    <restock>0</restock>
    <min>12</min>
    <quantmin>-1</quantmin>
    <quantmax>-1</quantmax>
    <cost>100</cost>
    <flags count_in_cargo="0" count_in_hoarder="0" count_in_map="1" count_in_player="0" crafted="0" deloot="0"/>
    <category name="food"/>
    <tag name="shelves"/>
    <usage name="Town"/>
    <usage name="Village"/>
    <usage name="Office"/>
    <value name="Tier1"/>
    <value name="Tier2"/>
    <value name="Tier3"/>
  </type>
  <type name="SpaghettiCan_Opened">
    <nominal>0</nominal>
    <lifetime>14400</lifetime>
    <restock>0</restock>
    <min>0</min>
    <quantmin>-1</quantmin>
    <quantmax>-1</quantmax>
    <cost>100</cost>
    <flags count_in_cargo="0" count_in_hoarder="0" count_in_map="1" count_in_player="0" crafted="1" deloot="0"/>
    <category name="food"/>
  </type>
  <type name="SteelheadTrout">
    <nominal>0</nominal>
    <lifetime>14400</lifetime>
    <restock>0</restock>
    <min>0</min>
    <quantmin>-1</quantmin>
    <quantmax>-1</quantmax>
    <cost>100</cost>
    <flags count_in_cargo="0" count_in_hoarder="0" count_in_map="1" count_in_player="0" crafted="1" deloot="0"/>
  </type>
  <type name="SteelheadTroutFilletMeat">
    <nominal>0</nominal>
    <lifetime>14400</lifetime>
    <restock>0</restock>
    <min>0</min>
    <quantmin>-1</quantmin>
    <quantmax>-1</quantmax>
    <cost>100</cost>
    <flags count_in_cargo="0" count_in_hoarder="0" count_in_map="1" count_in_player="0" crafted="1" deloot="0"/>
  </type>
  <type name="TacticalBaconCan">
    <nominal>10</nominal>
    <lifetime>28800</lifetime>
    <restock>0</restock>
    <min>5</min>
    <quantmin>-1</quantmin>
    <quantmax>-1</quantmax>
    <cost>100</cost>
    <flags count_in_cargo="0" count_in_hoarder="0" count_in_map="1" count_in_player="0" crafted="0" deloot="0"/>
    <category name="food"/>
    <tag name="shelves"/>
    <usage name="Military"/>
  </type>
  <type name="TacticalBaconCan_Opened">
    <nominal>0</nominal>
    <lifetime>14400</lifetime>
    <restock>0</restock>
    <min>0</min>
    <quantmin>-1</quantmin>
    <quantmax>-1</quantmax>
    <cost>100</cost>
    <flags count_in_cargo="0" count_in_hoarder="0" count_in_map="1" count_in_player="0" crafted="1" deloot="0"/>
    <category name="food"/>
  </type>
  <type name="Tomato">
    <nominal>20</nominal>
    <lifetime>14400</lifetime>
    <restock>0</restock>
    <min>15</min>
    <quantmin>-1</quantmin>
    <quantmax>-1</quantmax>
    <cost>100</cost>
    <flags count_in_cargo="0" count_in_hoarder="0" count_in_map="1" count_in_player="0" crafted="0" deloot="0"/>
    <category name="food"/>
    <tag name="shelves"/>
    <usage name="Farm"/>
    <usage name="Village"/>
    <value name="Tier1"/>
    <value name="Tier2"/>
    <value name="Tier3"/>
  </type>
  <type name="TomatoSeedsPack">
    <nominal>30</nominal>
    <lifetime>14400</lifetime>
    <restock>0</restock>
    <min>25</min>
    <quantmin>-1</quantmin>
    <quantmax>-1</quantmax>
    <cost>100</cost>
    <flags count_in_cargo="0" count_in_hoarder="0" count_in_map="1" count_in_player="0" crafted="0" deloot="0"/>
    <category name="food"/>
    <usage name="Farm"/>
  </type>
  <type name="TunaCan">
    <nominal>20</nominal>
    <lifetime>14400</lifetime>
    <restock>0</restock>
    <min>15</min>
    <quantmin>-1</quantmin>
    <quantmax>-1</quantmax>
    <cost>100</cost>
    <flags count_in_cargo="0" count_in_hoarder="0" count_in_map="1" count_in_player="0" crafted="0" deloot="0"/>
    <category name="food"/>
    <tag name="shelves"/>
    <usage name="Town"/>
    <usage name="Office"/>
    <value name="Tier1"/>
    <value name="Tier2"/>
  </type>
  <type name="TunaCan_Opened">
    <nominal>0</nominal>
    <lifetime>9000</lifetime>
    <restock>0</restock>
    <min>0</min>
    <quantmin>-1</quantmin>
    <quantmax>-1</quantmax>
    <cost>100</cost>
    <flags count_in_cargo="0" count_in_hoarder="0" count_in_map="1" count_in_player="0" crafted="1" deloot="0"/>
    <category name="food"/>
  </type>
  <type name="UnknownFoodCan">
    <nominal>43</nominal>
    <lifetime>14400</lifetime>
    <restock>0</restock>
    <min>37</min>
    <quantmin>-1</quantmin>
    <quantmax>-1</quantmax>
    <cost>100</cost>
    <flags count_in_cargo="0" count_in_hoarder="0" count_in_map="1" count_in_player="0" crafted="0" deloot="0"/>
    <category name="food"/>
    <tag name="shelves"/>
    <usage name="Town"/>
    <usage name="Village"/>
    <usage name="Office"/>
    <usage name="Prison"/>
  </type>
  <type name="UnknownFoodCan_Opened">
    <nominal>0</nominal>
    <lifetime>9000</lifetime>
    <restock>0</restock>
    <min>0</min>
    <quantmin>-1</quantmin>
    <quantmax>-1</quantmax>
    <cost>100</cost>
    <flags count_in_cargo="0" count_in_hoarder="0" count_in_map="1" count_in_player="0" crafted="1" deloot="0"/>
    <category name="food"/>
  </type>
  <type name="WalleyePollock">
    <nominal>0</nominal>
    <lifetime>14400</lifetime>
    <restock>0</restock>
    <min>0</min>
    <quantmin>-1</quantmin>
    <quantmax>-1</quantmax>
    <cost>100</cost>
    <flags count_in_cargo="0" count_in_hoarder="0" count_in_map="1" count_in_player="0" crafted="1" deloot="0"/>
  </type>
  <type name="WalleyePollockFilletMeat">
    <nominal>0</nominal>
    <lifetime>14400</lifetime>
    <restock>0</restock>
    <min>0</min>
    <quantmin>-1</quantmin>
    <quantmax>-1</quantmax>
    <cost>100</cost>
    <flags count_in_cargo="0" count_in_hoarder="0" count_in_map="1" count_in_player="0" crafted="1" deloot="0"/>
  </type>
  <type name="WolfSteakMeat">
    <nominal>0</nominal>
    <lifetime>14400</lifetime>
    <restock>0</restock>
    <min>0</min>
    <quantmin>-1</quantmin>
    <quantmax>-1</quantmax>
    <cost>100</cost>
    <flags count_in_cargo="0" count_in_hoarder="0" count_in_map="1" count_in_player="0" crafted="1" deloot="0"/>
    <category name="food"/>
  </type>
  <type name="Zagorky">
    <nominal>15</nominal>
    <lifetime>14400</lifetime>
    <restock>0</restock>
    <min>12</min>
    <quantmin>-1</quantmin>
    <quantmax>-1</quantmax>
    <cost>100</cost>
    <flags count_in_cargo="0" count_in_hoarder="0" count_in_map="1" count_in_player="0" crafted="0" deloot="0"/>
    <category name="food"/>
    <tag name="shelves"/>
    <usage name="Village"/>
    <usage name="Hunting"/>
    <usage name="Office"/>
    <usage name="School"/>
    <usage name="Lunapark"/>
    <value name="Tier1"/>
    <value name="Tier2"/>
    <value name="Tier3"/>
  </type>
  <type name="ZagorkyChocolate">
    <nominal>15</nominal>
    <lifetime>14400</lifetime>
    <restock>0</restock>
    <min>12</min>
    <quantmin>-1</quantmin>
    <quantmax>-1</quantmax>
    <cost>100</cost>
    <flags count_in_cargo="0" count_in_hoarder="0" count_in_map="1" count_in_player="0" crafted="0" deloot="0"/>
    <category name="food"/>
    <tag name="shelves"/>
    <usage name="Hunting"/>
  </type>
  <type name="ZagorkyPeanuts">
    <nominal>15</nominal>
    <lifetime>14400</lifetime>
    <restock>0</restock>
    <min>12</min>
    <quantmin>-1</quantmin>
    <quantmax>-1</quantmax>
    <cost>100</cost>
    <flags count_in_cargo="0" count_in_hoarder="0" count_in_map="1" count_in_player="0" crafted="0" deloot="0"/>
    <category name="food"/>
    <tag name="shelves"/>
    <usage name="Hunting"/>
    <usage name="Office"/>
    <usage name="School"/>
    <usage name="Lunapark"/>
  </type>
  <type name="Zucchini">
    <nominal>20</nominal>
    <lifetime>14400</lifetime>
    <restock>0</restock>
    <min>15</min>
    <quantmin>-1</quantmin>
    <quantmax>-1</quantmax>
    <cost>100</cost>
    <flags count_in_cargo="0" count_in_hoarder="0" count_in_map="1" count_in_player="0" crafted="0" deloot="0"/>
    <category name="food"/>
    <tag name="shelves"/>
    <usage name="Farm"/>
    <usage name="Town"/>
    <usage name="Village"/>
    <value name="Tier1"/>
    <value name="Tier2"/>
    <value name="Tier3"/>
  </type>
  <type name="ZucchiniSeedsPack">
    <nominal>30</nominal>
    <lifetime>14400</lifetime>
    <restock>0</restock>
    <min>25</min>
    <quantmin>-1</quantmin>
    <quantmax>-1</quantmax>
    <cost>100</cost>
    <flags count_in_cargo="0" count_in_hoarder="0" count_in_map="1" count_in_player="0" crafted="0" deloot="0"/>
    <category name="food"/>
    <usage name="Farm"/>
  </type>
</types>
