<?xml version="1.0" ?>
<types>
  <type name="AnniversaryBox">
    <nominal>0</nominal>
    <lifetime>14400</lifetime>
    <restock>0</restock>
    <min>0</min>
    <quantmin>-1</quantmin>
    <quantmax>-1</quantmax>
    <cost>100</cost>
    <flags count_in_cargo="0" count_in_hoarder="0" count_in_map="1" count_in_player="0" crafted="0" deloot="0"/>
    <category name="containers"/>
    <usage name="SeasonalEvent"/>
  </type>
  <type name="Bonfire">
    <nominal>0</nominal>
    <lifetime>3</lifetime>
    <restock>0</restock>
    <min>0</min>
    <quantmin>-1</quantmin>
    <quantmax>-1</quantmax>
    <cost>100</cost>
    <flags count_in_cargo="0" count_in_hoarder="0" count_in_map="1" count_in_player="0" crafted="0" deloot="0"/>
  </type>
  <type name="Broom_Birch">
    <nominal>0</nominal>
    <lifetime>14400</lifetime>
    <restock>0</restock>
    <min>0</min>
    <quantmin>-1</quantmin>
    <quantmax>-1</quantmax>
    <cost>100</cost>
    <flags count_in_cargo="0" count_in_hoarder="0" count_in_map="1" count_in_player="0" crafted="0" deloot="1"/>
    <usage name="SeasonalEvent"/>
  </type>
  <type name="Candycane_Green">
    <nominal>0</nominal>
    <lifetime>14400</lifetime>
    <restock>0</restock>
    <min>0</min>
    <quantmin>100</quantmin>
    <quantmax>100</quantmax>
    <cost>100</cost>
    <flags count_in_cargo="0" count_in_hoarder="0" count_in_map="1" count_in_player="0" crafted="0" deloot="0"/>
    <category name="food"/>
    <usage name="Town"/>
    <usage name="Village"/>
    <usage name="SeasonalEvent"/>
  </type>
  <type name="Candycane_Red">
    <nominal>0</nominal>
    <lifetime>14400</lifetime>
    <restock>0</restock>
    <min>0</min>
    <quantmin>100</quantmin>
    <quantmax>100</quantmax>
    <cost>100</cost>
    <flags count_in_cargo="0" count_in_hoarder="0" count_in_map="1" count_in_player="0" crafted="0" deloot="0"/>
    <category name="food"/>
    <usage name="Village"/>
    <usage name="Hunting"/>
    <usage name="SeasonalEvent"/>
  </type>
  <type name="Candycane_RedGreen">
    <nominal>0</nominal>
    <lifetime>14400</lifetime>
    <restock>0</restock>
    <min>0</min>
    <quantmin>100</quantmin>
    <quantmax>100</quantmax>
    <cost>100</cost>
    <flags count_in_cargo="0" count_in_hoarder="0" count_in_map="1" count_in_player="0" crafted="0" deloot="0"/>
    <category name="food"/>
    <usage name="Town"/>
    <usage name="Village"/>
    <usage name="SeasonalEvent"/>
  </type>
  <type name="Candycane_Yellow">
    <nominal>0</nominal>
    <lifetime>14400</lifetime>
    <restock>0</restock>
    <min>0</min>
    <quantmin>100</quantmin>
    <quantmax>100</quantmax>
    <cost>100</cost>
    <flags count_in_cargo="0" count_in_hoarder="0" count_in_map="1" count_in_player="0" crafted="0" deloot="0"/>
    <category name="food"/>
    <usage name="Town"/>
    <usage name="Village"/>
    <usage name="SeasonalEvent"/>
  </type>
  <type name="Cauldron">
    <nominal>0</nominal>
    <lifetime>14400</lifetime>
    <restock>0</restock>
    <min>0</min>
    <quantmin>-1</quantmin>
    <quantmax>-1</quantmax>
    <cost>100</cost>
    <flags count_in_cargo="0" count_in_hoarder="0" count_in_map="1" count_in_player="0" crafted="0" deloot="1"/>
    <usage name="SeasonalEvent"/>
  </type>
  <type name="ChristmasHeadband_Antlers">
    <nominal>0</nominal>
    <lifetime>14400</lifetime>
    <restock>0</restock>
    <min>0</min>
    <quantmin>-1</quantmin>
    <quantmax>-1</quantmax>
    <cost>100</cost>
    <flags count_in_cargo="0" count_in_hoarder="0" count_in_map="1" count_in_player="0" crafted="0" deloot="0"/>
    <category name="clothes"/>
    <usage name="SeasonalEvent"/>
  </type>
  <type name="ChristmasHeadband_Gingerbread">
    <nominal>0</nominal>
    <lifetime>14400</lifetime>
    <restock>0</restock>
    <min>0</min>
    <quantmin>-1</quantmin>
    <quantmax>-1</quantmax>
    <cost>100</cost>
    <flags count_in_cargo="0" count_in_hoarder="0" count_in_map="1" count_in_player="0" crafted="0" deloot="0"/>
    <category name="clothes"/>
    <usage name="SeasonalEvent"/>
  </type>
  <type name="ChristmasHeadband_Trees">
    <nominal>0</nominal>
    <lifetime>14400</lifetime>
    <restock>0</restock>
    <min>0</min>
    <quantmin>-1</quantmin>
    <quantmax>-1</quantmax>
    <cost>100</cost>
    <flags count_in_cargo="0" count_in_hoarder="0" count_in_map="1" count_in_player="0" crafted="0" deloot="0"/>
    <category name="clothes"/>
    <usage name="SeasonalEvent"/>
  </type>
  <type name="ChristmasTree_Green">
    <nominal>0</nominal>
    <lifetime>3</lifetime>
    <restock>0</restock>
    <min>0</min>
    <quantmin>-1</quantmin>
    <quantmax>-1</quantmax>
    <cost>100</cost>
    <flags count_in_cargo="0" count_in_hoarder="0" count_in_map="1" count_in_player="0" crafted="0" deloot="0"/>
  </type>
  <type name="CrookedNose">
    <nominal>0</nominal>
    <lifetime>14400</lifetime>
    <restock>0</restock>
    <min>0</min>
    <quantmin>-1</quantmin>
    <quantmax>-1</quantmax>
    <cost>100</cost>
    <flags count_in_cargo="0" count_in_hoarder="0" count_in_map="1" count_in_player="0" crafted="0" deloot="1"/>
    <usage name="SeasonalEvent"/>
  </type>
  <type name="EasterEgg">
    <nominal>0</nominal>
    <lifetime>28800</lifetime>
    <restock>0</restock>
    <min>0</min>
    <quantmin>-1</quantmin>
    <quantmax>-1</quantmax>
    <cost>100</cost>
    <flags count_in_cargo="0" count_in_hoarder="0" count_in_map="1" count_in_player="0" crafted="0" deloot="0"/>
    <usage name="Farm"/>
  </type>
  <type name="EyeMask_Christmas">
    <nominal>0</nominal>
    <lifetime>14400</lifetime>
    <restock>0</restock>
    <min>0</min>
    <quantmin>-1</quantmin>
    <quantmax>-1</quantmax>
    <cost>100</cost>
    <flags count_in_cargo="0" count_in_hoarder="0" count_in_map="1" count_in_player="0" crafted="0" deloot="0"/>
    <category name="clothes"/>
    <usage name="SeasonalEvent"/>
  </type>
  <type name="EyeMask_Dead">
    <nominal>0</nominal>
    <lifetime>14400</lifetime>
    <restock>0</restock>
    <min>0</min>
    <quantmin>-1</quantmin>
    <quantmax>-1</quantmax>
    <cost>100</cost>
    <flags count_in_cargo="0" count_in_hoarder="0" count_in_map="1" count_in_player="0" crafted="0" deloot="0"/>
    <category name="clothes"/>
    <usage name="SeasonalEvent"/>
  </type>
  <type name="EyeMask_Red">
    <nominal>3</nominal>
    <lifetime>14400</lifetime>
    <restock>0</restock>
    <min>1</min>
    <quantmin>-1</quantmin>
    <quantmax>-1</quantmax>
    <cost>100</cost>
    <flags count_in_cargo="0" count_in_hoarder="0" count_in_map="1" count_in_player="0" crafted="0" deloot="0"/>
    <category name="clothes"/>
    <usage name="Lunapark"/>
    <usage name="SeasonalEvent"/>
  </type>
  <type name="EyeMask_Yellow">
    <nominal>3</nominal>
    <lifetime>14400</lifetime>
    <restock>0</restock>
    <min>1</min>
    <quantmin>-1</quantmin>
    <quantmax>-1</quantmax>
    <cost>100</cost>
    <flags count_in_cargo="0" count_in_hoarder="0" count_in_map="1" count_in_player="0" crafted="0" deloot="0"/>
    <category name="clothes"/>
    <usage name="Lunapark"/>
    <usage name="SeasonalEvent"/>
  </type>
  <type name="GiftBox_Large_1">
    <nominal>12</nominal>
    <lifetime>7200</lifetime>
    <restock>0</restock>
    <min>5</min>
    <quantmin>-1</quantmin>
    <quantmax>-1</quantmax>
    <cost>100</cost>
    <flags count_in_cargo="0" count_in_hoarder="0" count_in_map="1" count_in_player="0" crafted="0" deloot="0"/>
    <category name="containers"/>
    <usage name="Town"/>
    <usage name="SeasonalEvent"/>
  </type>
  <type name="GiftBox_Large_2">
    <nominal>12</nominal>
    <lifetime>7200</lifetime>
    <restock>0</restock>
    <min>5</min>
    <quantmin>-1</quantmin>
    <quantmax>-1</quantmax>
    <cost>100</cost>
    <flags count_in_cargo="0" count_in_hoarder="0" count_in_map="1" count_in_player="0" crafted="0" deloot="0"/>
    <category name="containers"/>
    <usage name="Town"/>
    <usage name="SeasonalEvent"/>
  </type>
  <type name="GiftBox_Large_3">
    <nominal>12</nominal>
    <lifetime>7200</lifetime>
    <restock>0</restock>
    <min>5</min>
    <quantmin>-1</quantmin>
    <quantmax>-1</quantmax>
    <cost>100</cost>
    <flags count_in_cargo="0" count_in_hoarder="0" count_in_map="1" count_in_player="0" crafted="0" deloot="0"/>
    <category name="containers"/>
    <usage name="Town"/>
    <usage name="SeasonalEvent"/>
  </type>
  <type name="GiftBox_Large_4">
    <nominal>12</nominal>
    <lifetime>7200</lifetime>
    <restock>0</restock>
    <min>5</min>
    <quantmin>-1</quantmin>
    <quantmax>-1</quantmax>
    <cost>100</cost>
    <flags count_in_cargo="0" count_in_hoarder="0" count_in_map="1" count_in_player="0" crafted="0" deloot="0"/>
    <category name="containers"/>
    <usage name="Town"/>
    <usage name="SeasonalEvent"/>
  </type>
  <type name="GiftBox_Medium_1">
    <nominal>12</nominal>
    <lifetime>7200</lifetime>
    <restock>0</restock>
    <min>5</min>
    <quantmin>-1</quantmin>
    <quantmax>-1</quantmax>
    <cost>100</cost>
    <flags count_in_cargo="0" count_in_hoarder="0" count_in_map="1" count_in_player="0" crafted="0" deloot="0"/>
    <category name="containers"/>
    <usage name="Town"/>
    <usage name="Village"/>
    <usage name="SeasonalEvent"/>
  </type>
  <type name="GiftBox_Medium_2">
    <nominal>12</nominal>
    <lifetime>7200</lifetime>
    <restock>0</restock>
    <min>5</min>
    <quantmin>-1</quantmin>
    <quantmax>-1</quantmax>
    <cost>100</cost>
    <flags count_in_cargo="0" count_in_hoarder="0" count_in_map="1" count_in_player="0" crafted="0" deloot="0"/>
    <category name="containers"/>
    <usage name="Town"/>
    <usage name="Village"/>
    <usage name="SeasonalEvent"/>
  </type>
  <type name="GiftBox_Medium_3">
    <nominal>12</nominal>
    <lifetime>7200</lifetime>
    <restock>0</restock>
    <min>5</min>
    <quantmin>-1</quantmin>
    <quantmax>-1</quantmax>
    <cost>100</cost>
    <flags count_in_cargo="0" count_in_hoarder="0" count_in_map="1" count_in_player="0" crafted="0" deloot="0"/>
    <category name="containers"/>
    <usage name="Town"/>
    <usage name="Village"/>
    <usage name="SeasonalEvent"/>
  </type>
  <type name="GiftBox_Medium_4">
    <nominal>12</nominal>
    <lifetime>7200</lifetime>
    <restock>0</restock>
    <min>5</min>
    <quantmin>-1</quantmin>
    <quantmax>-1</quantmax>
    <cost>100</cost>
    <flags count_in_cargo="0" count_in_hoarder="0" count_in_map="1" count_in_player="0" crafted="0" deloot="0"/>
    <category name="containers"/>
    <usage name="Town"/>
    <usage name="Village"/>
    <usage name="SeasonalEvent"/>
  </type>
  <type name="GiftBox_Small_1">
    <nominal>12</nominal>
    <lifetime>7200</lifetime>
    <restock>0</restock>
    <min>5</min>
    <quantmin>-1</quantmin>
    <quantmax>-1</quantmax>
    <cost>100</cost>
    <flags count_in_cargo="0" count_in_hoarder="0" count_in_map="1" count_in_player="0" crafted="0" deloot="0"/>
    <category name="containers"/>
    <usage name="Town"/>
    <usage name="Village"/>
    <usage name="SeasonalEvent"/>
  </type>
  <type name="GiftBox_Small_2">
    <nominal>12</nominal>
    <lifetime>7200</lifetime>
    <restock>0</restock>
    <min>5</min>
    <quantmin>-1</quantmin>
    <quantmax>-1</quantmax>
    <cost>100</cost>
    <flags count_in_cargo="0" count_in_hoarder="0" count_in_map="1" count_in_player="0" crafted="0" deloot="0"/>
    <category name="containers"/>
    <usage name="Town"/>
    <usage name="Village"/>
    <usage name="SeasonalEvent"/>
  </type>
  <type name="GiftBox_Small_3">
    <nominal>12</nominal>
    <lifetime>7200</lifetime>
    <restock>0</restock>
    <min>5</min>
    <quantmin>-1</quantmin>
    <quantmax>-1</quantmax>
    <cost>100</cost>
    <flags count_in_cargo="0" count_in_hoarder="0" count_in_map="1" count_in_player="0" crafted="0" deloot="0"/>
    <category name="containers"/>
    <usage name="Town"/>
    <usage name="Village"/>
    <usage name="SeasonalEvent"/>
  </type>
  <type name="GiftBox_Small_4">
    <nominal>12</nominal>
    <lifetime>7200</lifetime>
    <restock>0</restock>
    <min>5</min>
    <quantmin>-1</quantmin>
    <quantmax>-1</quantmax>
    <cost>100</cost>
    <flags count_in_cargo="0" count_in_hoarder="0" count_in_map="1" count_in_player="0" crafted="0" deloot="0"/>
    <category name="containers"/>
    <usage name="Town"/>
    <usage name="Village"/>
    <usage name="SeasonalEvent"/>
  </type>
  <type name="MorozkoHat">
    <nominal>0</nominal>
    <lifetime>14400</lifetime>
    <restock>0</restock>
    <min>0</min>
    <quantmin>-1</quantmin>
    <quantmax>-1</quantmax>
    <cost>100</cost>
    <flags count_in_cargo="0" count_in_hoarder="0" count_in_map="1" count_in_player="0" crafted="0" deloot="0"/>
    <category name="clothes"/>
    <usage name="SeasonalEvent"/>
  </type>
  <type name="SantasBeard">
    <nominal>0</nominal>
    <lifetime>14400</lifetime>
    <restock>0</restock>
    <min>0</min>
    <quantmin>-1</quantmin>
    <quantmax>-1</quantmax>
    <cost>100</cost>
    <flags count_in_cargo="0" count_in_hoarder="0" count_in_map="1" count_in_player="0" crafted="0" deloot="0"/>
    <category name="clothes"/>
    <tag name="shelves"/>
    <usage name="Town"/>
    <usage name="Village"/>
    <usage name="SeasonalEvent"/>
  </type>
  <type name="Tshirt_10thAnniversary">
    <nominal>0</nominal>
    <lifetime>14400</lifetime>
    <restock>0</restock>
    <min>0</min>
    <quantmin>-1</quantmin>
    <quantmax>-1</quantmax>
    <cost>100</cost>
    <flags count_in_cargo="0" count_in_hoarder="0" count_in_map="1" count_in_player="0" crafted="0" deloot="0"/>
    <category name="clothes"/>
    <usage name="SeasonalEvent"/>
  </type>
  <type name="WitchHat">
    <nominal>0</nominal>
    <lifetime>14400</lifetime>
    <restock>0</restock>
    <min>0</min>
    <quantmin>-1</quantmin>
    <quantmax>-1</quantmax>
    <cost>100</cost>
    <flags count_in_cargo="0" count_in_hoarder="0" count_in_map="1" count_in_player="0" crafted="0" deloot="1"/>
    <usage name="SeasonalEvent"/>
  </type>
  <type name="WitchHood_Black">
    <nominal>0</nominal>
    <lifetime>14400</lifetime>
    <restock>0</restock>
    <min>0</min>
    <quantmin>-1</quantmin>
    <quantmax>-1</quantmax>
    <cost>100</cost>
    <flags count_in_cargo="0" count_in_hoarder="0" count_in_map="1" count_in_player="0" crafted="0" deloot="1"/>
    <usage name="SeasonalEvent"/>
  </type>
  <type name="WitchHood_Brown">
    <nominal>0</nominal>
    <lifetime>14400</lifetime>
    <restock>0</restock>
    <min>0</min>
    <quantmin>-1</quantmin>
    <quantmax>-1</quantmax>
    <cost>100</cost>
    <flags count_in_cargo="0" count_in_hoarder="0" count_in_map="1" count_in_player="0" crafted="0" deloot="1"/>
    <usage name="SeasonalEvent"/>
  </type>
  <type name="WitchHood_Red">
    <nominal>0</nominal>
    <lifetime>14400</lifetime>
    <restock>0</restock>
    <min>0</min>
    <quantmin>-1</quantmin>
    <quantmax>-1</quantmax>
    <cost>100</cost>
    <flags count_in_cargo="0" count_in_hoarder="0" count_in_map="1" count_in_player="0" crafted="0" deloot="1"/>
    <usage name="SeasonalEvent"/>
  </type>
  <type name="WoolGlovesFingerless_ChristmasBlue">
    <nominal>0</nominal>
    <lifetime>14400</lifetime>
    <restock>0</restock>
    <min>0</min>
    <quantmin>-1</quantmin>
    <quantmax>-1</quantmax>
    <cost>100</cost>
    <flags count_in_cargo="0" count_in_hoarder="0" count_in_map="1" count_in_player="0" crafted="0" deloot="0"/>
    <category name="clothes"/>
    <usage name="SeasonalEvent"/>
  </type>
  <type name="WoolGlovesFingerless_ChristmasRed">
    <nominal>0</nominal>
    <lifetime>14400</lifetime>
    <restock>0</restock>
    <min>0</min>
    <quantmin>-1</quantmin>
    <quantmax>-1</quantmax>
    <cost>100</cost>
    <flags count_in_cargo="0" count_in_hoarder="0" count_in_map="1" count_in_player="0" crafted="0" deloot="0"/>
    <category name="clothes"/>
    <usage name="SeasonalEvent"/>
  </type>
  <type name="WoolGloves_ChristmasBlue">
    <nominal>0</nominal>
    <lifetime>14400</lifetime>
    <restock>0</restock>
    <min>0</min>
    <quantmin>-1</quantmin>
    <quantmax>-1</quantmax>
    <cost>100</cost>
    <flags count_in_cargo="0" count_in_hoarder="0" count_in_map="1" count_in_player="0" crafted="0" deloot="0"/>
    <category name="clothes"/>
    <usage name="SeasonalEvent"/>
  </type>
  <type name="WoolGloves_ChristmasRed">
    <nominal>0</nominal>
    <lifetime>14400</lifetime>
    <restock>0</restock>
    <min>0</min>
    <quantmin>-1</quantmin>
    <quantmax>-1</quantmax>
    <cost>100</cost>
    <flags count_in_cargo="0" count_in_hoarder="0" count_in_map="1" count_in_player="0" crafted="0" deloot="0"/>
    <category name="clothes"/>
    <usage name="SeasonalEvent"/>
  </type>
</types>
