<?xml version="1.0" ?>
<types>
  <type name="AlarmClock_Blue">
    <nominal>20</nominal>
    <lifetime>14400</lifetime>
    <restock>0</restock>
    <min>15</min>
    <quantmin>-1</quantmin>
    <quantmax>-1</quantmax>
    <cost>100</cost>
    <flags count_in_cargo="0" count_in_hoarder="0" count_in_map="1" count_in_player="0" crafted="0" deloot="0"/>
    <category name="tools"/>
    <tag name="shelves"/>
    <usage name="Town"/>
    <usage name="Office"/>
    <usage name="School"/>
  </type>
  <type name="AlarmClock_Green">
    <nominal>20</nominal>
    <lifetime>14400</lifetime>
    <restock>0</restock>
    <min>15</min>
    <quantmin>-1</quantmin>
    <quantmax>-1</quantmax>
    <cost>100</cost>
    <flags count_in_cargo="0" count_in_hoarder="0" count_in_map="1" count_in_player="0" crafted="0" deloot="0"/>
    <category name="tools"/>
    <tag name="shelves"/>
    <usage name="Town"/>
    <usage name="Office"/>
    <usage name="School"/>
  </type>
  <type name="AlarmClock_Red">
    <nominal>20</nominal>
    <lifetime>14400</lifetime>
    <restock>0</restock>
    <min>15</min>
    <quantmin>-1</quantmin>
    <quantmax>-1</quantmax>
    <cost>100</cost>
    <flags count_in_cargo="0" count_in_hoarder="0" count_in_map="1" count_in_player="0" crafted="0" deloot="0"/>
    <category name="tools"/>
    <tag name="shelves"/>
    <usage name="Town"/>
    <usage name="Office"/>
    <usage name="School"/>
  </type>
  <type name="Anniversary_FireworksLauncher">
    <nominal>0</nominal>
    <lifetime>14400</lifetime>
    <restock>0</restock>
    <min>0</min>
    <quantmin>-1</quantmin>
    <quantmax>-1</quantmax>
    <cost>100</cost>
    <flags count_in_cargo="0" count_in_hoarder="0" count_in_map="1" count_in_player="0" crafted="0" deloot="0"/>
    <category name="tools"/>
  </type>
  <type name="AntiChemInjector">
    <nominal>1</nominal>
    <lifetime>7200</lifetime>
    <restock>0</restock>
    <min>1</min>
    <quantmin>-1</quantmin>
    <quantmax>-1</quantmax>
    <cost>100</cost>
    <flags count_in_cargo="0" count_in_hoarder="0" count_in_map="1" count_in_player="1" crafted="0" deloot="0"/>
    <category name="tools"/>
    <tag name="shelves"/>
    <usage name="ContaminatedArea"/>
  </type>
  <type name="AntiPestsSpray">
    <nominal>0</nominal>
    <lifetime>14400</lifetime>
    <restock>0</restock>
    <min>0</min>
    <quantmin>-1</quantmin>
    <quantmax>-1</quantmax>
    <cost>100</cost>
    <flags count_in_cargo="0" count_in_hoarder="0" count_in_map="1" count_in_player="0" crafted="1" deloot="0"/>
    <category name="tools"/>
  </type>
  <type name="Bait">
    <nominal>0</nominal>
    <lifetime>14400</lifetime>
    <restock>0</restock>
    <min>0</min>
    <quantmin>-1</quantmin>
    <quantmax>-1</quantmax>
    <cost>100</cost>
    <flags count_in_cargo="0" count_in_hoarder="0" count_in_map="1" count_in_player="0" crafted="1" deloot="0"/>
    <category name="tools"/>
  </type>
  <type name="BandageDressing">
    <nominal>40</nominal>
    <lifetime>14400</lifetime>
    <restock>0</restock>
    <min>30</min>
    <quantmin>-1</quantmin>
    <quantmax>-1</quantmax>
    <cost>100</cost>
    <flags count_in_cargo="0" count_in_hoarder="0" count_in_map="1" count_in_player="0" crafted="0" deloot="0"/>
    <category name="tools"/>
    <tag name="shelves"/>
    <usage name="Medic"/>
  </type>
  <type name="BarbedBaseballBat">
    <nominal>0</nominal>
    <lifetime>14400</lifetime>
    <restock>0</restock>
    <min>0</min>
    <quantmin>-1</quantmin>
    <quantmax>-1</quantmax>
    <cost>100</cost>
    <flags count_in_cargo="0" count_in_hoarder="0" count_in_map="1" count_in_player="0" crafted="1" deloot="0"/>
    <category name="tools"/>
  </type>
  <type name="BarbedWire">
    <nominal>60</nominal>
    <lifetime>14400</lifetime>
    <restock>0</restock>
    <min>50</min>
    <quantmin>-1</quantmin>
    <quantmax>-1</quantmax>
    <cost>100</cost>
    <flags count_in_cargo="0" count_in_hoarder="0" count_in_map="1" count_in_player="0" crafted="0" deloot="0"/>
    <category name="tools"/>
    <usage name="Industrial"/>
    <usage name="Farm"/>
  </type>
  <type name="Bark_Birch">
    <nominal>0</nominal>
    <lifetime>14400</lifetime>
    <restock>0</restock>
    <min>0</min>
    <quantmin>-1</quantmin>
    <quantmax>-1</quantmax>
    <cost>100</cost>
    <flags count_in_cargo="0" count_in_hoarder="0" count_in_map="1" count_in_player="0" crafted="1" deloot="0"/>
    <category name="tools"/>
  </type>
  <type name="Bark_Oak">
    <nominal>0</nominal>
    <lifetime>14400</lifetime>
    <restock>0</restock>
    <min>0</min>
    <quantmin>-1</quantmin>
    <quantmax>-1</quantmax>
    <cost>100</cost>
    <flags count_in_cargo="0" count_in_hoarder="0" count_in_map="1" count_in_player="0" crafted="1" deloot="0"/>
    <category name="tools"/>
  </type>
  <type name="BarrelHoles_Blue">
    <nominal>0</nominal>
    <lifetime>3888000</lifetime>
    <restock>0</restock>
    <min>0</min>
    <quantmin>-1</quantmin>
    <quantmax>-1</quantmax>
    <cost>100</cost>
    <flags count_in_cargo="1" count_in_hoarder="0" count_in_map="1" count_in_player="1" crafted="1" deloot="0"/>
    <category name="tools"/>
  </type>
  <type name="BarrelHoles_Green">
    <nominal>0</nominal>
    <lifetime>3888000</lifetime>
    <restock>0</restock>
    <min>0</min>
    <quantmin>-1</quantmin>
    <quantmax>-1</quantmax>
    <cost>100</cost>
    <flags count_in_cargo="1" count_in_hoarder="0" count_in_map="1" count_in_player="1" crafted="1" deloot="0"/>
    <category name="tools"/>
  </type>
  <type name="BarrelHoles_Red">
    <nominal>0</nominal>
    <lifetime>3888000</lifetime>
    <restock>0</restock>
    <min>0</min>
    <quantmin>-1</quantmin>
    <quantmax>-1</quantmax>
    <cost>100</cost>
    <flags count_in_cargo="1" count_in_hoarder="0" count_in_map="1" count_in_player="1" crafted="1" deloot="0"/>
    <category name="tools"/>
  </type>
  <type name="BarrelHoles_Yellow">
    <nominal>0</nominal>
    <lifetime>3888000</lifetime>
    <restock>0</restock>
    <min>0</min>
    <quantmin>-1</quantmin>
    <quantmax>-1</quantmax>
    <cost>100</cost>
    <flags count_in_cargo="1" count_in_hoarder="0" count_in_map="1" count_in_player="1" crafted="1" deloot="0"/>
    <category name="tools"/>
  </type>
  <type name="Barrel_Blue">
    <nominal>40</nominal>
    <lifetime>3888000</lifetime>
    <restock>0</restock>
    <min>20</min>
    <quantmin>-1</quantmin>
    <quantmax>-1</quantmax>
    <cost>100</cost>
    <flags count_in_cargo="1" count_in_hoarder="0" count_in_map="1" count_in_player="1" crafted="0" deloot="0"/>
    <category name="tools"/>
    <tag name="floor"/>
    <usage name="Industrial"/>
    <usage name="Farm"/>
  </type>
  <type name="Barrel_Green">
    <nominal>40</nominal>
    <lifetime>3888000</lifetime>
    <restock>0</restock>
    <min>20</min>
    <quantmin>-1</quantmin>
    <quantmax>-1</quantmax>
    <cost>100</cost>
    <flags count_in_cargo="1" count_in_hoarder="0" count_in_map="1" count_in_player="1" crafted="0" deloot="0"/>
    <category name="tools"/>
    <tag name="floor"/>
    <usage name="Industrial"/>
    <usage name="Farm"/>
  </type>
  <type name="Barrel_Red">
    <nominal>40</nominal>
    <lifetime>3888000</lifetime>
    <restock>0</restock>
    <min>20</min>
    <quantmin>-1</quantmin>
    <quantmax>-1</quantmax>
    <cost>100</cost>
    <flags count_in_cargo="1" count_in_hoarder="0" count_in_map="1" count_in_player="1" crafted="0" deloot="0"/>
    <category name="tools"/>
    <tag name="floor"/>
    <usage name="Industrial"/>
    <usage name="Farm"/>
  </type>
  <type name="Barrel_Yellow">
    <nominal>40</nominal>
    <lifetime>3888000</lifetime>
    <restock>0</restock>
    <min>20</min>
    <quantmin>-1</quantmin>
    <quantmax>-1</quantmax>
    <cost>100</cost>
    <flags count_in_cargo="1" count_in_hoarder="0" count_in_map="1" count_in_player="1" crafted="0" deloot="0"/>
    <category name="tools"/>
    <tag name="floor"/>
    <usage name="Industrial"/>
    <usage name="Farm"/>
  </type>
  <type name="BaseballBat">
    <nominal>80</nominal>
    <lifetime>14400</lifetime>
    <restock>0</restock>
    <min>50</min>
    <quantmin>-1</quantmin>
    <quantmax>-1</quantmax>
    <cost>100</cost>
    <flags count_in_cargo="0" count_in_hoarder="0" count_in_map="1" count_in_player="0" crafted="0" deloot="0"/>
    <category name="tools"/>
    <usage name="Town"/>
    <usage name="Village"/>
    <usage name="School"/>
  </type>
  <type name="Battery9V">
    <nominal>100</nominal>
    <lifetime>14400</lifetime>
    <restock>0</restock>
    <min>80</min>
    <quantmin>50</quantmin>
    <quantmax>100</quantmax>
    <cost>100</cost>
    <flags count_in_cargo="0" count_in_hoarder="0" count_in_map="1" count_in_player="0" crafted="0" deloot="0"/>
    <category name="tools"/>
    <tag name="shelves"/>
    <usage name="Industrial"/>
    <usage name="Village"/>
  </type>
  <type name="BatteryCharger">
    <nominal>30</nominal>
    <lifetime>604800</lifetime>
    <restock>360</restock>
    <min>20</min>
    <quantmin>-1</quantmin>
    <quantmax>-1</quantmax>
    <cost>100</cost>
    <flags count_in_cargo="0" count_in_hoarder="0" count_in_map="1" count_in_player="0" crafted="0" deloot="0"/>
    <category name="tools"/>
    <usage name="Industrial"/>
  </type>
  <type name="BearPelt">
    <nominal>0</nominal>
    <lifetime>28800</lifetime>
    <restock>0</restock>
    <min>0</min>
    <quantmin>-1</quantmin>
    <quantmax>-1</quantmax>
    <cost>100</cost>
    <flags count_in_cargo="0" count_in_hoarder="0" count_in_map="1" count_in_player="0" crafted="1" deloot="0"/>
    <category name="tools"/>
  </type>
  <type name="BearTrap">
    <nominal>10</nominal>
    <lifetime>604800</lifetime>
    <restock>0</restock>
    <min>5</min>
    <quantmin>-1</quantmin>
    <quantmax>-1</quantmax>
    <cost>100</cost>
    <flags count_in_cargo="1" count_in_hoarder="1" count_in_map="1" count_in_player="1" crafted="0" deloot="0"/>
    <category name="tools"/>
    <usage name="Hunting"/>
  </type>
  <type name="Binoculars">
    <nominal>50</nominal>
    <lifetime>14400</lifetime>
    <restock>0</restock>
    <min>30</min>
    <quantmin>-1</quantmin>
    <quantmax>-1</quantmax>
    <cost>100</cost>
    <flags count_in_cargo="0" count_in_hoarder="0" count_in_map="1" count_in_player="0" crafted="0" deloot="0"/>
    <category name="tools"/>
    <tag name="shelves"/>
    <usage name="Military"/>
    <usage name="Police"/>
    <usage name="Hunting"/>
  </type>
  <type name="BloodBagEmpty">
    <nominal>20</nominal>
    <lifetime>14400</lifetime>
    <restock>0</restock>
    <min>10</min>
    <quantmin>-1</quantmin>
    <quantmax>-1</quantmax>
    <cost>100</cost>
    <flags count_in_cargo="0" count_in_hoarder="0" count_in_map="1" count_in_player="0" crafted="0" deloot="0"/>
    <category name="tools"/>
    <tag name="shelves"/>
    <usage name="Medic"/>
  </type>
  <type name="BloodBagFull">
    <nominal>0</nominal>
    <lifetime>14400</lifetime>
    <restock>0</restock>
    <min>0</min>
    <quantmin>-1</quantmin>
    <quantmax>-1</quantmax>
    <cost>100</cost>
    <flags count_in_cargo="0" count_in_hoarder="0" count_in_map="1" count_in_player="0" crafted="1" deloot="0"/>
    <category name="tools"/>
  </type>
  <type name="BloodBagIV">
    <nominal>0</nominal>
    <lifetime>14400</lifetime>
    <restock>0</restock>
    <min>0</min>
    <quantmin>-1</quantmin>
    <quantmax>-1</quantmax>
    <cost>100</cost>
    <flags count_in_cargo="0" count_in_hoarder="0" count_in_map="1" count_in_player="0" crafted="1" deloot="0"/>
    <category name="tools"/>
  </type>
  <type name="BloodTestKit">
    <nominal>10</nominal>
    <lifetime>14400</lifetime>
    <restock>0</restock>
    <min>5</min>
    <quantmin>-1</quantmin>
    <quantmax>-1</quantmax>
    <cost>100</cost>
    <flags count_in_cargo="0" count_in_hoarder="0" count_in_map="1" count_in_player="0" crafted="0" deloot="0"/>
    <category name="tools"/>
    <tag name="shelves"/>
    <usage name="Medic"/>
  </type>
  <type name="Blowtorch">
    <nominal>30</nominal>
    <lifetime>14400</lifetime>
    <restock>0</restock>
    <min>20</min>
    <quantmin>-1</quantmin>
    <quantmax>-1</quantmax>
    <cost>100</cost>
    <flags count_in_cargo="0" count_in_hoarder="0" count_in_map="1" count_in_player="0" crafted="0" deloot="0"/>
    <category name="tools"/>
    <usage name="Industrial"/>
  </type>
  <type name="Bone">
    <nominal>0</nominal>
    <lifetime>7200</lifetime>
    <restock>0</restock>
    <min>0</min>
    <quantmin>-1</quantmin>
    <quantmax>-1</quantmax>
    <cost>100</cost>
    <flags count_in_cargo="0" count_in_hoarder="0" count_in_map="1" count_in_player="0" crafted="1" deloot="0"/>
    <category name="tools"/>
  </type>
  <type name="BoneBait">
    <nominal>0</nominal>
    <lifetime>14400</lifetime>
    <restock>0</restock>
    <min>0</min>
    <quantmin>-1</quantmin>
    <quantmax>-1</quantmax>
    <cost>100</cost>
    <flags count_in_cargo="0" count_in_hoarder="0" count_in_map="1" count_in_player="0" crafted="1" deloot="0"/>
    <category name="tools"/>
  </type>
  <type name="BoneHook">
    <nominal>0</nominal>
    <lifetime>14400</lifetime>
    <restock>0</restock>
    <min>0</min>
    <quantmin>-1</quantmin>
    <quantmax>-1</quantmax>
    <cost>100</cost>
    <flags count_in_cargo="0" count_in_hoarder="0" count_in_map="1" count_in_player="0" crafted="1" deloot="0"/>
    <category name="tools"/>
  </type>
  <type name="BoneKnife">
    <nominal>0</nominal>
    <lifetime>14400</lifetime>
    <restock>0</restock>
    <min>0</min>
    <quantmin>-1</quantmin>
    <quantmax>-1</quantmax>
    <cost>100</cost>
    <flags count_in_cargo="0" count_in_hoarder="0" count_in_map="1" count_in_player="0" crafted="1" deloot="0"/>
    <category name="tools"/>
  </type>
  <type name="BrassKnuckles_Dull">
    <nominal>40</nominal>
    <lifetime>14400</lifetime>
    <restock>0</restock>
    <min>20</min>
    <quantmin>-1</quantmin>
    <quantmax>-1</quantmax>
    <cost>100</cost>
    <flags count_in_cargo="0" count_in_hoarder="0" count_in_map="1" count_in_player="0" crafted="0" deloot="0"/>
    <category name="tools"/>
    <tag name="floor"/>
    <usage name="Town"/>
    <usage name="Village"/>
  </type>
  <type name="BrassKnuckles_Shiny">
    <nominal>30</nominal>
    <lifetime>14400</lifetime>
    <restock>0</restock>
    <min>15</min>
    <quantmin>-1</quantmin>
    <quantmax>-1</quantmax>
    <cost>100</cost>
    <flags count_in_cargo="0" count_in_hoarder="0" count_in_map="1" count_in_player="0" crafted="0" deloot="0"/>
    <category name="tools"/>
    <tag name="floor"/>
    <usage name="Town"/>
    <usage name="Village"/>
    <value name="Tier3"/>
    <value name="Tier4"/>
  </type>
  <type name="Broom">
    <nominal>100</nominal>
    <lifetime>14400</lifetime>
    <restock>0</restock>
    <min>80</min>
    <quantmin>-1</quantmin>
    <quantmax>-1</quantmax>
    <cost>100</cost>
    <flags count_in_cargo="0" count_in_hoarder="0" count_in_map="1" count_in_player="0" crafted="0" deloot="0"/>
    <category name="tools"/>
    <usage name="Farm"/>
    <usage name="Town"/>
    <usage name="Village"/>
  </type>
  <type name="BurlapSack">
    <nominal>100</nominal>
    <lifetime>14400</lifetime>
    <restock>0</restock>
    <min>80</min>
    <quantmin>-1</quantmin>
    <quantmax>-1</quantmax>
    <cost>100</cost>
    <flags count_in_cargo="0" count_in_hoarder="0" count_in_map="1" count_in_player="0" crafted="0" deloot="0"/>
    <category name="tools"/>
    <usage name="Industrial"/>
    <usage name="Farm"/>
  </type>
  <type name="BurlapSackCover">
    <nominal>0</nominal>
    <lifetime>14400</lifetime>
    <restock>0</restock>
    <min>0</min>
    <quantmin>-1</quantmin>
    <quantmax>-1</quantmax>
    <cost>100</cost>
    <flags count_in_cargo="0" count_in_hoarder="0" count_in_map="1" count_in_player="0" crafted="1" deloot="0"/>
    <category name="tools"/>
  </type>
  <type name="BurlapStrip">
    <nominal>0</nominal>
    <lifetime>14400</lifetime>
    <restock>0</restock>
    <min>0</min>
    <quantmin>-1</quantmin>
    <quantmax>-1</quantmax>
    <cost>100</cost>
    <flags count_in_cargo="0" count_in_hoarder="0" count_in_map="1" count_in_player="0" crafted="1" deloot="0"/>
    <category name="tools"/>
  </type>
  <type name="CableReel">
    <nominal>80</nominal>
    <lifetime>604800</lifetime>
    <restock>0</restock>
    <min>50</min>
    <quantmin>-1</quantmin>
    <quantmax>-1</quantmax>
    <cost>100</cost>
    <flags count_in_cargo="0" count_in_hoarder="0" count_in_map="1" count_in_player="0" crafted="0" deloot="0"/>
    <category name="tools"/>
    <usage name="Industrial"/>
  </type>
  <type name="Camonet">
    <nominal>40</nominal>
    <lifetime>14400</lifetime>
    <restock>0</restock>
    <min>20</min>
    <quantmin>-1</quantmin>
    <quantmax>-1</quantmax>
    <cost>100</cost>
    <flags count_in_cargo="0" count_in_hoarder="0" count_in_map="1" count_in_player="0" crafted="0" deloot="0"/>
    <category name="tools"/>
    <tag name="floor"/>
    <usage name="Military"/>
  </type>
  <type name="CanOpener">
    <nominal>70</nominal>
    <lifetime>14400</lifetime>
    <restock>0</restock>
    <min>50</min>
    <quantmin>-1</quantmin>
    <quantmax>-1</quantmax>
    <cost>100</cost>
    <flags count_in_cargo="0" count_in_hoarder="0" count_in_map="1" count_in_player="0" crafted="0" deloot="0"/>
    <category name="tools"/>
    <tag name="shelves"/>
    <usage name="Town"/>
    <usage name="Village"/>
  </type>
  <type name="CaninaBerry">
    <nominal>0</nominal>
    <lifetime>900</lifetime>
    <restock>0</restock>
    <min>0</min>
    <quantmin>-1</quantmin>
    <quantmax>-1</quantmax>
    <cost>100</cost>
    <flags count_in_cargo="0" count_in_hoarder="0" count_in_map="1" count_in_player="0" crafted="1" deloot="0"/>
    <category name="tools"/>
  </type>
  <type name="CanisterGasoline">
    <nominal>50</nominal>
    <lifetime>28800</lifetime>
    <restock>0</restock>
    <min>30</min>
    <quantmin>30</quantmin>
    <quantmax>70</quantmax>
    <cost>100</cost>
    <flags count_in_cargo="0" count_in_hoarder="0" count_in_map="1" count_in_player="0" crafted="0" deloot="0"/>
    <category name="tools"/>
    <tag name="shelves"/>
    <usage name="Industrial"/>
  </type>
  <type name="CarBattery">
    <nominal>60</nominal>
    <lifetime>28800</lifetime>
    <restock>360</restock>
    <min>40</min>
    <quantmin>20</quantmin>
    <quantmax>100</quantmax>
    <cost>100</cost>
    <flags count_in_cargo="0" count_in_hoarder="0" count_in_map="1" count_in_player="0" crafted="0" deloot="0"/>
    <category name="tools"/>
    <usage name="Industrial"/>
  </type>
  <type name="CarRadiator">
    <nominal>60</nominal>
    <lifetime>28800</lifetime>
    <restock>0</restock>
    <min>40</min>
    <quantmin>-1</quantmin>
    <quantmax>-1</quantmax>
    <cost>100</cost>
    <flags count_in_cargo="0" count_in_hoarder="0" count_in_map="1" count_in_player="0" crafted="0" deloot="0"/>
    <category name="tools"/>
    <tag name="floor"/>
    <usage name="Industrial"/>
  </type>
  <type name="CharcoalTablets">
    <nominal>20</nominal>
    <lifetime>28800</lifetime>
    <restock>0</restock>
    <min>12</min>
    <quantmin>10</quantmin>
    <quantmax>50</quantmax>
    <cost>100</cost>
    <flags count_in_cargo="0" count_in_hoarder="0" count_in_map="1" count_in_player="0" crafted="0" deloot="0"/>
    <category name="tools"/>
    <tag name="shelves"/>
    <usage name="Medic"/>
  </type>
  <type name="ChelatingTablets">
    <nominal>0</nominal>
    <lifetime>14400</lifetime>
    <restock>0</restock>
    <min>0</min>
    <quantmin>-1</quantmin>
    <quantmax>-1</quantmax>
    <cost>100</cost>
    <flags count_in_cargo="0" count_in_hoarder="0" count_in_map="1" count_in_player="0" crafted="0" deloot="0"/>
    <category name="tools"/>
    <usage name="Medic"/>
  </type>
  <type name="Chemlight_Blue">
    <nominal>35</nominal>
    <lifetime>14400</lifetime>
    <restock>0</restock>
    <min>30</min>
    <quantmin>-1</quantmin>
    <quantmax>-1</quantmax>
    <cost>100</cost>
    <flags count_in_cargo="0" count_in_hoarder="0" count_in_map="1" count_in_player="0" crafted="0" deloot="0"/>
    <category name="tools"/>
    <usage name="Industrial"/>
    <usage name="Town"/>
    <usage name="Village"/>
  </type>
  <type name="Chemlight_Green">
    <nominal>35</nominal>
    <lifetime>14400</lifetime>
    <restock>0</restock>
    <min>30</min>
    <quantmin>-1</quantmin>
    <quantmax>-1</quantmax>
    <cost>100</cost>
    <flags count_in_cargo="0" count_in_hoarder="0" count_in_map="1" count_in_player="0" crafted="0" deloot="0"/>
    <category name="tools"/>
    <usage name="Industrial"/>
    <usage name="Town"/>
    <usage name="Village"/>
  </type>
  <type name="Chemlight_Red">
    <nominal>35</nominal>
    <lifetime>14400</lifetime>
    <restock>0</restock>
    <min>30</min>
    <quantmin>-1</quantmin>
    <quantmax>-1</quantmax>
    <cost>100</cost>
    <flags count_in_cargo="0" count_in_hoarder="0" count_in_map="1" count_in_player="0" crafted="0" deloot="0"/>
    <category name="tools"/>
    <usage name="Industrial"/>
    <usage name="Town"/>
    <usage name="Village"/>
  </type>
  <type name="Chemlight_White">
    <nominal>35</nominal>
    <lifetime>14400</lifetime>
    <restock>0</restock>
    <min>30</min>
    <quantmin>-1</quantmin>
    <quantmax>-1</quantmax>
    <cost>100</cost>
    <flags count_in_cargo="0" count_in_hoarder="0" count_in_map="1" count_in_player="0" crafted="0" deloot="0"/>
    <category name="tools"/>
    <usage name="Industrial"/>
    <usage name="Town"/>
    <usage name="Village"/>
  </type>
  <type name="Chemlight_Yellow">
    <nominal>35</nominal>
    <lifetime>14400</lifetime>
    <restock>0</restock>
    <min>30</min>
    <quantmin>-1</quantmin>
    <quantmax>-1</quantmax>
    <cost>100</cost>
    <flags count_in_cargo="0" count_in_hoarder="0" count_in_map="1" count_in_player="0" crafted="0" deloot="0"/>
    <category name="tools"/>
    <usage name="Industrial"/>
    <usage name="Town"/>
    <usage name="Village"/>
  </type>
  <type name="ChickenFeather">
    <nominal>0</nominal>
    <lifetime>7200</lifetime>
    <restock>0</restock>
    <min>0</min>
    <quantmin>-1</quantmin>
    <quantmax>-1</quantmax>
    <cost>100</cost>
    <flags count_in_cargo="0" count_in_hoarder="0" count_in_map="1" count_in_player="0" crafted="1" deloot="0"/>
    <category name="tools"/>
  </type>
  <type name="Cleaver">
    <nominal>55</nominal>
    <lifetime>14400</lifetime>
    <restock>0</restock>
    <min>45</min>
    <quantmin>-1</quantmin>
    <quantmax>-1</quantmax>
    <cost>100</cost>
    <flags count_in_cargo="0" count_in_hoarder="0" count_in_map="1" count_in_player="0" crafted="0" deloot="0"/>
    <category name="tools"/>
    <usage name="Town"/>
    <usage name="Village"/>
  </type>
  <type name="CombatKnife">
    <nominal>20</nominal>
    <lifetime>14400</lifetime>
    <restock>0</restock>
    <min>10</min>
    <quantmin>-1</quantmin>
    <quantmax>-1</quantmax>
    <cost>100</cost>
    <flags count_in_cargo="0" count_in_hoarder="0" count_in_map="1" count_in_player="0" crafted="0" deloot="0"/>
    <category name="tools"/>
    <tag name="shelves"/>
    <usage name="Military"/>
  </type>
  <type name="CombinationLock">
    <nominal>60</nominal>
    <lifetime>14400</lifetime>
    <restock>0</restock>
    <min>40</min>
    <quantmin>-1</quantmin>
    <quantmax>-1</quantmax>
    <cost>100</cost>
    <flags count_in_cargo="0" count_in_hoarder="0" count_in_map="1" count_in_player="0" crafted="0" deloot="0"/>
    <category name="tools"/>
    <usage name="Industrial"/>
    <usage name="Farm"/>
  </type>
  <type name="CombinationLock4">
    <nominal>40</nominal>
    <lifetime>14400</lifetime>
    <restock>0</restock>
    <min>20</min>
    <quantmin>-1</quantmin>
    <quantmax>-1</quantmax>
    <cost>100</cost>
    <flags count_in_cargo="0" count_in_hoarder="0" count_in_map="1" count_in_player="0" crafted="0" deloot="0"/>
    <category name="tools"/>
    <usage name="Industrial"/>
    <usage name="Farm"/>
  </type>
  <type name="Compass">
    <nominal>70</nominal>
    <lifetime>14400</lifetime>
    <restock>1800</restock>
    <min>50</min>
    <quantmin>-1</quantmin>
    <quantmax>-1</quantmax>
    <cost>100</cost>
    <flags count_in_cargo="0" count_in_hoarder="0" count_in_map="1" count_in_player="0" crafted="0" deloot="0"/>
    <category name="tools"/>
    <tag name="shelves"/>
    <usage name="Military"/>
    <usage name="Hunting"/>
  </type>
  <type name="CookingStand">
    <nominal>0</nominal>
    <lifetime>14400</lifetime>
    <restock>0</restock>
    <min>0</min>
    <quantmin>-1</quantmin>
    <quantmax>-1</quantmax>
    <cost>100</cost>
    <flags count_in_cargo="0" count_in_hoarder="0" count_in_map="1" count_in_player="0" crafted="1" deloot="0"/>
    <category name="tools"/>
  </type>
  <type name="CowPelt">
    <nominal>0</nominal>
    <lifetime>28800</lifetime>
    <restock>0</restock>
    <min>0</min>
    <quantmin>-1</quantmin>
    <quantmax>-1</quantmax>
    <cost>100</cost>
    <flags count_in_cargo="0" count_in_hoarder="0" count_in_map="1" count_in_player="0" crafted="1" deloot="0"/>
    <category name="tools"/>
  </type>
  <type name="Crowbar">
    <nominal>70</nominal>
    <lifetime>14400</lifetime>
    <restock>0</restock>
    <min>50</min>
    <quantmin>-1</quantmin>
    <quantmax>-1</quantmax>
    <cost>100</cost>
    <flags count_in_cargo="0" count_in_hoarder="0" count_in_map="1" count_in_player="0" crafted="0" deloot="0"/>
    <category name="tools"/>
    <usage name="Industrial"/>
  </type>
  <type name="CrudeMachete">
    <nominal>25</nominal>
    <lifetime>14400</lifetime>
    <restock>0</restock>
    <min>20</min>
    <quantmin>-1</quantmin>
    <quantmax>-1</quantmax>
    <cost>100</cost>
    <flags count_in_cargo="0" count_in_hoarder="0" count_in_map="1" count_in_player="0" crafted="0" deloot="0"/>
    <category name="tools"/>
    <usage name="Industrial"/>
    <value name="Tier2"/>
    <value name="Tier3"/>
    <value name="Tier4"/>
  </type>
  <type name="DeerPelt">
    <nominal>0</nominal>
    <lifetime>28800</lifetime>
    <restock>0</restock>
    <min>0</min>
    <quantmin>-1</quantmin>
    <quantmax>-1</quantmax>
    <cost>100</cost>
    <flags count_in_cargo="0" count_in_hoarder="0" count_in_map="1" count_in_player="0" crafted="1" deloot="0"/>
    <category name="tools"/>
  </type>
  <type name="DisinfectantAlcohol">
    <nominal>80</nominal>
    <lifetime>14400</lifetime>
    <restock>0</restock>
    <min>60</min>
    <quantmin>10</quantmin>
    <quantmax>50</quantmax>
    <cost>100</cost>
    <flags count_in_cargo="0" count_in_hoarder="0" count_in_map="1" count_in_player="0" crafted="0" deloot="0"/>
    <category name="tools"/>
    <tag name="shelves"/>
    <usage name="Town"/>
    <usage name="Village"/>
  </type>
  <type name="DisinfectantSpray">
    <nominal>30</nominal>
    <lifetime>14400</lifetime>
    <restock>0</restock>
    <min>20</min>
    <quantmin>10</quantmin>
    <quantmax>50</quantmax>
    <cost>100</cost>
    <flags count_in_cargo="0" count_in_hoarder="0" count_in_map="1" count_in_player="0" crafted="0" deloot="0"/>
    <category name="tools"/>
    <tag name="shelves"/>
    <usage name="Medic"/>
    <usage name="Town"/>
    <usage name="Village"/>
  </type>
  <type name="DuctTape">
    <nominal>90</nominal>
    <lifetime>14400</lifetime>
    <restock>0</restock>
    <min>70</min>
    <quantmin>-1</quantmin>
    <quantmax>-1</quantmax>
    <cost>100</cost>
    <flags count_in_cargo="0" count_in_hoarder="0" count_in_map="1" count_in_player="0" crafted="0" deloot="0"/>
    <category name="tools"/>
    <usage name="Industrial"/>
    <usage name="Farm"/>
    <usage name="Town"/>
    <usage name="Village"/>
  </type>
  <type name="ElectronicRepairKit">
    <nominal>50</nominal>
    <lifetime>14400</lifetime>
    <restock>0</restock>
    <min>30</min>
    <quantmin>-1</quantmin>
    <quantmax>-1</quantmax>
    <cost>100</cost>
    <flags count_in_cargo="0" count_in_hoarder="0" count_in_map="1" count_in_player="0" crafted="0" deloot="0"/>
    <category name="tools"/>
    <tag name="shelves"/>
    <usage name="Industrial"/>
  </type>
  <type name="Epinephrine">
    <nominal>30</nominal>
    <lifetime>28800</lifetime>
    <restock>0</restock>
    <min>20</min>
    <quantmin>-1</quantmin>
    <quantmax>-1</quantmax>
    <cost>100</cost>
    <flags count_in_cargo="0" count_in_hoarder="0" count_in_map="1" count_in_player="0" crafted="0" deloot="0"/>
    <category name="tools"/>
    <tag name="shelves"/>
    <usage name="Medic"/>
  </type>
  <type name="EpoxyPutty">
    <nominal>50</nominal>
    <lifetime>14400</lifetime>
    <restock>0</restock>
    <min>30</min>
    <quantmin>-1</quantmin>
    <quantmax>-1</quantmax>
    <cost>100</cost>
    <flags count_in_cargo="0" count_in_hoarder="0" count_in_map="1" count_in_player="0" crafted="0" deloot="0"/>
    <category name="tools"/>
    <tag name="shelves"/>
    <usage name="Industrial"/>
  </type>
  <type name="Fabric">
    <nominal>60</nominal>
    <lifetime>28800</lifetime>
    <restock>0</restock>
    <min>35</min>
    <quantmin>30</quantmin>
    <quantmax>100</quantmax>
    <cost>100</cost>
    <flags count_in_cargo="0" count_in_hoarder="0" count_in_map="1" count_in_player="0" crafted="0" deloot="0"/>
    <category name="tools"/>
    <tag name="floor"/>
    <usage name="Industrial"/>
    <usage name="Farm"/>
  </type>
  <type name="FangeKnife">
    <nominal>5</nominal>
    <lifetime>14400</lifetime>
    <restock>0</restock>
    <min>2</min>
    <quantmin>-1</quantmin>
    <quantmax>-1</quantmax>
    <cost>100</cost>
    <flags count_in_cargo="0" count_in_hoarder="0" count_in_map="1" count_in_player="0" crafted="0" deloot="0"/>
    <category name="tools"/>
    <tag name="shelves"/>
    <usage name="Hunting"/>
  </type>
  <type name="FarmingHoe">
    <nominal>90</nominal>
    <lifetime>14400</lifetime>
    <restock>0</restock>
    <min>70</min>
    <quantmin>-1</quantmin>
    <quantmax>-1</quantmax>
    <cost>100</cost>
    <flags count_in_cargo="0" count_in_hoarder="0" count_in_map="1" count_in_player="0" crafted="0" deloot="0"/>
    <category name="tools"/>
    <usage name="Farm"/>
    <usage name="Village"/>
  </type>
  <type name="FenceKit">
    <nominal>0</nominal>
    <lifetime>14400</lifetime>
    <restock>0</restock>
    <min>0</min>
    <quantmin>-1</quantmin>
    <quantmax>-1</quantmax>
    <cost>100</cost>
    <flags count_in_cargo="0" count_in_hoarder="0" count_in_map="1" count_in_player="0" crafted="1" deloot="0"/>
    <category name="tools"/>
  </type>
  <type name="FieldShovel">
    <nominal>35</nominal>
    <lifetime>14400</lifetime>
    <restock>0</restock>
    <min>28</min>
    <quantmin>-1</quantmin>
    <quantmax>-1</quantmax>
    <cost>100</cost>
    <flags count_in_cargo="0" count_in_hoarder="0" count_in_map="1" count_in_player="0" crafted="0" deloot="0"/>
    <category name="tools"/>
    <usage name="Military"/>
  </type>
  <type name="FirefighterAxe">
    <nominal>5</nominal>
    <lifetime>14400</lifetime>
    <restock>0</restock>
    <min>2</min>
    <quantmin>-1</quantmin>
    <quantmax>-1</quantmax>
    <cost>100</cost>
    <flags count_in_cargo="0" count_in_hoarder="0" count_in_map="1" count_in_player="0" crafted="0" deloot="0"/>
    <category name="tools"/>
    <tag name="floor"/>
    <usage name="Firefighter"/>
  </type>
  <type name="FirefighterAxe_Black">
    <nominal>0</nominal>
    <lifetime>14400</lifetime>
    <restock>0</restock>
    <min>0</min>
    <quantmin>-1</quantmin>
    <quantmax>-1</quantmax>
    <cost>100</cost>
    <flags count_in_cargo="0" count_in_hoarder="0" count_in_map="1" count_in_player="0" crafted="1" deloot="0"/>
    <category name="tools"/>
  </type>
  <type name="FirefighterAxe_Green">
    <nominal>0</nominal>
    <lifetime>14400</lifetime>
    <restock>0</restock>
    <min>0</min>
    <quantmin>-1</quantmin>
    <quantmax>-1</quantmax>
    <cost>100</cost>
    <flags count_in_cargo="0" count_in_hoarder="0" count_in_map="1" count_in_player="0" crafted="1" deloot="0"/>
    <category name="tools"/>
  </type>
  <type name="Fireplace">
    <nominal>0</nominal>
    <lifetime>28800</lifetime>
    <restock>0</restock>
    <min>0</min>
    <quantmin>-1</quantmin>
    <quantmax>-1</quantmax>
    <cost>100</cost>
    <flags count_in_cargo="0" count_in_hoarder="0" count_in_map="1" count_in_player="0" crafted="1" deloot="0"/>
    <category name="tools"/>
  </type>
  <type name="FireplaceIndoor">
    <nominal>0</nominal>
    <lifetime>14400</lifetime>
    <restock>0</restock>
    <min>0</min>
    <quantmin>-1</quantmin>
    <quantmax>-1</quantmax>
    <cost>100</cost>
    <flags count_in_cargo="0" count_in_hoarder="0" count_in_map="1" count_in_player="0" crafted="1" deloot="0"/>
    <category name="tools"/>
  </type>
  <type name="Firewood">
    <nominal>0</nominal>
    <lifetime>14400</lifetime>
    <restock>0</restock>
    <min>0</min>
    <quantmin>-1</quantmin>
    <quantmax>-1</quantmax>
    <cost>100</cost>
    <flags count_in_cargo="0" count_in_hoarder="0" count_in_map="1" count_in_player="0" crafted="1" deloot="0"/>
    <category name="tools"/>
  </type>
  <type name="FireworksLauncher">
    <nominal>4</nominal>
    <lifetime>14400</lifetime>
    <restock>0</restock>
    <min>2</min>
    <quantmin>-1</quantmin>
    <quantmax>-1</quantmax>
    <cost>100</cost>
    <flags count_in_cargo="0" count_in_hoarder="0" count_in_map="1" count_in_player="0" crafted="0" deloot="0"/>
    <category name="tools"/>
    <usage name="Lunapark"/>
  </type>
  <type name="FishNetTrap">
    <nominal>0</nominal>
    <lifetime>28800</lifetime>
    <restock>0</restock>
    <min>0</min>
    <quantmin>-1</quantmin>
    <quantmax>-1</quantmax>
    <cost>100</cost>
    <flags count_in_cargo="0" count_in_hoarder="0" count_in_map="1" count_in_player="0" crafted="1" deloot="0"/>
    <category name="tools"/>
  </type>
  <type name="FishingRod">
    <nominal>35</nominal>
    <lifetime>14400</lifetime>
    <restock>0</restock>
    <min>20</min>
    <quantmin>-1</quantmin>
    <quantmax>-1</quantmax>
    <cost>100</cost>
    <flags count_in_cargo="0" count_in_hoarder="0" count_in_map="1" count_in_player="0" crafted="0" deloot="0"/>
    <category name="tools"/>
    <usage name="Coast"/>
  </type>
  <type name="Flashlight">
    <nominal>90</nominal>
    <lifetime>14400</lifetime>
    <restock>0</restock>
    <min>70</min>
    <quantmin>-1</quantmin>
    <quantmax>-1</quantmax>
    <cost>100</cost>
    <flags count_in_cargo="0" count_in_hoarder="0" count_in_map="1" count_in_player="0" crafted="0" deloot="0"/>
    <category name="tools"/>
    <tag name="shelves"/>
  </type>
  <type name="FryingPan">
    <nominal>40</nominal>
    <lifetime>14400</lifetime>
    <restock>0</restock>
    <min>25</min>
    <quantmin>-1</quantmin>
    <quantmax>-1</quantmax>
    <cost>100</cost>
    <flags count_in_cargo="0" count_in_hoarder="0" count_in_map="1" count_in_player="0" crafted="0" deloot="0"/>
    <category name="tools"/>
    <usage name="Town"/>
    <usage name="Village"/>
  </type>
  <type name="GPSReceiver">
    <nominal>25</nominal>
    <lifetime>7200</lifetime>
    <restock>0</restock>
    <min>15</min>
    <quantmin>-1</quantmin>
    <quantmax>-1</quantmax>
    <cost>100</cost>
    <flags count_in_cargo="0" count_in_hoarder="0" count_in_map="1" count_in_player="0" crafted="0" deloot="0"/>
    <category name="tools"/>
    <usage name="Hunting"/>
  </type>
  <type name="GardenLime">
    <nominal>50</nominal>
    <lifetime>14400</lifetime>
    <restock>0</restock>
    <min>30</min>
    <quantmin>-1</quantmin>
    <quantmax>-1</quantmax>
    <cost>100</cost>
    <flags count_in_cargo="0" count_in_hoarder="0" count_in_map="1" count_in_player="0" crafted="0" deloot="0"/>
    <category name="tools"/>
    <usage name="Farm"/>
  </type>
  <type name="GardenPlot">
    <nominal>0</nominal>
    <lifetime>604800</lifetime>
    <restock>0</restock>
    <min>0</min>
    <quantmin>-1</quantmin>
    <quantmax>-1</quantmax>
    <cost>100</cost>
    <flags count_in_cargo="0" count_in_hoarder="0" count_in_map="1" count_in_player="0" crafted="1" deloot="0"/>
    <category name="tools"/>
  </type>
  <type name="GardenPlotGreenhouse">
    <nominal>0</nominal>
    <lifetime>604800</lifetime>
    <restock>0</restock>
    <min>0</min>
    <quantmin>-1</quantmin>
    <quantmax>-1</quantmax>
    <cost>100</cost>
    <flags count_in_cargo="0" count_in_hoarder="0" count_in_map="1" count_in_player="0" crafted="1" deloot="0"/>
    <category name="tools"/>
  </type>
  <type name="GardenPlotPolytunnel">
    <nominal>0</nominal>
    <lifetime>604800</lifetime>
    <restock>0</restock>
    <min>0</min>
    <quantmin>-1</quantmin>
    <quantmax>-1</quantmax>
    <cost>100</cost>
    <flags count_in_cargo="0" count_in_hoarder="0" count_in_map="1" count_in_player="0" crafted="1" deloot="0"/>
    <category name="tools"/>
  </type>
  <type name="GiftWrapPaper">
    <nominal>0</nominal>
    <lifetime>14400</lifetime>
    <restock>0</restock>
    <min>0</min>
    <quantmin>-1</quantmin>
    <quantmax>-1</quantmax>
    <cost>100</cost>
    <flags count_in_cargo="0" count_in_hoarder="0" count_in_map="1" count_in_player="0" crafted="1" deloot="0"/>
    <category name="tools"/>
  </type>
  <type name="GlowPlug">
    <nominal>20</nominal>
    <lifetime>14400</lifetime>
    <restock>0</restock>
    <min>12</min>
    <quantmin>-1</quantmin>
    <quantmax>-1</quantmax>
    <cost>100</cost>
    <flags count_in_cargo="0" count_in_hoarder="0" count_in_map="1" count_in_player="0" crafted="0" deloot="0"/>
    <category name="tools"/>
    <usage name="Industrial"/>
  </type>
  <type name="GoatPelt">
    <nominal>0</nominal>
    <lifetime>28800</lifetime>
    <restock>0</restock>
    <min>0</min>
    <quantmin>-1</quantmin>
    <quantmax>-1</quantmax>
    <cost>100</cost>
    <flags count_in_cargo="0" count_in_hoarder="0" count_in_map="1" count_in_player="0" crafted="1" deloot="0"/>
    <category name="tools"/>
  </type>
  <type name="Guts">
    <nominal>0</nominal>
    <lifetime>7200</lifetime>
    <restock>0</restock>
    <min>0</min>
    <quantmin>-1</quantmin>
    <quantmax>-1</quantmax>
    <cost>100</cost>
    <flags count_in_cargo="0" count_in_hoarder="0" count_in_map="1" count_in_player="0" crafted="1" deloot="0"/>
    <category name="tools"/>
  </type>
  <type name="Hacksaw">
    <nominal>70</nominal>
    <lifetime>14400</lifetime>
    <restock>0</restock>
    <min>50</min>
    <quantmin>-1</quantmin>
    <quantmax>-1</quantmax>
    <cost>100</cost>
    <flags count_in_cargo="0" count_in_hoarder="0" count_in_map="1" count_in_player="0" crafted="0" deloot="0"/>
    <category name="tools"/>
    <usage name="Industrial"/>
    <usage name="Farm"/>
  </type>
  <type name="Hammer">
    <nominal>45</nominal>
    <lifetime>14400</lifetime>
    <restock>0</restock>
    <min>40</min>
    <quantmin>-1</quantmin>
    <quantmax>-1</quantmax>
    <cost>100</cost>
    <flags count_in_cargo="0" count_in_hoarder="0" count_in_map="1" count_in_player="0" crafted="0" deloot="0"/>
    <category name="tools"/>
    <usage name="Industrial"/>
    <usage name="Farm"/>
  </type>
  <type name="HandDrillKit">
    <nominal>0</nominal>
    <lifetime>14400</lifetime>
    <restock>0</restock>
    <min>0</min>
    <quantmin>-1</quantmin>
    <quantmax>-1</quantmax>
    <cost>100</cost>
    <flags count_in_cargo="0" count_in_hoarder="0" count_in_map="1" count_in_player="0" crafted="1" deloot="0"/>
    <category name="tools"/>
  </type>
  <type name="HandSaw">
    <nominal>70</nominal>
    <lifetime>14400</lifetime>
    <restock>0</restock>
    <min>50</min>
    <quantmin>-1</quantmin>
    <quantmax>-1</quantmax>
    <cost>100</cost>
    <flags count_in_cargo="0" count_in_hoarder="0" count_in_map="1" count_in_player="0" crafted="0" deloot="0"/>
    <category name="tools"/>
    <usage name="Industrial"/>
    <usage name="Farm"/>
  </type>
  <type name="HandcuffKeys">
    <nominal>10</nominal>
    <lifetime>14400</lifetime>
    <restock>0</restock>
    <min>5</min>
    <quantmin>-1</quantmin>
    <quantmax>-1</quantmax>
    <cost>100</cost>
    <flags count_in_cargo="0" count_in_hoarder="0" count_in_map="1" count_in_player="0" crafted="0" deloot="0"/>
    <category name="tools"/>
    <tag name="shelves"/>
    <usage name="Police"/>
    <usage name="Prison"/>
  </type>
  <type name="Handcuffs">
    <nominal>20</nominal>
    <lifetime>14400</lifetime>
    <restock>0</restock>
    <min>10</min>
    <quantmin>-1</quantmin>
    <quantmax>-1</quantmax>
    <cost>100</cost>
    <flags count_in_cargo="0" count_in_hoarder="0" count_in_map="1" count_in_player="0" crafted="0" deloot="0"/>
    <category name="tools"/>
    <tag name="shelves"/>
    <usage name="Police"/>
    <usage name="Prison"/>
  </type>
  <type name="HandcuffsLocked">
    <nominal>0</nominal>
    <lifetime>900</lifetime>
    <restock>0</restock>
    <min>0</min>
    <quantmin>-1</quantmin>
    <quantmax>-1</quantmax>
    <cost>100</cost>
    <flags count_in_cargo="0" count_in_hoarder="0" count_in_map="1" count_in_player="0" crafted="1" deloot="0"/>
    <category name="tools"/>
  </type>
  <type name="Hatchet">
    <nominal>120</nominal>
    <lifetime>14400</lifetime>
    <restock>0</restock>
    <min>95</min>
    <quantmin>-1</quantmin>
    <quantmax>-1</quantmax>
    <cost>100</cost>
    <flags count_in_cargo="0" count_in_hoarder="0" count_in_map="1" count_in_player="0" crafted="0" deloot="0"/>
    <category name="tools"/>
    <tag name="floor"/>
    <usage name="Farm"/>
    <usage name="Village"/>
  </type>
  <type name="HeadlightH7">
    <nominal>0</nominal>
    <lifetime>14400</lifetime>
    <restock>0</restock>
    <min>0</min>
    <quantmin>-1</quantmin>
    <quantmax>-1</quantmax>
    <cost>100</cost>
    <flags count_in_cargo="0" count_in_hoarder="0" count_in_map="1" count_in_player="0" crafted="1" deloot="0"/>
    <category name="tools"/>
  </type>
  <type name="HeadlightH7_Box">
    <nominal>60</nominal>
    <lifetime>14400</lifetime>
    <restock>0</restock>
    <min>40</min>
    <quantmin>-1</quantmin>
    <quantmax>-1</quantmax>
    <cost>100</cost>
    <flags count_in_cargo="0" count_in_hoarder="0" count_in_map="1" count_in_player="0" crafted="0" deloot="0"/>
    <category name="tools"/>
    <tag name="shelves"/>
    <usage name="Industrial"/>
  </type>
  <type name="Headtorch_Black">
    <nominal>120</nominal>
    <lifetime>28800</lifetime>
    <restock>0</restock>
    <min>90</min>
    <quantmin>-1</quantmin>
    <quantmax>-1</quantmax>
    <cost>100</cost>
    <flags count_in_cargo="0" count_in_hoarder="0" count_in_map="1" count_in_player="0" crafted="0" deloot="0"/>
    <category name="tools"/>
    <usage name="Industrial"/>
    <usage name="Farm"/>
    <usage name="Town"/>
    <usage name="Village"/>
    <usage name="Hunting"/>
    <value name="Tier2"/>
    <value name="Tier3"/>
    <value name="Tier4"/>
  </type>
  <type name="Headtorch_Grey">
    <nominal>120</nominal>
    <lifetime>28800</lifetime>
    <restock>0</restock>
    <min>90</min>
    <quantmin>-1</quantmin>
    <quantmax>-1</quantmax>
    <cost>100</cost>
    <flags count_in_cargo="0" count_in_hoarder="0" count_in_map="1" count_in_player="0" crafted="0" deloot="0"/>
    <category name="tools"/>
    <usage name="Industrial"/>
    <usage name="Farm"/>
    <usage name="Town"/>
    <usage name="Village"/>
    <usage name="Hunting"/>
    <value name="Tier2"/>
    <value name="Tier3"/>
    <value name="Tier4"/>
  </type>
  <type name="Heatpack">
    <nominal>50</nominal>
    <lifetime>14400</lifetime>
    <restock>0</restock>
    <min>30</min>
    <quantmin>-1</quantmin>
    <quantmax>-1</quantmax>
    <cost>100</cost>
    <flags count_in_cargo="0" count_in_hoarder="0" count_in_map="1" count_in_player="0" crafted="0" deloot="0"/>
    <category name="tools"/>
    <tag name="shelves"/>
    <usage name="Hunting"/>
  </type>
  <type name="Hook">
    <nominal>50</nominal>
    <lifetime>14400</lifetime>
    <restock>0</restock>
    <min>40</min>
    <quantmin>-1</quantmin>
    <quantmax>-1</quantmax>
    <cost>100</cost>
    <flags count_in_cargo="0" count_in_hoarder="0" count_in_map="1" count_in_player="0" crafted="0" deloot="0"/>
    <category name="tools"/>
    <tag name="shelves"/>
    <usage name="Coast"/>
  </type>
  <type name="HuntingKnife">
    <nominal>60</nominal>
    <lifetime>14400</lifetime>
    <restock>0</restock>
    <min>50</min>
    <quantmin>-1</quantmin>
    <quantmax>-1</quantmax>
    <cost>100</cost>
    <flags count_in_cargo="0" count_in_hoarder="0" count_in_map="1" count_in_player="0" crafted="0" deloot="0"/>
    <category name="tools"/>
    <tag name="shelves"/>
    <usage name="Hunting"/>
  </type>
  <type name="ImprovisedFishingRod">
    <nominal>0</nominal>
    <lifetime>14400</lifetime>
    <restock>0</restock>
    <min>0</min>
    <quantmin>-1</quantmin>
    <quantmax>-1</quantmax>
    <cost>100</cost>
    <flags count_in_cargo="0" count_in_hoarder="0" count_in_map="1" count_in_player="0" crafted="1" deloot="0"/>
    <category name="tools"/>
  </type>
  <type name="IodineTincture">
    <nominal>40</nominal>
    <lifetime>28800</lifetime>
    <restock>0</restock>
    <min>30</min>
    <quantmin>10</quantmin>
    <quantmax>50</quantmax>
    <cost>100</cost>
    <flags count_in_cargo="0" count_in_hoarder="0" count_in_map="1" count_in_player="0" crafted="0" deloot="0"/>
    <category name="tools"/>
    <tag name="shelves"/>
    <usage name="Medic"/>
    <usage name="Town"/>
    <usage name="Village"/>
  </type>
  <type name="Jig">
    <nominal>35</nominal>
    <lifetime>14400</lifetime>
    <restock>0</restock>
    <min>25</min>
    <quantmin>-1</quantmin>
    <quantmax>-1</quantmax>
    <cost>100</cost>
    <flags count_in_cargo="0" count_in_hoarder="0" count_in_map="1" count_in_player="0" crafted="0" deloot="0"/>
    <category name="tools"/>
    <usage name="Coast"/>
  </type>
  <type name="KitchenKnife">
    <nominal>60</nominal>
    <lifetime>14400</lifetime>
    <restock>0</restock>
    <min>50</min>
    <quantmin>-1</quantmin>
    <quantmax>-1</quantmax>
    <cost>100</cost>
    <flags count_in_cargo="0" count_in_hoarder="0" count_in_map="1" count_in_player="0" crafted="0" deloot="0"/>
    <category name="tools"/>
    <tag name="shelves"/>
    <usage name="Town"/>
  </type>
  <type name="KitchenTimer">
    <nominal>25</nominal>
    <lifetime>14400</lifetime>
    <restock>0</restock>
    <min>15</min>
    <quantmin>-1</quantmin>
    <quantmax>-1</quantmax>
    <cost>100</cost>
    <flags count_in_cargo="0" count_in_hoarder="0" count_in_map="1" count_in_player="0" crafted="0" deloot="0"/>
    <category name="tools"/>
    <tag name="shelves"/>
    <usage name="Town"/>
    <usage name="Village"/>
  </type>
  <type name="KukriKnife">
    <nominal>20</nominal>
    <lifetime>14400</lifetime>
    <restock>0</restock>
    <min>10</min>
    <quantmin>-1</quantmin>
    <quantmax>-1</quantmax>
    <cost>100</cost>
    <flags count_in_cargo="0" count_in_hoarder="0" count_in_map="1" count_in_player="0" crafted="0" deloot="0"/>
    <category name="tools"/>
    <tag name="shelves"/>
    <usage name="Town"/>
  </type>
  <type name="LargeGasCanister">
    <nominal>40</nominal>
    <lifetime>14400</lifetime>
    <restock>0</restock>
    <min>30</min>
    <quantmin>65</quantmin>
    <quantmax>100</quantmax>
    <cost>100</cost>
    <flags count_in_cargo="0" count_in_hoarder="0" count_in_map="1" count_in_player="0" crafted="0" deloot="0"/>
    <category name="tools"/>
    <usage name="Village"/>
    <usage name="Hunting"/>
  </type>
  <type name="LeatherSewingKit">
    <nominal>80</nominal>
    <lifetime>14400</lifetime>
    <restock>0</restock>
    <min>60</min>
    <quantmin>-1</quantmin>
    <quantmax>-1</quantmax>
    <cost>100</cost>
    <flags count_in_cargo="0" count_in_hoarder="0" count_in_map="1" count_in_player="0" crafted="0" deloot="0"/>
    <category name="tools"/>
    <tag name="shelves"/>
    <usage name="Industrial"/>
    <usage name="Village"/>
  </type>
  <type name="Lockpick">
    <nominal>50</nominal>
    <lifetime>14400</lifetime>
    <restock>0</restock>
    <min>35</min>
    <quantmin>-1</quantmin>
    <quantmax>-1</quantmax>
    <cost>100</cost>
    <flags count_in_cargo="0" count_in_hoarder="0" count_in_map="1" count_in_player="0" crafted="0" deloot="0"/>
    <category name="tools"/>
  </type>
  <type name="LongTorch">
    <nominal>0</nominal>
    <lifetime>14400</lifetime>
    <restock>0</restock>
    <min>0</min>
    <quantmin>-1</quantmin>
    <quantmax>-1</quantmax>
    <cost>100</cost>
    <flags count_in_cargo="0" count_in_hoarder="0" count_in_map="1" count_in_player="0" crafted="1" deloot="0"/>
    <category name="tools"/>
  </type>
  <type name="LongWoodenStick">
    <nominal>0</nominal>
    <lifetime>14400</lifetime>
    <restock>0</restock>
    <min>0</min>
    <quantmin>-1</quantmin>
    <quantmax>-1</quantmax>
    <cost>100</cost>
    <flags count_in_cargo="0" count_in_hoarder="0" count_in_map="1" count_in_player="0" crafted="1" deloot="0"/>
    <category name="tools"/>
  </type>
  <type name="LugWrench">
    <nominal>60</nominal>
    <lifetime>14400</lifetime>
    <restock>0</restock>
    <min>40</min>
    <quantmin>-1</quantmin>
    <quantmax>-1</quantmax>
    <cost>100</cost>
    <flags count_in_cargo="0" count_in_hoarder="0" count_in_map="1" count_in_player="0" crafted="0" deloot="0"/>
    <category name="tools"/>
    <usage name="Industrial"/>
  </type>
  <type name="Machete">
    <nominal>25</nominal>
    <lifetime>14400</lifetime>
    <restock>0</restock>
    <min>20</min>
    <quantmin>-1</quantmin>
    <quantmax>-1</quantmax>
    <cost>100</cost>
    <flags count_in_cargo="0" count_in_hoarder="0" count_in_map="1" count_in_player="0" crafted="0" deloot="0"/>
    <category name="tools"/>
    <usage name="Farm"/>
    <value name="Tier2"/>
    <value name="Tier3"/>
    <value name="Tier4"/>
  </type>
  <type name="Matchbox">
    <nominal>60</nominal>
    <lifetime>14400</lifetime>
    <restock>0</restock>
    <min>40</min>
    <quantmin>10</quantmin>
    <quantmax>90</quantmax>
    <cost>100</cost>
    <flags count_in_cargo="0" count_in_hoarder="0" count_in_map="1" count_in_player="0" crafted="0" deloot="0"/>
    <category name="tools"/>
    <tag name="shelves"/>
    <usage name="Town"/>
    <usage name="Village"/>
    <usage name="Hunting"/>
  </type>
  <type name="MeatTenderizer">
    <nominal>70</nominal>
    <lifetime>14400</lifetime>
    <restock>0</restock>
    <min>60</min>
    <quantmin>-1</quantmin>
    <quantmax>-1</quantmax>
    <cost>100</cost>
    <flags count_in_cargo="0" count_in_hoarder="0" count_in_map="1" count_in_player="0" crafted="0" deloot="0"/>
    <category name="tools"/>
    <usage name="Town"/>
    <usage name="Village"/>
  </type>
  <type name="MediumGasCanister">
    <nominal>40</nominal>
    <lifetime>14400</lifetime>
    <restock>0</restock>
    <min>30</min>
    <quantmin>65</quantmin>
    <quantmax>100</quantmax>
    <cost>100</cost>
    <flags count_in_cargo="0" count_in_hoarder="0" count_in_map="1" count_in_player="0" crafted="0" deloot="0"/>
    <category name="tools"/>
    <usage name="Village"/>
    <usage name="Hunting"/>
  </type>
  <type name="Megaphone">
    <nominal>20</nominal>
    <lifetime>14400</lifetime>
    <restock>0</restock>
    <min>10</min>
    <quantmin>-1</quantmin>
    <quantmax>-1</quantmax>
    <cost>100</cost>
    <flags count_in_cargo="0" count_in_hoarder="0" count_in_map="1" count_in_player="0" crafted="0" deloot="0"/>
    <category name="tools"/>
    <usage name="Military"/>
    <usage name="Police"/>
    <usage name="Town"/>
    <usage name="Village"/>
    <value name="Tier3"/>
    <value name="Tier4"/>
  </type>
  <type name="MetalPlate">
    <nominal>60</nominal>
    <lifetime>14400</lifetime>
    <restock>0</restock>
    <min>40</min>
    <quantmin>10</quantmin>
    <quantmax>60</quantmax>
    <cost>100</cost>
    <flags count_in_cargo="0" count_in_hoarder="0" count_in_map="1" count_in_player="0" crafted="0" deloot="0"/>
    <category name="tools"/>
    <tag name="floor"/>
    <usage name="Industrial"/>
  </type>
  <type name="MetalWire">
    <nominal>70</nominal>
    <lifetime>14400</lifetime>
    <restock>0</restock>
    <min>50</min>
    <quantmin>-1</quantmin>
    <quantmax>-1</quantmax>
    <cost>100</cost>
    <flags count_in_cargo="0" count_in_hoarder="0" count_in_map="1" count_in_player="0" crafted="0" deloot="0"/>
    <category name="tools"/>
    <usage name="Industrial"/>
    <usage name="Farm"/>
  </type>
  <type name="Morphine">
    <nominal>15</nominal>
    <lifetime>28800</lifetime>
    <restock>0</restock>
    <min>8</min>
    <quantmin>-1</quantmin>
    <quantmax>-1</quantmax>
    <cost>100</cost>
    <flags count_in_cargo="0" count_in_hoarder="0" count_in_map="1" count_in_player="0" crafted="0" deloot="0"/>
    <category name="tools"/>
    <tag name="shelves"/>
    <usage name="Medic"/>
  </type>
  <type name="MouthRag">
    <nominal>0</nominal>
    <lifetime>7200</lifetime>
    <restock>0</restock>
    <min>0</min>
    <quantmin>-1</quantmin>
    <quantmax>-1</quantmax>
    <cost>100</cost>
    <flags count_in_cargo="0" count_in_hoarder="0" count_in_map="1" count_in_player="0" crafted="1" deloot="0"/>
    <category name="tools"/>
  </type>
  <type name="NVGHeadstrap">
    <nominal>10</nominal>
    <lifetime>28800</lifetime>
    <restock>0</restock>
    <min>5</min>
    <quantmin>-1</quantmin>
    <quantmax>-1</quantmax>
    <cost>100</cost>
    <flags count_in_cargo="0" count_in_hoarder="0" count_in_map="1" count_in_player="0" crafted="0" deloot="0"/>
    <category name="tools"/>
    <usage name="Military"/>
    <value name="Tier3"/>
    <value name="Tier4"/>
  </type>
  <type name="Nail">
    <nominal>0</nominal>
    <lifetime>14400</lifetime>
    <restock>0</restock>
    <min>0</min>
    <quantmin>-1</quantmin>
    <quantmax>-1</quantmax>
    <cost>100</cost>
    <flags count_in_cargo="0" count_in_hoarder="0" count_in_map="1" count_in_player="0" crafted="1" deloot="0"/>
    <category name="tools"/>
  </type>
  <type name="NailBox">
    <nominal>90</nominal>
    <lifetime>14400</lifetime>
    <restock>0</restock>
    <min>70</min>
    <quantmin>-1</quantmin>
    <quantmax>-1</quantmax>
    <cost>100</cost>
    <flags count_in_cargo="0" count_in_hoarder="0" count_in_map="1" count_in_player="0" crafted="0" deloot="0"/>
    <category name="tools"/>
    <tag name="shelves"/>
    <usage name="Industrial"/>
    <usage name="Farm"/>
  </type>
  <type name="NailedBaseballBat">
    <nominal>0</nominal>
    <lifetime>14400</lifetime>
    <restock>0</restock>
    <min>0</min>
    <quantmin>-1</quantmin>
    <quantmax>-1</quantmax>
    <cost>100</cost>
    <flags count_in_cargo="0" count_in_hoarder="0" count_in_map="1" count_in_player="0" crafted="1" deloot="0"/>
    <category name="tools"/>
  </type>
  <type name="Netting">
    <nominal>50</nominal>
    <lifetime>14400</lifetime>
    <restock>0</restock>
    <min>30</min>
    <quantmin>-1</quantmin>
    <quantmax>-1</quantmax>
    <cost>100</cost>
    <flags count_in_cargo="0" count_in_hoarder="0" count_in_map="1" count_in_player="0" crafted="0" deloot="0"/>
    <category name="tools"/>
    <usage name="Industrial"/>
    <usage name="Coast"/>
  </type>
  <type name="NylonKnifeSheath">
    <nominal>30</nominal>
    <lifetime>28800</lifetime>
    <restock>0</restock>
    <min>15</min>
    <quantmin>-1</quantmin>
    <quantmax>-1</quantmax>
    <cost>100</cost>
    <flags count_in_cargo="0" count_in_hoarder="0" count_in_map="1" count_in_player="0" crafted="0" deloot="0"/>
    <category name="tools"/>
    <usage name="Farm"/>
    <usage name="Hunting"/>
  </type>
  <type name="OrientalMachete">
    <nominal>3</nominal>
    <lifetime>14400</lifetime>
    <restock>0</restock>
    <min>2</min>
    <quantmin>-1</quantmin>
    <quantmax>-1</quantmax>
    <cost>100</cost>
    <flags count_in_cargo="0" count_in_hoarder="0" count_in_map="1" count_in_player="0" crafted="0" deloot="0"/>
    <category name="tools"/>
    <usage name="Town"/>
    <usage name="Village"/>
    <usage name="Lunapark"/>
  </type>
  <type name="OrienteeringCompass">
    <nominal>50</nominal>
    <lifetime>14400</lifetime>
    <restock>0</restock>
    <min>30</min>
    <quantmin>-1</quantmin>
    <quantmax>-1</quantmax>
    <cost>100</cost>
    <flags count_in_cargo="0" count_in_hoarder="0" count_in_map="1" count_in_player="0" crafted="0" deloot="0"/>
    <category name="tools"/>
    <tag name="shelves"/>
    <usage name="Town"/>
    <usage name="Village"/>
    <usage name="Hunting"/>
  </type>
  <type name="OvenIndoor">
    <nominal>0</nominal>
    <lifetime>14400</lifetime>
    <restock>0</restock>
    <min>0</min>
    <quantmin>-1</quantmin>
    <quantmax>-1</quantmax>
    <cost>100</cost>
    <flags count_in_cargo="0" count_in_hoarder="0" count_in_map="1" count_in_player="0" crafted="1" deloot="0"/>
    <category name="tools"/>
  </type>
  <type name="PainkillerTablets">
    <nominal>20</nominal>
    <lifetime>28800</lifetime>
    <restock>0</restock>
    <min>12</min>
    <quantmin>10</quantmin>
    <quantmax>50</quantmax>
    <cost>100</cost>
    <flags count_in_cargo="0" count_in_hoarder="0" count_in_map="1" count_in_player="0" crafted="0" deloot="0"/>
    <category name="tools"/>
    <tag name="shelves"/>
    <usage name="Medic"/>
  </type>
  <type name="Paper">
    <nominal>0</nominal>
    <lifetime>7200</lifetime>
    <restock>0</restock>
    <min>0</min>
    <quantmin>-1</quantmin>
    <quantmax>-1</quantmax>
    <cost>100</cost>
    <flags count_in_cargo="0" count_in_hoarder="0" count_in_map="1" count_in_player="0" crafted="1" deloot="0"/>
    <category name="tools"/>
  </type>
  <type name="Pen_Black">
    <nominal>0</nominal>
    <lifetime>28800</lifetime>
    <restock>0</restock>
    <min>0</min>
    <quantmin>-1</quantmin>
    <quantmax>-1</quantmax>
    <cost>100</cost>
    <flags count_in_cargo="0" count_in_hoarder="0" count_in_map="1" count_in_player="0" crafted="0" deloot="0"/>
    <category name="tools"/>
    <tag name="shelves"/>
    <usage name="Town"/>
    <usage name="Village"/>
    <usage name="Office"/>
    <usage name="School"/>
  </type>
  <type name="Pen_Blue">
    <nominal>0</nominal>
    <lifetime>28800</lifetime>
    <restock>0</restock>
    <min>0</min>
    <quantmin>-1</quantmin>
    <quantmax>-1</quantmax>
    <cost>100</cost>
    <flags count_in_cargo="0" count_in_hoarder="0" count_in_map="1" count_in_player="0" crafted="0" deloot="0"/>
    <category name="tools"/>
    <tag name="shelves"/>
    <usage name="Town"/>
    <usage name="Village"/>
    <usage name="Office"/>
    <usage name="School"/>
  </type>
  <type name="Pen_Green">
    <nominal>0</nominal>
    <lifetime>28800</lifetime>
    <restock>0</restock>
    <min>0</min>
    <quantmin>-1</quantmin>
    <quantmax>-1</quantmax>
    <cost>100</cost>
    <flags count_in_cargo="0" count_in_hoarder="0" count_in_map="1" count_in_player="0" crafted="0" deloot="0"/>
    <category name="tools"/>
    <tag name="shelves"/>
    <usage name="Town"/>
    <usage name="Village"/>
    <usage name="Office"/>
    <usage name="School"/>
  </type>
  <type name="Pen_Red">
    <nominal>0</nominal>
    <lifetime>28800</lifetime>
    <restock>0</restock>
    <min>0</min>
    <quantmin>-1</quantmin>
    <quantmax>-1</quantmax>
    <cost>100</cost>
    <flags count_in_cargo="0" count_in_hoarder="0" count_in_map="1" count_in_player="0" crafted="0" deloot="0"/>
    <category name="tools"/>
    <tag name="shelves"/>
    <usage name="Town"/>
    <usage name="Village"/>
    <usage name="Office"/>
    <usage name="School"/>
  </type>
  <type name="PepperSeeds">
    <nominal>0</nominal>
    <lifetime>14400</lifetime>
    <restock>0</restock>
    <min>0</min>
    <quantmin>-1</quantmin>
    <quantmax>-1</quantmax>
    <cost>100</cost>
    <flags count_in_cargo="0" count_in_hoarder="0" count_in_map="1" count_in_player="0" crafted="1" deloot="0"/>
    <category name="tools"/>
  </type>
  <type name="PersonalRadio">
    <nominal>40</nominal>
    <lifetime>28800</lifetime>
    <restock>0</restock>
    <min>20</min>
    <quantmin>-1</quantmin>
    <quantmax>-1</quantmax>
    <cost>100</cost>
    <flags count_in_cargo="0" count_in_hoarder="0" count_in_map="1" count_in_player="0" crafted="0" deloot="0"/>
    <category name="tools"/>
    <tag name="shelves"/>
    <usage name="Military"/>
    <usage name="Police"/>
    <usage name="Medic"/>
    <usage name="Firefighter"/>
  </type>
  <type name="PetrolLighter">
    <nominal>50</nominal>
    <lifetime>14400</lifetime>
    <restock>0</restock>
    <min>30</min>
    <quantmin>20</quantmin>
    <quantmax>100</quantmax>
    <cost>100</cost>
    <flags count_in_cargo="0" count_in_hoarder="0" count_in_map="1" count_in_player="0" crafted="0" deloot="0"/>
    <category name="tools"/>
    <tag name="shelves"/>
    <usage name="Town"/>
  </type>
  <type name="Pickaxe">
    <nominal>20</nominal>
    <lifetime>14400</lifetime>
    <restock>0</restock>
    <min>13</min>
    <quantmin>-1</quantmin>
    <quantmax>-1</quantmax>
    <cost>100</cost>
    <flags count_in_cargo="0" count_in_hoarder="0" count_in_map="1" count_in_player="0" crafted="0" deloot="0"/>
    <category name="tools"/>
    <usage name="Industrial"/>
    <usage name="Farm"/>
    <value name="Tier2"/>
    <value name="Tier3"/>
    <value name="Tier4"/>
  </type>
  <type name="PigPelt">
    <nominal>0</nominal>
    <lifetime>28800</lifetime>
    <restock>0</restock>
    <min>0</min>
    <quantmin>-1</quantmin>
    <quantmax>-1</quantmax>
    <cost>100</cost>
    <flags count_in_cargo="0" count_in_hoarder="0" count_in_map="1" count_in_player="0" crafted="1" deloot="0"/>
    <category name="tools"/>
  </type>
  <type name="PileOfWoodenPlanks">
    <nominal>40</nominal>
    <lifetime>28800</lifetime>
    <restock>0</restock>
    <min>20</min>
    <quantmin>-1</quantmin>
    <quantmax>-1</quantmax>
    <cost>100</cost>
    <flags count_in_cargo="0" count_in_hoarder="0" count_in_map="1" count_in_player="0" crafted="0" deloot="0"/>
    <category name="tools"/>
    <tag name="floor"/>
    <usage name="Industrial"/>
  </type>
  <type name="Pipe">
    <nominal>80</nominal>
    <lifetime>14400</lifetime>
    <restock>0</restock>
    <min>60</min>
    <quantmin>-1</quantmin>
    <quantmax>-1</quantmax>
    <cost>100</cost>
    <flags count_in_cargo="0" count_in_hoarder="0" count_in_map="1" count_in_player="0" crafted="0" deloot="0"/>
    <category name="tools"/>
    <usage name="Industrial"/>
  </type>
  <type name="PipeWrench">
    <nominal>70</nominal>
    <lifetime>28800</lifetime>
    <restock>0</restock>
    <min>50</min>
    <quantmin>-1</quantmin>
    <quantmax>-1</quantmax>
    <cost>100</cost>
    <flags count_in_cargo="0" count_in_hoarder="0" count_in_map="1" count_in_player="0" crafted="0" deloot="0"/>
    <category name="tools"/>
    <tag name="floor"/>
    <usage name="Industrial"/>
    <usage name="Farm"/>
    <usage name="Lunapark"/>
  </type>
  <type name="Pitchfork">
    <nominal>55</nominal>
    <lifetime>14400</lifetime>
    <restock>0</restock>
    <min>45</min>
    <quantmin>-1</quantmin>
    <quantmax>-1</quantmax>
    <cost>100</cost>
    <flags count_in_cargo="0" count_in_hoarder="0" count_in_map="1" count_in_player="0" crafted="0" deloot="0"/>
    <category name="tools"/>
    <usage name="Farm"/>
  </type>
  <type name="PlantMaterial">
    <nominal>0</nominal>
    <lifetime>14400</lifetime>
    <restock>0</restock>
    <min>0</min>
    <quantmin>-1</quantmin>
    <quantmax>-1</quantmax>
    <cost>100</cost>
    <flags count_in_cargo="0" count_in_hoarder="0" count_in_map="1" count_in_player="0" crafted="1" deloot="0"/>
    <category name="tools"/>
  </type>
  <type name="Plant_Pepper">
    <nominal>0</nominal>
    <lifetime>28800</lifetime>
    <restock>0</restock>
    <min>0</min>
    <quantmin>-1</quantmin>
    <quantmax>-1</quantmax>
    <cost>100</cost>
    <flags count_in_cargo="0" count_in_hoarder="0" count_in_map="1" count_in_player="0" crafted="1" deloot="0"/>
    <category name="tools"/>
  </type>
  <type name="Plant_Potato">
    <nominal>0</nominal>
    <lifetime>28800</lifetime>
    <restock>0</restock>
    <min>0</min>
    <quantmin>-1</quantmin>
    <quantmax>-1</quantmax>
    <cost>100</cost>
    <flags count_in_cargo="0" count_in_hoarder="0" count_in_map="1" count_in_player="0" crafted="1" deloot="0"/>
    <category name="tools"/>
  </type>
  <type name="Plant_Pumpkin">
    <nominal>0</nominal>
    <lifetime>28800</lifetime>
    <restock>0</restock>
    <min>0</min>
    <quantmin>-1</quantmin>
    <quantmax>-1</quantmax>
    <cost>100</cost>
    <flags count_in_cargo="0" count_in_hoarder="0" count_in_map="1" count_in_player="0" crafted="1" deloot="0"/>
    <category name="tools"/>
  </type>
  <type name="Plant_Tomato">
    <nominal>0</nominal>
    <lifetime>28800</lifetime>
    <restock>0</restock>
    <min>0</min>
    <quantmin>-1</quantmin>
    <quantmax>-1</quantmax>
    <cost>100</cost>
    <flags count_in_cargo="0" count_in_hoarder="0" count_in_map="1" count_in_player="0" crafted="1" deloot="0"/>
    <category name="tools"/>
  </type>
  <type name="Plant_Zucchini">
    <nominal>0</nominal>
    <lifetime>28800</lifetime>
    <restock>0</restock>
    <min>0</min>
    <quantmin>-1</quantmin>
    <quantmax>-1</quantmax>
    <cost>100</cost>
    <flags count_in_cargo="0" count_in_hoarder="0" count_in_map="1" count_in_player="0" crafted="1" deloot="0"/>
    <category name="tools"/>
  </type>
  <type name="Pliers">
    <nominal>70</nominal>
    <lifetime>14400</lifetime>
    <restock>0</restock>
    <min>50</min>
    <quantmin>-1</quantmin>
    <quantmax>-1</quantmax>
    <cost>100</cost>
    <flags count_in_cargo="0" count_in_hoarder="0" count_in_map="1" count_in_player="0" crafted="0" deloot="0"/>
    <category name="tools"/>
    <usage name="Industrial"/>
    <usage name="Farm"/>
    <usage name="Village"/>
  </type>
  <type name="PortableGasLamp">
    <nominal>40</nominal>
    <lifetime>28800</lifetime>
    <restock>0</restock>
    <min>30</min>
    <quantmin>-1</quantmin>
    <quantmax>-1</quantmax>
    <cost>100</cost>
    <flags count_in_cargo="0" count_in_hoarder="0" count_in_map="1" count_in_player="0" crafted="0" deloot="0"/>
    <category name="tools"/>
    <usage name="Industrial"/>
    <usage name="Hunting"/>
  </type>
  <type name="PortableGasStove">
    <nominal>40</nominal>
    <lifetime>28800</lifetime>
    <restock>0</restock>
    <min>30</min>
    <quantmin>-1</quantmin>
    <quantmax>-1</quantmax>
    <cost>100</cost>
    <flags count_in_cargo="0" count_in_hoarder="0" count_in_map="1" count_in_player="0" crafted="0" deloot="0"/>
    <category name="tools"/>
    <usage name="Village"/>
    <usage name="Hunting"/>
  </type>
  <type name="Pot">
    <nominal>20</nominal>
    <lifetime>14400</lifetime>
    <restock>0</restock>
    <min>10</min>
    <quantmin>-1</quantmin>
    <quantmax>-1</quantmax>
    <cost>100</cost>
    <flags count_in_cargo="0" count_in_hoarder="0" count_in_map="1" count_in_player="0" crafted="0" deloot="0"/>
    <category name="tools"/>
    <tag name="shelves"/>
    <usage name="Town"/>
    <usage name="Village"/>
  </type>
  <type name="PowerGenerator">
    <nominal>80</nominal>
    <lifetime>604800</lifetime>
    <restock>0</restock>
    <min>50</min>
    <quantmin>20</quantmin>
    <quantmax>70</quantmax>
    <cost>100</cost>
    <flags count_in_cargo="0" count_in_hoarder="0" count_in_map="1" count_in_player="0" crafted="0" deloot="0"/>
    <category name="tools"/>
    <usage name="Industrial"/>
  </type>
  <type name="PumpkinSeeds">
    <nominal>0</nominal>
    <lifetime>14400</lifetime>
    <restock>0</restock>
    <min>0</min>
    <quantmin>-1</quantmin>
    <quantmax>-1</quantmax>
    <cost>100</cost>
    <flags count_in_cargo="0" count_in_hoarder="0" count_in_map="1" count_in_player="0" crafted="1" deloot="0"/>
    <category name="tools"/>
  </type>
  <type name="PurificationTablets">
    <nominal>50</nominal>
    <lifetime>28800</lifetime>
    <restock>1800</restock>
    <min>30</min>
    <quantmin>10</quantmin>
    <quantmax>50</quantmax>
    <cost>100</cost>
    <flags count_in_cargo="0" count_in_hoarder="0" count_in_map="1" count_in_player="0" crafted="0" deloot="0"/>
    <category name="tools"/>
    <tag name="shelves"/>
    <usage name="Medic"/>
    <usage name="Hunting"/>
  </type>
  <type name="RabbitPelt">
    <nominal>0</nominal>
    <lifetime>14400</lifetime>
    <restock>0</restock>
    <min>1</min>
    <quantmin>-1</quantmin>
    <quantmax>-1</quantmax>
    <cost>100</cost>
    <flags count_in_cargo="0" count_in_hoarder="0" count_in_map="1" count_in_player="0" crafted="1" deloot="0"/>
    <category name="tools"/>
  </type>
  <type name="RabbitSnareTrap">
    <nominal>0</nominal>
    <lifetime>28800</lifetime>
    <restock>0</restock>
    <min>0</min>
    <quantmin>-1</quantmin>
    <quantmax>-1</quantmax>
    <cost>100</cost>
    <flags count_in_cargo="0" count_in_hoarder="0" count_in_map="1" count_in_player="0" crafted="1" deloot="0"/>
    <category name="tools"/>
  </type>
  <type name="Rag">
    <nominal>0</nominal>
    <lifetime>14400</lifetime>
    <restock>0</restock>
    <min>0</min>
    <quantmin>-1</quantmin>
    <quantmax>-1</quantmax>
    <cost>100</cost>
    <flags count_in_cargo="0" count_in_hoarder="0" count_in_map="1" count_in_player="0" crafted="1" deloot="0"/>
    <category name="tools"/>
  </type>
  <type name="Rangefinder">
    <nominal>60</nominal>
    <lifetime>28800</lifetime>
    <restock>0</restock>
    <min>40</min>
    <quantmin>-1</quantmin>
    <quantmax>-1</quantmax>
    <cost>100</cost>
    <flags count_in_cargo="0" count_in_hoarder="0" count_in_map="1" count_in_player="0" crafted="0" deloot="0"/>
    <category name="tools"/>
    <tag name="shelves"/>
    <usage name="Military"/>
    <usage name="Police"/>
    <usage name="Industrial"/>
    <usage name="Hunting"/>
  </type>
  <type name="RemoteDetonator">
    <nominal>5</nominal>
    <lifetime>14400</lifetime>
    <restock>0</restock>
    <min>2</min>
    <quantmin>-1</quantmin>
    <quantmax>-1</quantmax>
    <cost>100</cost>
    <flags count_in_cargo="0" count_in_hoarder="0" count_in_map="1" count_in_player="0" crafted="0" deloot="0"/>
    <category name="tools"/>
    <usage name="Industrial"/>
    <value name="Tier5"/>
  </type>
  <type name="RemoteDetonatorReceiver">
    <nominal>0</nominal>
    <lifetime>14400</lifetime>
    <restock>0</restock>
    <min>0</min>
    <quantmin>-1</quantmin>
    <quantmax>-1</quantmax>
    <cost>100</cost>
    <flags count_in_cargo="0" count_in_hoarder="0" count_in_map="1" count_in_player="0" crafted="1" deloot="0"/>
    <category name="tools"/>
  </type>
  <type name="RemoteDetonatorTrigger">
    <nominal>0</nominal>
    <lifetime>14400</lifetime>
    <restock>0</restock>
    <min>0</min>
    <quantmin>-1</quantmin>
    <quantmax>-1</quantmax>
    <cost>100</cost>
    <flags count_in_cargo="0" count_in_hoarder="0" count_in_map="1" count_in_player="0" crafted="1" deloot="0"/>
    <category name="tools"/>
  </type>
  <type name="Roadflare">
    <nominal>40</nominal>
    <lifetime>14400</lifetime>
    <restock>0</restock>
    <min>26</min>
    <quantmin>-1</quantmin>
    <quantmax>-1</quantmax>
    <cost>100</cost>
    <flags count_in_cargo="0" count_in_hoarder="0" count_in_map="1" count_in_player="0" crafted="0" deloot="0"/>
    <category name="tools"/>
    <usage name="Military"/>
    <usage name="Police"/>
    <value name="Tier2"/>
    <value name="Tier3"/>
    <value name="Tier4"/>
  </type>
  <type name="Rope">
    <nominal>100</nominal>
    <lifetime>14400</lifetime>
    <restock>0</restock>
    <min>80</min>
    <quantmin>-1</quantmin>
    <quantmax>-1</quantmax>
    <cost>100</cost>
    <flags count_in_cargo="0" count_in_hoarder="0" count_in_map="1" count_in_player="0" crafted="0" deloot="0"/>
    <category name="tools"/>
    <usage name="Industrial"/>
    <usage name="Farm"/>
  </type>
  <type name="SalineBag">
    <nominal>25</nominal>
    <lifetime>14400</lifetime>
    <restock>0</restock>
    <min>15</min>
    <quantmin>-1</quantmin>
    <quantmax>-1</quantmax>
    <cost>100</cost>
    <flags count_in_cargo="0" count_in_hoarder="0" count_in_map="1" count_in_player="0" crafted="0" deloot="0"/>
    <category name="tools"/>
    <tag name="shelves"/>
    <usage name="Medic"/>
  </type>
  <type name="SalineBagIV">
    <nominal>0</nominal>
    <lifetime>14400</lifetime>
    <restock>0</restock>
    <min>0</min>
    <quantmin>-1</quantmin>
    <quantmax>-1</quantmax>
    <cost>100</cost>
    <flags count_in_cargo="0" count_in_hoarder="0" count_in_map="1" count_in_player="0" crafted="1" deloot="0"/>
    <category name="tools"/>
  </type>
  <type name="SambucusBerry">
    <nominal>0</nominal>
    <lifetime>900</lifetime>
    <restock>0</restock>
    <min>0</min>
    <quantmin>-1</quantmin>
    <quantmax>-1</quantmax>
    <cost>100</cost>
    <flags count_in_cargo="0" count_in_hoarder="0" count_in_map="1" count_in_player="0" crafted="1" deloot="0"/>
    <category name="tools"/>
  </type>
  <type name="Screwdriver">
    <nominal>50</nominal>
    <lifetime>14400</lifetime>
    <restock>0</restock>
    <min>30</min>
    <quantmin>-1</quantmin>
    <quantmax>-1</quantmax>
    <cost>100</cost>
    <flags count_in_cargo="0" count_in_hoarder="0" count_in_map="1" count_in_player="0" crafted="0" deloot="0"/>
    <category name="tools"/>
    <usage name="Industrial"/>
    <usage name="Farm"/>
    <usage name="Village"/>
  </type>
  <type name="SeaChest">
    <nominal>20</nominal>
    <lifetime>3888000</lifetime>
    <restock>0</restock>
    <min>10</min>
    <quantmin>-1</quantmin>
    <quantmax>-1</quantmax>
    <cost>100</cost>
    <flags count_in_cargo="0" count_in_hoarder="0" count_in_map="1" count_in_player="1" crafted="0" deloot="0"/>
    <category name="tools"/>
    <usage name="Industrial"/>
    <usage name="Farm"/>
    <usage name="Coast"/>
    <usage name="Hunting"/>
  </type>
  <type name="SewingKit">
    <nominal>100</nominal>
    <lifetime>14400</lifetime>
    <restock>0</restock>
    <min>80</min>
    <quantmin>-1</quantmin>
    <quantmax>-1</quantmax>
    <cost>100</cost>
    <flags count_in_cargo="0" count_in_hoarder="0" count_in_map="1" count_in_player="0" crafted="0" deloot="0"/>
    <category name="tools"/>
    <tag name="shelves"/>
    <usage name="Town"/>
    <usage name="Village"/>
  </type>
  <type name="SharpWoodenStick">
    <nominal>0</nominal>
    <lifetime>14400</lifetime>
    <restock>0</restock>
    <min>0</min>
    <quantmin>-1</quantmin>
    <quantmax>-1</quantmax>
    <cost>100</cost>
    <flags count_in_cargo="0" count_in_hoarder="0" count_in_map="1" count_in_player="0" crafted="1" deloot="0"/>
    <category name="tools"/>
  </type>
  <type name="SheepPelt">
    <nominal>0</nominal>
    <lifetime>28800</lifetime>
    <restock>0</restock>
    <min>0</min>
    <quantmin>-1</quantmin>
    <quantmax>-1</quantmax>
    <cost>100</cost>
    <flags count_in_cargo="0" count_in_hoarder="0" count_in_map="1" count_in_player="0" crafted="1" deloot="0"/>
    <category name="tools"/>
  </type>
  <type name="ShelterKit">
    <nominal>0</nominal>
    <lifetime>14400</lifetime>
    <restock>0</restock>
    <min>0</min>
    <quantmin>-1</quantmin>
    <quantmax>-1</quantmax>
    <cost>100</cost>
    <flags count_in_cargo="0" count_in_hoarder="0" count_in_map="1" count_in_player="0" crafted="1" deloot="0"/>
    <category name="tools"/>
  </type>
  <type name="ShelterSite">
    <nominal>0</nominal>
    <lifetime>14400</lifetime>
    <restock>0</restock>
    <min>0</min>
    <quantmin>-1</quantmin>
    <quantmax>-1</quantmax>
    <cost>100</cost>
    <flags count_in_cargo="0" count_in_hoarder="0" count_in_map="1" count_in_player="0" crafted="1" deloot="0"/>
    <category name="tools"/>
  </type>
  <type name="Shovel">
    <nominal>70</nominal>
    <lifetime>14400</lifetime>
    <restock>0</restock>
    <min>50</min>
    <quantmin>-1</quantmin>
    <quantmax>-1</quantmax>
    <cost>100</cost>
    <flags count_in_cargo="0" count_in_hoarder="0" count_in_map="1" count_in_player="0" crafted="0" deloot="0"/>
    <category name="tools"/>
    <tag name="floor"/>
    <usage name="Industrial"/>
    <usage name="Farm"/>
    <value name="Tier2"/>
    <value name="Tier3"/>
    <value name="Tier4"/>
  </type>
  <type name="Sickle">
    <nominal>50</nominal>
    <lifetime>14400</lifetime>
    <restock>0</restock>
    <min>35</min>
    <quantmin>-1</quantmin>
    <quantmax>-1</quantmax>
    <cost>100</cost>
    <flags count_in_cargo="0" count_in_hoarder="0" count_in_map="1" count_in_player="0" crafted="0" deloot="0"/>
    <category name="tools"/>
    <usage name="Farm"/>
    <value name="Tier1"/>
    <value name="Tier2"/>
  </type>
  <type name="SledgeHammer">
    <nominal>20</nominal>
    <lifetime>14400</lifetime>
    <restock>0</restock>
    <min>10</min>
    <quantmin>-1</quantmin>
    <quantmax>-1</quantmax>
    <cost>100</cost>
    <flags count_in_cargo="0" count_in_hoarder="0" count_in_map="1" count_in_player="0" crafted="0" deloot="0"/>
    <category name="tools"/>
    <tag name="floor"/>
    <usage name="Industrial"/>
    <value name="Tier3"/>
    <value name="Tier4"/>
  </type>
  <type name="SmallFishTrap">
    <nominal>0</nominal>
    <lifetime>28800</lifetime>
    <restock>0</restock>
    <min>0</min>
    <quantmin>-1</quantmin>
    <quantmax>-1</quantmax>
    <cost>100</cost>
    <flags count_in_cargo="0" count_in_hoarder="0" count_in_map="1" count_in_player="0" crafted="1" deloot="0"/>
    <category name="tools"/>
  </type>
  <type name="SmallGasCanister">
    <nominal>40</nominal>
    <lifetime>14400</lifetime>
    <restock>0</restock>
    <min>30</min>
    <quantmin>65</quantmin>
    <quantmax>100</quantmax>
    <cost>100</cost>
    <flags count_in_cargo="0" count_in_hoarder="0" count_in_map="1" count_in_player="0" crafted="0" deloot="0"/>
    <category name="tools"/>
    <usage name="Village"/>
    <usage name="Hunting"/>
  </type>
  <type name="SmallGuts">
    <nominal>0</nominal>
    <lifetime>7200</lifetime>
    <restock>0</restock>
    <min>0</min>
    <quantmin>-1</quantmin>
    <quantmax>-1</quantmax>
    <cost>100</cost>
    <flags count_in_cargo="0" count_in_hoarder="0" count_in_map="1" count_in_player="0" crafted="1" deloot="0"/>
    <category name="tools"/>
  </type>
  <type name="SmallStone">
    <nominal>0</nominal>
    <lifetime>14400</lifetime>
    <restock>0</restock>
    <min>0</min>
    <quantmin>15</quantmin>
    <quantmax>15</quantmax>
    <cost>100</cost>
    <flags count_in_cargo="0" count_in_hoarder="0" count_in_map="1" count_in_player="0" crafted="0" deloot="0"/>
    <category name="tools"/>
  </type>
  <type name="SparkPlug">
    <nominal>60</nominal>
    <lifetime>14400</lifetime>
    <restock>0</restock>
    <min>40</min>
    <quantmin>-1</quantmin>
    <quantmax>-1</quantmax>
    <cost>100</cost>
    <flags count_in_cargo="0" count_in_hoarder="0" count_in_map="1" count_in_player="0" crafted="0" deloot="0"/>
    <category name="tools"/>
    <tag name="shelves"/>
    <usage name="Industrial"/>
  </type>
  <type name="SpearBone">
    <nominal>0</nominal>
    <lifetime>14400</lifetime>
    <restock>0</restock>
    <min>0</min>
    <quantmin>-1</quantmin>
    <quantmax>-1</quantmax>
    <cost>100</cost>
    <flags count_in_cargo="0" count_in_hoarder="0" count_in_map="1" count_in_player="0" crafted="1" deloot="0"/>
    <category name="tools"/>
  </type>
  <type name="SpearStone">
    <nominal>0</nominal>
    <lifetime>14400</lifetime>
    <restock>0</restock>
    <min>0</min>
    <quantmin>-1</quantmin>
    <quantmax>-1</quantmax>
    <cost>100</cost>
    <flags count_in_cargo="0" count_in_hoarder="0" count_in_map="1" count_in_player="0" crafted="1" deloot="0"/>
    <category name="tools"/>
  </type>
  <type name="Spotlight">
    <nominal>60</nominal>
    <lifetime>604800</lifetime>
    <restock>0</restock>
    <min>50</min>
    <quantmin>-1</quantmin>
    <quantmax>-1</quantmax>
    <cost>100</cost>
    <flags count_in_cargo="0" count_in_hoarder="0" count_in_map="1" count_in_player="0" crafted="0" deloot="0"/>
    <category name="tools"/>
    <usage name="Industrial"/>
  </type>
  <type name="StartKitIV">
    <nominal>30</nominal>
    <lifetime>28800</lifetime>
    <restock>0</restock>
    <min>20</min>
    <quantmin>-1</quantmin>
    <quantmax>-1</quantmax>
    <cost>100</cost>
    <flags count_in_cargo="0" count_in_hoarder="0" count_in_map="1" count_in_player="0" crafted="0" deloot="0"/>
    <category name="tools"/>
    <tag name="shelves"/>
    <usage name="Medic"/>
  </type>
  <type name="SteakKnife">
    <nominal>70</nominal>
    <lifetime>14400</lifetime>
    <restock>0</restock>
    <min>60</min>
    <quantmin>-1</quantmin>
    <quantmax>-1</quantmax>
    <cost>100</cost>
    <flags count_in_cargo="0" count_in_hoarder="0" count_in_map="1" count_in_player="0" crafted="0" deloot="0"/>
    <category name="tools"/>
    <tag name="shelves"/>
    <usage name="Village"/>
    <value name="Tier1"/>
  </type>
  <type name="Stone">
    <nominal>0</nominal>
    <lifetime>14400</lifetime>
    <restock>0</restock>
    <min>0</min>
    <quantmin>-1</quantmin>
    <quantmax>-1</quantmax>
    <cost>100</cost>
    <flags count_in_cargo="0" count_in_hoarder="0" count_in_map="1" count_in_player="0" crafted="1" deloot="0"/>
    <category name="tools"/>
  </type>
  <type name="StoneKnife">
    <nominal>0</nominal>
    <lifetime>14400</lifetime>
    <restock>0</restock>
    <min>0</min>
    <quantmin>-1</quantmin>
    <quantmax>-1</quantmax>
    <cost>100</cost>
    <flags count_in_cargo="0" count_in_hoarder="0" count_in_map="1" count_in_player="0" crafted="1" deloot="0"/>
    <category name="tools"/>
  </type>
  <type name="TannedLeather">
    <nominal>0</nominal>
    <lifetime>28800</lifetime>
    <restock>0</restock>
    <min>0</min>
    <quantmin>-1</quantmin>
    <quantmax>-1</quantmax>
    <cost>100</cost>
    <flags count_in_cargo="0" count_in_hoarder="0" count_in_map="1" count_in_player="0" crafted="1" deloot="0"/>
    <category name="tools"/>
  </type>
  <type name="TerritoryFlag">
    <nominal>0</nominal>
    <lifetime>604800</lifetime>
    <restock>0</restock>
    <min>0</min>
    <quantmin>-1</quantmin>
    <quantmax>-1</quantmax>
    <cost>100</cost>
    <flags count_in_cargo="0" count_in_hoarder="0" count_in_map="1" count_in_player="0" crafted="1" deloot="0"/>
    <category name="tools"/>
  </type>
  <type name="TerritoryFlagKit">
    <nominal>0</nominal>
    <lifetime>14400</lifetime>
    <restock>0</restock>
    <min>0</min>
    <quantmin>-1</quantmin>
    <quantmax>-1</quantmax>
    <cost>100</cost>
    <flags count_in_cargo="0" count_in_hoarder="0" count_in_map="1" count_in_player="0" crafted="1" deloot="0"/>
    <category name="tools"/>
  </type>
  <type name="TetracyclineAntibiotics">
    <nominal>20</nominal>
    <lifetime>14400</lifetime>
    <restock>0</restock>
    <min>12</min>
    <quantmin>10</quantmin>
    <quantmax>50</quantmax>
    <cost>100</cost>
    <flags count_in_cargo="0" count_in_hoarder="0" count_in_map="1" count_in_player="0" crafted="0" deloot="0"/>
    <category name="tools"/>
    <tag name="shelves"/>
    <usage name="Medic"/>
  </type>
  <type name="Thermometer">
    <nominal>40</nominal>
    <lifetime>14400</lifetime>
    <restock>0</restock>
    <min>30</min>
    <quantmin>-1</quantmin>
    <quantmax>-1</quantmax>
    <cost>100</cost>
    <flags count_in_cargo="0" count_in_hoarder="0" count_in_map="1" count_in_player="0" crafted="0" deloot="0"/>
    <category name="tools"/>
    <usage name="Medic"/>
    <usage name="Town"/>
    <usage name="Village"/>
  </type>
  <type name="TireRepairKit">
    <nominal>50</nominal>
    <lifetime>14400</lifetime>
    <restock>0</restock>
    <min>30</min>
    <quantmin>-1</quantmin>
    <quantmax>-1</quantmax>
    <cost>100</cost>
    <flags count_in_cargo="0" count_in_hoarder="0" count_in_map="1" count_in_player="0" crafted="0" deloot="0"/>
    <category name="tools"/>
    <tag name="shelves"/>
    <usage name="Industrial"/>
  </type>
  <type name="TomatoSeeds">
    <nominal>0</nominal>
    <lifetime>14400</lifetime>
    <restock>0</restock>
    <min>0</min>
    <quantmin>-1</quantmin>
    <quantmax>-1</quantmax>
    <cost>100</cost>
    <flags count_in_cargo="0" count_in_hoarder="0" count_in_map="1" count_in_player="0" crafted="1" deloot="0"/>
    <category name="tools"/>
  </type>
  <type name="Torch">
    <nominal>0</nominal>
    <lifetime>14400</lifetime>
    <restock>0</restock>
    <min>0</min>
    <quantmin>-1</quantmin>
    <quantmax>-1</quantmax>
    <cost>100</cost>
    <flags count_in_cargo="0" count_in_hoarder="0" count_in_map="1" count_in_player="0" crafted="1" deloot="0"/>
    <category name="tools"/>
  </type>
  <type name="Tripod">
    <nominal>40</nominal>
    <lifetime>14400</lifetime>
    <restock>0</restock>
    <min>30</min>
    <quantmin>-1</quantmin>
    <quantmax>-1</quantmax>
    <cost>100</cost>
    <flags count_in_cargo="0" count_in_hoarder="0" count_in_map="1" count_in_player="0" crafted="0" deloot="0"/>
    <category name="tools"/>
    <tag name="floor"/>
    <usage name="Farm"/>
    <usage name="Hunting"/>
  </type>
  <type name="TripwireTrap">
    <nominal>0</nominal>
    <lifetime>604800</lifetime>
    <restock>0</restock>
    <min>0</min>
    <quantmin>-1</quantmin>
    <quantmax>-1</quantmax>
    <cost>100</cost>
    <flags count_in_cargo="0" count_in_hoarder="0" count_in_map="1" count_in_player="0" crafted="1" deloot="0"/>
    <category name="tools"/>
  </type>
  <type name="TruckBattery">
    <nominal>20</nominal>
    <lifetime>28800</lifetime>
    <restock>360</restock>
    <min>10</min>
    <quantmin>20</quantmin>
    <quantmax>100</quantmax>
    <cost>100</cost>
    <flags count_in_cargo="0" count_in_hoarder="0" count_in_map="1" count_in_player="0" crafted="0" deloot="0"/>
    <category name="tools"/>
    <usage name="Industrial"/>
  </type>
  <type name="VitaminBottle">
    <nominal>40</nominal>
    <lifetime>14400</lifetime>
    <restock>0</restock>
    <min>20</min>
    <quantmin>5</quantmin>
    <quantmax>20</quantmax>
    <cost>100</cost>
    <flags count_in_cargo="0" count_in_hoarder="0" count_in_map="1" count_in_player="0" crafted="0" deloot="0"/>
    <category name="tools"/>
    <tag name="shelves"/>
    <usage name="Town"/>
    <usage name="Village"/>
  </type>
  <type name="WatchtowerKit">
    <nominal>0</nominal>
    <lifetime>14400</lifetime>
    <restock>0</restock>
    <min>0</min>
    <quantmin>-1</quantmin>
    <quantmax>-1</quantmax>
    <cost>100</cost>
    <flags count_in_cargo="0" count_in_hoarder="0" count_in_map="1" count_in_player="0" crafted="1" deloot="0"/>
    <category name="tools"/>
  </type>
  <type name="WeaponCleaningKit">
    <nominal>60</nominal>
    <lifetime>28800</lifetime>
    <restock>0</restock>
    <min>50</min>
    <quantmin>-1</quantmin>
    <quantmax>-1</quantmax>
    <cost>100</cost>
    <flags count_in_cargo="0" count_in_hoarder="0" count_in_map="1" count_in_player="0" crafted="0" deloot="0"/>
    <category name="tools"/>
    <usage name="Military"/>
    <usage name="Police"/>
    <usage name="Hunting"/>
  </type>
  <type name="Whetstone">
    <nominal>80</nominal>
    <lifetime>28800</lifetime>
    <restock>0</restock>
    <min>65</min>
    <quantmin>-1</quantmin>
    <quantmax>-1</quantmax>
    <cost>100</cost>
    <flags count_in_cargo="0" count_in_hoarder="0" count_in_map="1" count_in_player="0" crafted="0" deloot="0"/>
    <category name="tools"/>
    <tag name="shelves"/>
    <usage name="Farm"/>
  </type>
  <type name="WildboarPelt">
    <nominal>0</nominal>
    <lifetime>28800</lifetime>
    <restock>0</restock>
    <min>0</min>
    <quantmin>-1</quantmin>
    <quantmax>-1</quantmax>
    <cost>100</cost>
    <flags count_in_cargo="0" count_in_hoarder="0" count_in_map="1" count_in_player="0" crafted="1" deloot="0"/>
    <category name="tools"/>
  </type>
  <type name="WolfPelt">
    <nominal>0</nominal>
    <lifetime>28800</lifetime>
    <restock>0</restock>
    <min>0</min>
    <quantmin>-1</quantmin>
    <quantmax>-1</quantmax>
    <cost>100</cost>
    <flags count_in_cargo="0" count_in_hoarder="0" count_in_map="1" count_in_player="0" crafted="1" deloot="0"/>
    <category name="tools"/>
  </type>
  <type name="WoodAxe">
    <nominal>20</nominal>
    <lifetime>14400</lifetime>
    <restock>0</restock>
    <min>13</min>
    <quantmin>-1</quantmin>
    <quantmax>-1</quantmax>
    <cost>100</cost>
    <flags count_in_cargo="0" count_in_hoarder="0" count_in_map="1" count_in_player="0" crafted="0" deloot="0"/>
    <category name="tools"/>
    <usage name="Industrial"/>
    <usage name="Farm"/>
    <usage name="Village"/>
    <value name="Tier2"/>
    <value name="Tier3"/>
    <value name="Tier4"/>
  </type>
  <type name="WoodenHook">
    <nominal>0</nominal>
    <lifetime>7200</lifetime>
    <restock>0</restock>
    <min>0</min>
    <quantmin>-1</quantmin>
    <quantmax>-1</quantmax>
    <cost>100</cost>
    <flags count_in_cargo="0" count_in_hoarder="0" count_in_map="1" count_in_player="0" crafted="1" deloot="0"/>
    <category name="tools"/>
  </type>
  <type name="WoodenLog">
    <nominal>0</nominal>
    <lifetime>14400</lifetime>
    <restock>0</restock>
    <min>0</min>
    <quantmin>-1</quantmin>
    <quantmax>-1</quantmax>
    <cost>100</cost>
    <flags count_in_cargo="0" count_in_hoarder="0" count_in_map="1" count_in_player="0" crafted="1" deloot="0"/>
    <category name="tools"/>
  </type>
  <type name="WoodenPlank">
    <nominal>0</nominal>
    <lifetime>14400</lifetime>
    <restock>0</restock>
    <min>0</min>
    <quantmin>-1</quantmin>
    <quantmax>-1</quantmax>
    <cost>100</cost>
    <flags count_in_cargo="0" count_in_hoarder="0" count_in_map="1" count_in_player="0" crafted="1" deloot="0"/>
    <category name="tools"/>
  </type>
  <type name="WoodenStick">
    <nominal>0</nominal>
    <lifetime>14400</lifetime>
    <restock>0</restock>
    <min>0</min>
    <quantmin>-1</quantmin>
    <quantmax>-1</quantmax>
    <cost>100</cost>
    <flags count_in_cargo="0" count_in_hoarder="0" count_in_map="1" count_in_player="0" crafted="1" deloot="0"/>
    <category name="tools"/>
  </type>
  <type name="Wrench">
    <nominal>70</nominal>
    <lifetime>14400</lifetime>
    <restock>0</restock>
    <min>50</min>
    <quantmin>-1</quantmin>
    <quantmax>-1</quantmax>
    <cost>100</cost>
    <flags count_in_cargo="0" count_in_hoarder="0" count_in_map="1" count_in_player="0" crafted="0" deloot="0"/>
    <category name="tools"/>
    <usage name="Industrial"/>
    <usage name="Farm"/>
    <usage name="Village"/>
  </type>
  <type name="XmasLights">
    <nominal>60</nominal>
    <lifetime>14400</lifetime>
    <restock>0</restock>
    <min>40</min>
    <quantmin>-1</quantmin>
    <quantmax>-1</quantmax>
    <cost>100</cost>
    <flags count_in_cargo="0" count_in_hoarder="0" count_in_map="1" count_in_player="0" crafted="0" deloot="0"/>
    <category name="tools"/>
    <tag name="shelves"/>
    <usage name="Town"/>
    <usage name="Village"/>
  </type>
  <type name="ZucchiniSeeds">
    <nominal>0</nominal>
    <lifetime>14400</lifetime>
    <restock>0</restock>
    <min>0</min>
    <quantmin>-1</quantmin>
    <quantmax>-1</quantmax>
    <cost>100</cost>
    <flags count_in_cargo="0" count_in_hoarder="0" count_in_map="1" count_in_player="0" crafted="1" deloot="0"/>
    <category name="tools"/>
  </type>
</types>
