<?xml version="1.0" ?>
<types>
  <type name="ACOGOptic">
    <nominal>10</nominal>
    <lifetime>14400</lifetime>
    <restock>1800</restock>
    <min>6</min>
    <quantmin>-1</quantmin>
    <quantmax>-1</quantmax>
    <cost>100</cost>
    <flags count_in_cargo="0" count_in_hoarder="0" count_in_map="1" count_in_player="0" crafted="0" deloot="0"/>
    <category name="weapons"/>
    <usage name="Military"/>
  </type>
  <type name="ACOGOptic_6x">
    <nominal>5</nominal>
    <lifetime>14400</lifetime>
    <restock>1800</restock>
    <min>2</min>
    <quantmin>-1</quantmin>
    <quantmax>-1</quantmax>
    <cost>100</cost>
    <flags count_in_cargo="0" count_in_hoarder="0" count_in_map="1" count_in_player="0" crafted="0" deloot="0"/>
    <category name="weapons"/>
    <usage name="Military"/>
    <usage name="Police"/>
    <value name="Tier3"/>
    <value name="Tier4"/>
  </type>
  <type name="AK101">
    <nominal>2</nominal>
    <lifetime>28800</lifetime>
    <restock>3600</restock>
    <min>1</min>
    <quantmin>30</quantmin>
    <quantmax>80</quantmax>
    <cost>100</cost>
    <flags count_in_cargo="0" count_in_hoarder="0" count_in_map="1" count_in_player="0" crafted="0" deloot="1"/>
    <category name="weapons"/>
    <usage name="Military"/>
  </type>
  <type name="AK101_Black">
    <nominal>0</nominal>
    <lifetime>28800</lifetime>
    <restock>0</restock>
    <min>0</min>
    <quantmin>-1</quantmin>
    <quantmax>-1</quantmax>
    <cost>100</cost>
    <flags count_in_cargo="0" count_in_hoarder="0" count_in_map="1" count_in_player="0" crafted="1" deloot="0"/>
    <category name="weapons"/>
  </type>
  <type name="AK101_Green">
    <nominal>0</nominal>
    <lifetime>28800</lifetime>
    <restock>0</restock>
    <min>0</min>
    <quantmin>-1</quantmin>
    <quantmax>-1</quantmax>
    <cost>100</cost>
    <flags count_in_cargo="0" count_in_hoarder="0" count_in_map="1" count_in_player="0" crafted="1" deloot="0"/>
    <category name="weapons"/>
  </type>
  <type name="AK74">
    <nominal>12</nominal>
    <lifetime>28800</lifetime>
    <restock>0</restock>
    <min>8</min>
    <quantmin>30</quantmin>
    <quantmax>80</quantmax>
    <cost>100</cost>
    <flags count_in_cargo="0" count_in_hoarder="0" count_in_map="1" count_in_player="0" crafted="0" deloot="0"/>
    <category name="weapons"/>
    <usage name="Military"/>
    <value name="Tier3"/>
    <value name="Tier4"/>
  </type>
  <type name="AK74_Black">
    <nominal>0</nominal>
    <lifetime>28800</lifetime>
    <restock>0</restock>
    <min>0</min>
    <quantmin>-1</quantmin>
    <quantmax>-1</quantmax>
    <cost>100</cost>
    <flags count_in_cargo="0" count_in_hoarder="0" count_in_map="1" count_in_player="0" crafted="1" deloot="0"/>
    <category name="weapons"/>
  </type>
  <type name="AK74_Green">
    <nominal>0</nominal>
    <lifetime>28800</lifetime>
    <restock>0</restock>
    <min>0</min>
    <quantmin>-1</quantmin>
    <quantmax>-1</quantmax>
    <cost>100</cost>
    <flags count_in_cargo="0" count_in_hoarder="0" count_in_map="1" count_in_player="0" crafted="1" deloot="0"/>
    <category name="weapons"/>
  </type>
  <type name="AK74_Hndgrd">
    <nominal>5</nominal>
    <lifetime>14400</lifetime>
    <restock>0</restock>
    <min>2</min>
    <quantmin>-1</quantmin>
    <quantmax>-1</quantmax>
    <cost>100</cost>
    <flags count_in_cargo="0" count_in_hoarder="0" count_in_map="1" count_in_player="0" crafted="0" deloot="0"/>
    <category name="weapons"/>
    <usage name="Military"/>
  </type>
  <type name="AK74_WoodBttstck">
    <nominal>5</nominal>
    <lifetime>14400</lifetime>
    <restock>0</restock>
    <min>2</min>
    <quantmin>-1</quantmin>
    <quantmax>-1</quantmax>
    <cost>100</cost>
    <flags count_in_cargo="0" count_in_hoarder="0" count_in_map="1" count_in_player="0" crafted="0" deloot="0"/>
    <category name="weapons"/>
    <usage name="Military"/>
  </type>
  <type name="AKM">
    <nominal>3</nominal>
    <lifetime>7200</lifetime>
    <restock>3600</restock>
    <min>2</min>
    <quantmin>30</quantmin>
    <quantmax>80</quantmax>
    <cost>100</cost>
    <flags count_in_cargo="0" count_in_hoarder="0" count_in_map="1" count_in_player="0" crafted="0" deloot="0"/>
    <category name="weapons"/>
    <usage name="Military"/>
    <value name="Tier5"/>
  </type>
  <type name="AKS74U">
    <nominal>17</nominal>
    <lifetime>28800</lifetime>
    <restock>0</restock>
    <min>12</min>
    <quantmin>30</quantmin>
    <quantmax>80</quantmax>
    <cost>100</cost>
    <flags count_in_cargo="0" count_in_hoarder="0" count_in_map="1" count_in_player="0" crafted="0" deloot="0"/>
    <category name="weapons"/>
    <usage name="Military"/>
    <value name="Tier3"/>
  </type>
  <type name="AKS74U_Black">
    <nominal>0</nominal>
    <lifetime>28800</lifetime>
    <restock>0</restock>
    <min>0</min>
    <quantmin>-1</quantmin>
    <quantmax>-1</quantmax>
    <cost>100</cost>
    <flags count_in_cargo="0" count_in_hoarder="0" count_in_map="1" count_in_player="0" crafted="1" deloot="0"/>
    <category name="weapons"/>
  </type>
  <type name="AKS74U_Bttstck">
    <nominal>5</nominal>
    <lifetime>14400</lifetime>
    <restock>0</restock>
    <min>2</min>
    <quantmin>-1</quantmin>
    <quantmax>-1</quantmax>
    <cost>100</cost>
    <flags count_in_cargo="0" count_in_hoarder="0" count_in_map="1" count_in_player="0" crafted="0" deloot="0"/>
    <category name="weapons"/>
    <usage name="Military"/>
    <value name="Tier2"/>
    <value name="Tier3"/>
  </type>
  <type name="AKS74U_Green">
    <nominal>0</nominal>
    <lifetime>28800</lifetime>
    <restock>0</restock>
    <min>0</min>
    <quantmin>-1</quantmin>
    <quantmax>-1</quantmax>
    <cost>100</cost>
    <flags count_in_cargo="0" count_in_hoarder="0" count_in_map="1" count_in_player="0" crafted="1" deloot="0"/>
    <category name="weapons"/>
  </type>
  <type name="AK_Bayonet">
    <nominal>10</nominal>
    <lifetime>28800</lifetime>
    <restock>0</restock>
    <min>5</min>
    <quantmin>-1</quantmin>
    <quantmax>-1</quantmax>
    <cost>100</cost>
    <flags count_in_cargo="0" count_in_hoarder="0" count_in_map="1" count_in_player="0" crafted="0" deloot="0"/>
    <category name="weapons"/>
    <usage name="Military"/>
    <value name="Tier2"/>
    <value name="Tier3"/>
  </type>
  <type name="AK_FoldingBttstck">
    <nominal>5</nominal>
    <lifetime>14400</lifetime>
    <restock>0</restock>
    <min>2</min>
    <quantmin>-1</quantmin>
    <quantmax>-1</quantmax>
    <cost>100</cost>
    <flags count_in_cargo="0" count_in_hoarder="0" count_in_map="1" count_in_player="0" crafted="0" deloot="0"/>
    <category name="weapons"/>
    <usage name="Military"/>
  </type>
  <type name="AK_FoldingBttstck_Black">
    <nominal>0</nominal>
    <lifetime>14400</lifetime>
    <restock>0</restock>
    <min>0</min>
    <quantmin>-1</quantmin>
    <quantmax>-1</quantmax>
    <cost>100</cost>
    <flags count_in_cargo="0" count_in_hoarder="0" count_in_map="1" count_in_player="0" crafted="1" deloot="0"/>
    <category name="weapons"/>
  </type>
  <type name="AK_FoldingBttstck_Green">
    <nominal>0</nominal>
    <lifetime>14400</lifetime>
    <restock>0</restock>
    <min>0</min>
    <quantmin>-1</quantmin>
    <quantmax>-1</quantmax>
    <cost>100</cost>
    <flags count_in_cargo="0" count_in_hoarder="0" count_in_map="1" count_in_player="0" crafted="1" deloot="0"/>
    <category name="weapons"/>
  </type>
  <type name="AK_PlasticBttstck">
    <nominal>5</nominal>
    <lifetime>14400</lifetime>
    <restock>0</restock>
    <min>2</min>
    <quantmin>-1</quantmin>
    <quantmax>-1</quantmax>
    <cost>100</cost>
    <flags count_in_cargo="0" count_in_hoarder="0" count_in_map="1" count_in_player="0" crafted="0" deloot="0"/>
    <category name="weapons"/>
    <usage name="Military"/>
  </type>
  <type name="AK_PlasticBttstck_Black">
    <nominal>0</nominal>
    <lifetime>14400</lifetime>
    <restock>0</restock>
    <min>0</min>
    <quantmin>-1</quantmin>
    <quantmax>-1</quantmax>
    <cost>100</cost>
    <flags count_in_cargo="0" count_in_hoarder="0" count_in_map="1" count_in_player="0" crafted="1" deloot="0"/>
    <category name="weapons"/>
  </type>
  <type name="AK_PlasticBttstck_Green">
    <nominal>0</nominal>
    <lifetime>14400</lifetime>
    <restock>0</restock>
    <min>0</min>
    <quantmin>-1</quantmin>
    <quantmax>-1</quantmax>
    <cost>100</cost>
    <flags count_in_cargo="0" count_in_hoarder="0" count_in_map="1" count_in_player="0" crafted="1" deloot="0"/>
    <category name="weapons"/>
  </type>
  <type name="AK_PlasticHndgrd">
    <nominal>5</nominal>
    <lifetime>14400</lifetime>
    <restock>0</restock>
    <min>2</min>
    <quantmin>-1</quantmin>
    <quantmax>-1</quantmax>
    <cost>100</cost>
    <flags count_in_cargo="0" count_in_hoarder="0" count_in_map="1" count_in_player="0" crafted="0" deloot="0"/>
    <category name="weapons"/>
    <usage name="Military"/>
  </type>
  <type name="AK_RailHndgrd">
    <nominal>5</nominal>
    <lifetime>14400</lifetime>
    <restock>0</restock>
    <min>2</min>
    <quantmin>-1</quantmin>
    <quantmax>-1</quantmax>
    <cost>100</cost>
    <flags count_in_cargo="0" count_in_hoarder="0" count_in_map="1" count_in_player="0" crafted="0" deloot="0"/>
    <category name="weapons"/>
    <tag name="shelves"/>
    <usage name="Military"/>
  </type>
  <type name="AK_RailHndgrd_Black">
    <nominal>0</nominal>
    <lifetime>14400</lifetime>
    <restock>0</restock>
    <min>0</min>
    <quantmin>-1</quantmin>
    <quantmax>-1</quantmax>
    <cost>100</cost>
    <flags count_in_cargo="0" count_in_hoarder="0" count_in_map="1" count_in_player="0" crafted="1" deloot="0"/>
    <category name="weapons"/>
  </type>
  <type name="AK_RailHndgrd_Green">
    <nominal>0</nominal>
    <lifetime>14400</lifetime>
    <restock>0</restock>
    <min>0</min>
    <quantmin>-1</quantmin>
    <quantmax>-1</quantmax>
    <cost>100</cost>
    <flags count_in_cargo="0" count_in_hoarder="0" count_in_map="1" count_in_player="0" crafted="1" deloot="0"/>
    <category name="weapons"/>
  </type>
  <type name="AK_Suppressor">
    <nominal>2</nominal>
    <lifetime>9800</lifetime>
    <restock>1800</restock>
    <min>1</min>
    <quantmin>-1</quantmin>
    <quantmax>-1</quantmax>
    <cost>100</cost>
    <flags count_in_cargo="0" count_in_hoarder="0" count_in_map="1" count_in_player="0" crafted="0" deloot="0"/>
    <category name="weapons"/>
    <tag name="shelves"/>
    <usage name="ContaminatedArea"/>
  </type>
  <type name="AK_WoodBttstck">
    <nominal>5</nominal>
    <lifetime>14400</lifetime>
    <restock>0</restock>
    <min>2</min>
    <quantmin>-1</quantmin>
    <quantmax>-1</quantmax>
    <cost>100</cost>
    <flags count_in_cargo="0" count_in_hoarder="0" count_in_map="1" count_in_player="0" crafted="0" deloot="0"/>
    <category name="weapons"/>
    <usage name="Military"/>
  </type>
  <type name="AK_WoodBttstck_Black">
    <nominal>0</nominal>
    <lifetime>14400</lifetime>
    <restock>0</restock>
    <min>0</min>
    <quantmin>-1</quantmin>
    <quantmax>-1</quantmax>
    <cost>100</cost>
    <flags count_in_cargo="0" count_in_hoarder="0" count_in_map="1" count_in_player="0" crafted="1" deloot="0"/>
    <category name="weapons"/>
  </type>
  <type name="AK_WoodBttstck_Camo">
    <nominal>0</nominal>
    <lifetime>14400</lifetime>
    <restock>0</restock>
    <min>0</min>
    <quantmin>-1</quantmin>
    <quantmax>-1</quantmax>
    <cost>100</cost>
    <flags count_in_cargo="0" count_in_hoarder="0" count_in_map="1" count_in_player="0" crafted="1" deloot="0"/>
    <category name="weapons"/>
  </type>
  <type name="AK_WoodHndgrd">
    <nominal>5</nominal>
    <lifetime>14400</lifetime>
    <restock>0</restock>
    <min>2</min>
    <quantmin>-1</quantmin>
    <quantmax>-1</quantmax>
    <cost>100</cost>
    <flags count_in_cargo="0" count_in_hoarder="0" count_in_map="1" count_in_player="0" crafted="0" deloot="0"/>
    <category name="weapons"/>
    <usage name="Military"/>
  </type>
  <type name="AK_WoodHndgrd_Black">
    <nominal>0</nominal>
    <lifetime>14400</lifetime>
    <restock>0</restock>
    <min>0</min>
    <quantmin>-1</quantmin>
    <quantmax>-1</quantmax>
    <cost>100</cost>
    <flags count_in_cargo="0" count_in_hoarder="0" count_in_map="1" count_in_player="0" crafted="1" deloot="0"/>
    <category name="weapons"/>
  </type>
  <type name="AK_WoodHndgrd_Camo">
    <nominal>0</nominal>
    <lifetime>14400</lifetime>
    <restock>0</restock>
    <min>0</min>
    <quantmin>-1</quantmin>
    <quantmax>-1</quantmax>
    <cost>100</cost>
    <flags count_in_cargo="0" count_in_hoarder="0" count_in_map="1" count_in_player="0" crafted="1" deloot="0"/>
    <category name="weapons"/>
  </type>
  <type name="ASVAL">
    <nominal>0</nominal>
    <lifetime>28800</lifetime>
    <restock>3600</restock>
    <min>0</min>
    <quantmin>30</quantmin>
    <quantmax>80</quantmax>
    <cost>100</cost>
    <flags count_in_cargo="0" count_in_hoarder="0" count_in_map="1" count_in_player="0" crafted="0" deloot="0"/>
    <category name="weapons"/>
    <usage name="Military"/>
    <value name="Tier4"/>
  </type>
  <type name="Aug">
    <nominal>1</nominal>
    <lifetime>7200</lifetime>
    <restock>3600</restock>
    <min>1</min>
    <quantmin>30</quantmin>
    <quantmax>80</quantmax>
    <cost>100</cost>
    <flags count_in_cargo="0" count_in_hoarder="0" count_in_map="1" count_in_player="0" crafted="0" deloot="0"/>
    <category name="weapons"/>
    <usage name="ContaminatedArea"/>
  </type>
  <type name="AugShort">
    <nominal>2</nominal>
    <lifetime>28800</lifetime>
    <restock>0</restock>
    <min>1</min>
    <quantmin>30</quantmin>
    <quantmax>80</quantmax>
    <cost>100</cost>
    <flags count_in_cargo="0" count_in_hoarder="0" count_in_map="1" count_in_player="0" crafted="0" deloot="1"/>
    <category name="weapons"/>
    <usage name="Military"/>
  </type>
  <type name="B95">
    <nominal>25</nominal>
    <lifetime>28800</lifetime>
    <restock>0</restock>
    <min>17</min>
    <quantmin>0</quantmin>
    <quantmax>75</quantmax>
    <cost>100</cost>
    <flags count_in_cargo="0" count_in_hoarder="0" count_in_map="1" count_in_player="0" crafted="0" deloot="0"/>
    <category name="weapons"/>
    <usage name="Hunting"/>
    <value name="Tier2"/>
    <value name="Tier3"/>
    <value name="Tier4"/>
  </type>
  <type name="BUISOptic">
    <nominal>10</nominal>
    <lifetime>28800</lifetime>
    <restock>0</restock>
    <min>5</min>
    <quantmin>-1</quantmin>
    <quantmax>-1</quantmax>
    <cost>100</cost>
    <flags count_in_cargo="0" count_in_hoarder="0" count_in_map="1" count_in_player="0" crafted="0" deloot="0"/>
    <category name="weapons"/>
    <usage name="Military"/>
    <value name="Tier2"/>
    <value name="Tier3"/>
    <value name="Tier4"/>
  </type>
  <type name="CZ527">
    <nominal>45</nominal>
    <lifetime>28800</lifetime>
    <restock>0</restock>
    <min>30</min>
    <quantmin>30</quantmin>
    <quantmax>80</quantmax>
    <cost>100</cost>
    <flags count_in_cargo="0" count_in_hoarder="0" count_in_map="1" count_in_player="0" crafted="0" deloot="0"/>
    <category name="weapons"/>
    <usage name="Farm"/>
    <usage name="Village"/>
    <usage name="Hunting"/>
    <value name="Tier1"/>
    <value name="Tier2"/>
    <value name="Tier3"/>
  </type>
  <type name="CZ550">
    <nominal>5</nominal>
    <lifetime>28800</lifetime>
    <restock>0</restock>
    <min>3</min>
    <quantmin>30</quantmin>
    <quantmax>80</quantmax>
    <cost>100</cost>
    <flags count_in_cargo="0" count_in_hoarder="0" count_in_map="1" count_in_player="0" crafted="0" deloot="0"/>
    <category name="weapons"/>
    <usage name="Hunting"/>
    <value name="Tier3"/>
    <value name="Tier4"/>
  </type>
  <type name="CZ61">
    <nominal>20</nominal>
    <lifetime>7200</lifetime>
    <restock>0</restock>
    <min>10</min>
    <quantmin>30</quantmin>
    <quantmax>80</quantmax>
    <cost>100</cost>
    <flags count_in_cargo="0" count_in_hoarder="0" count_in_map="1" count_in_player="0" crafted="0" deloot="0"/>
    <category name="weapons"/>
    <usage name="Police"/>
    <value name="Tier2"/>
    <value name="Tier3"/>
    <value name="Tier4"/>
  </type>
  <type name="CZ75">
    <nominal>60</nominal>
    <lifetime>28800</lifetime>
    <restock>0</restock>
    <min>40</min>
    <quantmin>30</quantmin>
    <quantmax>80</quantmax>
    <cost>100</cost>
    <flags count_in_cargo="0" count_in_hoarder="0" count_in_map="1" count_in_player="0" crafted="0" deloot="0"/>
    <category name="weapons"/>
    <usage name="Police"/>
    <usage name="Village"/>
    <value name="Tier1"/>
    <value name="Tier2"/>
    <value name="Tier3"/>
  </type>
  <type name="Colt1911">
    <nominal>26</nominal>
    <lifetime>14400</lifetime>
    <restock>0</restock>
    <min>22</min>
    <quantmin>30</quantmin>
    <quantmax>80</quantmax>
    <cost>100</cost>
    <flags count_in_cargo="0" count_in_hoarder="0" count_in_map="1" count_in_player="0" crafted="0" deloot="0"/>
    <category name="weapons"/>
    <usage name="Military"/>
    <value name="Tier1"/>
    <value name="Tier2"/>
    <value name="Tier3"/>
  </type>
  <type name="Crossbow_Autumn">
    <nominal>5</nominal>
    <lifetime>14400</lifetime>
    <restock>0</restock>
    <min>3</min>
    <quantmin>30</quantmin>
    <quantmax>80</quantmax>
    <cost>100</cost>
    <flags count_in_cargo="0" count_in_hoarder="0" count_in_map="1" count_in_player="0" crafted="0" deloot="0"/>
    <category name="weapons"/>
    <usage name="Hunting"/>
  </type>
  <type name="Crossbow_Black">
    <nominal>5</nominal>
    <lifetime>14400</lifetime>
    <restock>0</restock>
    <min>3</min>
    <quantmin>30</quantmin>
    <quantmax>80</quantmax>
    <cost>100</cost>
    <flags count_in_cargo="0" count_in_hoarder="0" count_in_map="1" count_in_player="0" crafted="0" deloot="0"/>
    <category name="weapons"/>
    <usage name="Town"/>
  </type>
  <type name="Crossbow_Summer">
    <nominal>0</nominal>
    <lifetime>14400</lifetime>
    <restock>0</restock>
    <min>0</min>
    <quantmin>30</quantmin>
    <quantmax>80</quantmax>
    <cost>100</cost>
    <flags count_in_cargo="0" count_in_hoarder="0" count_in_map="1" count_in_player="0" crafted="0" deloot="0"/>
    <category name="weapons"/>
    <usage name="Hunting"/>
  </type>
  <type name="Crossbow_Wood">
    <nominal>3</nominal>
    <lifetime>14400</lifetime>
    <restock>0</restock>
    <min>1</min>
    <quantmin>30</quantmin>
    <quantmax>80</quantmax>
    <cost>100</cost>
    <flags count_in_cargo="0" count_in_hoarder="0" count_in_map="1" count_in_player="0" crafted="0" deloot="0"/>
    <category name="weapons"/>
    <usage name="Farm"/>
  </type>
  <type name="Deagle">
    <nominal>25</nominal>
    <lifetime>28800</lifetime>
    <restock>0</restock>
    <min>15</min>
    <quantmin>30</quantmin>
    <quantmax>80</quantmax>
    <cost>100</cost>
    <flags count_in_cargo="0" count_in_hoarder="0" count_in_map="1" count_in_player="0" crafted="0" deloot="0"/>
    <category name="weapons"/>
    <usage name="Town"/>
  </type>
  <type name="Deagle_Gold">
    <nominal>5</nominal>
    <lifetime>28800</lifetime>
    <restock>0</restock>
    <min>2</min>
    <quantmin>30</quantmin>
    <quantmax>80</quantmax>
    <cost>100</cost>
    <flags count_in_cargo="0" count_in_hoarder="0" count_in_map="1" count_in_player="1" crafted="0" deloot="0"/>
    <category name="weapons"/>
    <usage name="Town"/>
  </type>
  <type name="Derringer_Black">
    <nominal>0</nominal>
    <lifetime>14400</lifetime>
    <restock>0</restock>
    <min>0</min>
    <quantmin>50</quantmin>
    <quantmax>100</quantmax>
    <cost>100</cost>
    <flags count_in_cargo="0" count_in_hoarder="0" count_in_map="1" count_in_player="0" crafted="0" deloot="0"/>
    <category name="weapons"/>
    <value name="Tier1"/>
    <value name="Tier2"/>
  </type>
  <type name="Derringer_Grey">
    <nominal>20</nominal>
    <lifetime>14400</lifetime>
    <restock>0</restock>
    <min>15</min>
    <quantmin>50</quantmin>
    <quantmax>100</quantmax>
    <cost>100</cost>
    <flags count_in_cargo="0" count_in_hoarder="0" count_in_map="1" count_in_player="0" crafted="0" deloot="0"/>
    <category name="weapons"/>
    <usage name="Town"/>
    <value name="Tier1"/>
    <value name="Tier2"/>
  </type>
  <type name="Derringer_Pink">
    <nominal>0</nominal>
    <lifetime>14400</lifetime>
    <restock>0</restock>
    <min>0</min>
    <quantmin>50</quantmin>
    <quantmax>100</quantmax>
    <cost>100</cost>
    <flags count_in_cargo="0" count_in_hoarder="0" count_in_map="1" count_in_player="0" crafted="0" deloot="0"/>
    <category name="weapons"/>
    <value name="Tier1"/>
    <value name="Tier2"/>
  </type>
  <type name="Engraved1911">
    <nominal>5</nominal>
    <lifetime>14400</lifetime>
    <restock>0</restock>
    <min>2</min>
    <quantmin>30</quantmin>
    <quantmax>80</quantmax>
    <cost>100</cost>
    <flags count_in_cargo="0" count_in_hoarder="0" count_in_map="1" count_in_player="0" crafted="0" deloot="0"/>
    <category name="weapons"/>
    <usage name="Military"/>
    <value name="Tier1"/>
    <value name="Tier2"/>
    <value name="Tier3"/>
  </type>
  <type name="FAL">
    <nominal>3</nominal>
    <lifetime>28800</lifetime>
    <restock>0</restock>
    <min>1</min>
    <quantmin>30</quantmin>
    <quantmax>80</quantmax>
    <cost>100</cost>
    <flags count_in_cargo="0" count_in_hoarder="0" count_in_map="1" count_in_player="0" crafted="0" deloot="0"/>
    <category name="weapons"/>
    <usage name="Underground"/>
    <value name="Tier5"/>
  </type>
  <type name="FAMAS">
    <nominal>2</nominal>
    <lifetime>28800</lifetime>
    <restock>0</restock>
    <min>1</min>
    <quantmin>30</quantmin>
    <quantmax>80</quantmax>
    <cost>100</cost>
    <flags count_in_cargo="0" count_in_hoarder="0" count_in_map="1" count_in_player="0" crafted="0" deloot="1"/>
    <category name="weapons"/>
    <usage name="Military"/>
  </type>
  <type name="FNP45_MRDSOptic">
    <nominal>10</nominal>
    <lifetime>14400</lifetime>
    <restock>0</restock>
    <min>5</min>
    <quantmin>-1</quantmin>
    <quantmax>-1</quantmax>
    <cost>100</cost>
    <flags count_in_cargo="0" count_in_hoarder="0" count_in_map="1" count_in_player="0" crafted="0" deloot="0"/>
    <category name="weapons"/>
    <usage name="Military"/>
    <value name="Tier3"/>
    <value name="Tier4"/>
  </type>
  <type name="FNX45">
    <nominal>25</nominal>
    <lifetime>28800</lifetime>
    <restock>0</restock>
    <min>21</min>
    <quantmin>30</quantmin>
    <quantmax>80</quantmax>
    <cost>100</cost>
    <flags count_in_cargo="0" count_in_hoarder="0" count_in_map="1" count_in_player="0" crafted="0" deloot="0"/>
    <category name="weapons"/>
    <usage name="Military"/>
    <value name="Tier2"/>
    <value name="Tier3"/>
    <value name="Tier4"/>
  </type>
  <type name="Fal_FoldingBttstck">
    <nominal>5</nominal>
    <lifetime>14400</lifetime>
    <restock>0</restock>
    <min>2</min>
    <quantmin>-1</quantmin>
    <quantmax>-1</quantmax>
    <cost>100</cost>
    <flags count_in_cargo="0" count_in_hoarder="0" count_in_map="1" count_in_player="0" crafted="0" deloot="0"/>
    <category name="weapons"/>
    <usage name="ContaminatedArea"/>
  </type>
  <type name="Fal_OeBttstck">
    <nominal>5</nominal>
    <lifetime>14400</lifetime>
    <restock>0</restock>
    <min>2</min>
    <quantmin>-1</quantmin>
    <quantmax>-1</quantmax>
    <cost>100</cost>
    <flags count_in_cargo="0" count_in_hoarder="0" count_in_map="1" count_in_player="0" crafted="0" deloot="0"/>
    <category name="weapons"/>
    <usage name="ContaminatedArea"/>
  </type>
  <type name="Flaregun">
    <nominal>25</nominal>
    <lifetime>14400</lifetime>
    <restock>0</restock>
    <min>10</min>
    <quantmin>-1</quantmin>
    <quantmax>-1</quantmax>
    <cost>100</cost>
    <flags count_in_cargo="0" count_in_hoarder="0" count_in_map="1" count_in_player="0" crafted="0" deloot="0"/>
    <category name="weapons"/>
    <usage name="Military"/>
    <usage name="Police"/>
    <usage name="Medic"/>
    <usage name="Firefighter"/>
    <usage name="Coast"/>
  </type>
  <type name="Glock19">
    <nominal>40</nominal>
    <lifetime>7200</lifetime>
    <restock>0</restock>
    <min>20</min>
    <quantmin>30</quantmin>
    <quantmax>80</quantmax>
    <cost>100</cost>
    <flags count_in_cargo="0" count_in_hoarder="0" count_in_map="1" count_in_player="0" crafted="0" deloot="0"/>
    <category name="weapons"/>
    <tag name="shelves"/>
    <usage name="Police"/>
  </type>
  <type name="HuntingOptic">
    <nominal>15</nominal>
    <lifetime>14400</lifetime>
    <restock>0</restock>
    <min>8</min>
    <quantmin>-1</quantmin>
    <quantmax>-1</quantmax>
    <cost>100</cost>
    <flags count_in_cargo="0" count_in_hoarder="0" count_in_map="1" count_in_player="0" crafted="0" deloot="0"/>
    <category name="weapons"/>
    <tag name="floor"/>
    <usage name="Hunting"/>
    <value name="Tier2"/>
    <value name="Tier3"/>
    <value name="Tier4"/>
  </type>
  <type name="Iceaxe">
    <nominal>0</nominal>
    <lifetime>14400</lifetime>
    <restock>0</restock>
    <min>0</min>
    <quantmin>-1</quantmin>
    <quantmax>-1</quantmax>
    <cost>100</cost>
    <flags count_in_cargo="0" count_in_hoarder="0" count_in_map="1" count_in_player="0" crafted="0" deloot="0"/>
    <category name="weapons"/>
  </type>
  <type name="ImprovisedSuppressor">
    <nominal>0</nominal>
    <lifetime>14400</lifetime>
    <restock>0</restock>
    <min>0</min>
    <quantmin>-1</quantmin>
    <quantmax>-1</quantmax>
    <cost>100</cost>
    <flags count_in_cargo="0" count_in_hoarder="0" count_in_map="1" count_in_player="0" crafted="1" deloot="0"/>
    <category name="weapons"/>
  </type>
  <type name="Izh18">
    <nominal>60</nominal>
    <lifetime>14400</lifetime>
    <restock>0</restock>
    <min>50</min>
    <quantmin>30</quantmin>
    <quantmax>80</quantmax>
    <cost>100</cost>
    <flags count_in_cargo="0" count_in_hoarder="0" count_in_map="1" count_in_player="0" crafted="0" deloot="0"/>
    <category name="weapons"/>
    <usage name="Farm"/>
    <usage name="Village"/>
    <value name="Tier1"/>
    <value name="Tier2"/>
  </type>
  <type name="Izh18Shotgun">
    <nominal>65</nominal>
    <lifetime>14400</lifetime>
    <restock>0</restock>
    <min>45</min>
    <quantmin>30</quantmin>
    <quantmax>80</quantmax>
    <cost>100</cost>
    <flags count_in_cargo="0" count_in_hoarder="0" count_in_map="1" count_in_player="0" crafted="0" deloot="0"/>
    <category name="weapons"/>
    <usage name="Farm"/>
    <usage name="Town"/>
    <usage name="Village"/>
    <value name="Tier1"/>
    <value name="Tier2"/>
  </type>
  <type name="Izh43Shotgun">
    <nominal>50</nominal>
    <lifetime>14400</lifetime>
    <restock>0</restock>
    <min>40</min>
    <quantmin>50</quantmin>
    <quantmax>100</quantmax>
    <cost>100</cost>
    <flags count_in_cargo="0" count_in_hoarder="0" count_in_map="1" count_in_player="0" crafted="0" deloot="0"/>
    <category name="weapons"/>
    <usage name="Farm"/>
    <usage name="Village"/>
    <value name="Tier1"/>
    <value name="Tier2"/>
    <value name="Tier3"/>
  </type>
  <type name="KashtanOptic">
    <nominal>15</nominal>
    <lifetime>28800</lifetime>
    <restock>1800</restock>
    <min>8</min>
    <quantmin>-1</quantmin>
    <quantmax>-1</quantmax>
    <cost>100</cost>
    <flags count_in_cargo="0" count_in_hoarder="0" count_in_map="1" count_in_player="0" crafted="0" deloot="0"/>
    <category name="weapons"/>
    <usage name="Military"/>
  </type>
  <type name="KazuarOptic">
    <nominal>1</nominal>
    <lifetime>5400</lifetime>
    <restock>3600</restock>
    <min>1</min>
    <quantmin>-1</quantmin>
    <quantmax>-1</quantmax>
    <cost>100</cost>
    <flags count_in_cargo="0" count_in_hoarder="0" count_in_map="1" count_in_player="0" crafted="0" deloot="0"/>
    <category name="weapons"/>
    <tag name="shelves"/>
    <usage name="ContaminatedArea"/>
  </type>
  <type name="KobraOptic">
    <nominal>15</nominal>
    <lifetime>14400</lifetime>
    <restock>1800</restock>
    <min>8</min>
    <quantmin>-1</quantmin>
    <quantmax>-1</quantmax>
    <cost>100</cost>
    <flags count_in_cargo="0" count_in_hoarder="0" count_in_map="1" count_in_player="0" crafted="0" deloot="0"/>
    <category name="weapons"/>
    <usage name="Military"/>
  </type>
  <type name="Longhorn">
    <nominal>15</nominal>
    <lifetime>28800</lifetime>
    <restock>0</restock>
    <min>10</min>
    <quantmin>30</quantmin>
    <quantmax>80</quantmax>
    <cost>100</cost>
    <flags count_in_cargo="0" count_in_hoarder="0" count_in_map="1" count_in_player="0" crafted="0" deloot="0"/>
    <category name="weapons"/>
    <usage name="Hunting"/>
    <value name="Tier1"/>
    <value name="Tier2"/>
    <value name="Tier3"/>
  </type>
  <type name="M14">
    <nominal>2</nominal>
    <lifetime>14400</lifetime>
    <restock>3600</restock>
    <min>1</min>
    <quantmin>30</quantmin>
    <quantmax>80</quantmax>
    <cost>100</cost>
    <flags count_in_cargo="0" count_in_hoarder="0" count_in_map="1" count_in_player="0" crafted="0" deloot="1"/>
    <category name="weapons"/>
    <usage name="Military"/>
    <value name="Tier4"/>
  </type>
  <type name="M16A2">
    <nominal>2</nominal>
    <lifetime>28800</lifetime>
    <restock>0</restock>
    <min>1</min>
    <quantmin>30</quantmin>
    <quantmax>80</quantmax>
    <cost>100</cost>
    <flags count_in_cargo="0" count_in_hoarder="0" count_in_map="1" count_in_player="0" crafted="0" deloot="1"/>
    <category name="weapons"/>
    <usage name="Military"/>
  </type>
  <type name="M4A1">
    <nominal>1</nominal>
    <lifetime>7200</lifetime>
    <restock>3600</restock>
    <min>1</min>
    <quantmin>30</quantmin>
    <quantmax>80</quantmax>
    <cost>100</cost>
    <flags count_in_cargo="0" count_in_hoarder="0" count_in_map="1" count_in_player="0" crafted="0" deloot="0"/>
    <category name="weapons"/>
    <usage name="ContaminatedArea"/>
  </type>
  <type name="M4A1_Black">
    <nominal>0</nominal>
    <lifetime>28800</lifetime>
    <restock>0</restock>
    <min>0</min>
    <quantmin>-1</quantmin>
    <quantmax>-1</quantmax>
    <cost>100</cost>
    <flags count_in_cargo="0" count_in_hoarder="0" count_in_map="1" count_in_player="0" crafted="1" deloot="0"/>
    <category name="weapons"/>
  </type>
  <type name="M4A1_Green">
    <nominal>0</nominal>
    <lifetime>28800</lifetime>
    <restock>0</restock>
    <min>0</min>
    <quantmin>-1</quantmin>
    <quantmax>-1</quantmax>
    <cost>100</cost>
    <flags count_in_cargo="0" count_in_hoarder="0" count_in_map="1" count_in_player="0" crafted="1" deloot="0"/>
    <category name="weapons"/>
  </type>
  <type name="M4_CQBBttstck">
    <nominal>5</nominal>
    <lifetime>14400</lifetime>
    <restock>0</restock>
    <min>2</min>
    <quantmin>-1</quantmin>
    <quantmax>-1</quantmax>
    <cost>100</cost>
    <flags count_in_cargo="0" count_in_hoarder="0" count_in_map="1" count_in_player="0" crafted="0" deloot="0"/>
    <category name="weapons"/>
    <usage name="Military"/>
  </type>
  <type name="M4_CarryHandleOptic">
    <nominal>5</nominal>
    <lifetime>14400</lifetime>
    <restock>1800</restock>
    <min>2</min>
    <quantmin>-1</quantmin>
    <quantmax>-1</quantmax>
    <cost>100</cost>
    <flags count_in_cargo="0" count_in_hoarder="0" count_in_map="1" count_in_player="0" crafted="0" deloot="0"/>
    <category name="weapons"/>
    <usage name="Military"/>
  </type>
  <type name="M4_MPBttstck">
    <nominal>5</nominal>
    <lifetime>14400</lifetime>
    <restock>0</restock>
    <min>2</min>
    <quantmin>-1</quantmin>
    <quantmax>-1</quantmax>
    <cost>100</cost>
    <flags count_in_cargo="0" count_in_hoarder="0" count_in_map="1" count_in_player="0" crafted="0" deloot="0"/>
    <category name="weapons"/>
    <usage name="Military"/>
  </type>
  <type name="M4_MPHndgrd">
    <nominal>5</nominal>
    <lifetime>14400</lifetime>
    <restock>0</restock>
    <min>2</min>
    <quantmin>-1</quantmin>
    <quantmax>-1</quantmax>
    <cost>100</cost>
    <flags count_in_cargo="0" count_in_hoarder="0" count_in_map="1" count_in_player="0" crafted="0" deloot="0"/>
    <category name="weapons"/>
    <usage name="Military"/>
  </type>
  <type name="M4_OEBttstck">
    <nominal>5</nominal>
    <lifetime>14400</lifetime>
    <restock>0</restock>
    <min>2</min>
    <quantmin>-1</quantmin>
    <quantmax>-1</quantmax>
    <cost>100</cost>
    <flags count_in_cargo="0" count_in_hoarder="0" count_in_map="1" count_in_player="0" crafted="0" deloot="0"/>
    <category name="weapons"/>
    <usage name="Military"/>
  </type>
  <type name="M4_PlasticHndgrd">
    <nominal>5</nominal>
    <lifetime>14400</lifetime>
    <restock>0</restock>
    <min>2</min>
    <quantmin>-1</quantmin>
    <quantmax>-1</quantmax>
    <cost>100</cost>
    <flags count_in_cargo="0" count_in_hoarder="0" count_in_map="1" count_in_player="0" crafted="0" deloot="0"/>
    <category name="weapons"/>
    <usage name="Military"/>
  </type>
  <type name="M4_RISHndgrd">
    <nominal>5</nominal>
    <lifetime>14400</lifetime>
    <restock>0</restock>
    <min>2</min>
    <quantmin>-1</quantmin>
    <quantmax>-1</quantmax>
    <cost>100</cost>
    <flags count_in_cargo="0" count_in_hoarder="0" count_in_map="1" count_in_player="0" crafted="0" deloot="0"/>
    <category name="weapons"/>
    <usage name="Military"/>
  </type>
  <type name="M4_RISHndgrd_Black">
    <nominal>0</nominal>
    <lifetime>14400</lifetime>
    <restock>0</restock>
    <min>0</min>
    <quantmin>-1</quantmin>
    <quantmax>-1</quantmax>
    <cost>100</cost>
    <flags count_in_cargo="0" count_in_hoarder="0" count_in_map="1" count_in_player="0" crafted="1" deloot="0"/>
    <category name="weapons"/>
  </type>
  <type name="M4_RISHndgrd_Green">
    <nominal>0</nominal>
    <lifetime>14400</lifetime>
    <restock>0</restock>
    <min>0</min>
    <quantmin>-1</quantmin>
    <quantmax>-1</quantmax>
    <cost>100</cost>
    <flags count_in_cargo="0" count_in_hoarder="0" count_in_map="1" count_in_player="0" crafted="1" deloot="0"/>
    <category name="weapons"/>
  </type>
  <type name="M4_Suppressor">
    <nominal>2</nominal>
    <lifetime>7200</lifetime>
    <restock>3600</restock>
    <min>1</min>
    <quantmin>-1</quantmin>
    <quantmax>-1</quantmax>
    <cost>100</cost>
    <flags count_in_cargo="0" count_in_hoarder="0" count_in_map="1" count_in_player="0" crafted="0" deloot="0"/>
    <category name="weapons"/>
    <tag name="shelves"/>
    <usage name="ContaminatedArea"/>
  </type>
  <type name="M4_T3NRDSOptic">
    <nominal>10</nominal>
    <lifetime>14400</lifetime>
    <restock>0</restock>
    <min>5</min>
    <quantmin>-1</quantmin>
    <quantmax>-1</quantmax>
    <cost>100</cost>
    <flags count_in_cargo="0" count_in_hoarder="0" count_in_map="1" count_in_player="0" crafted="0" deloot="0"/>
    <category name="weapons"/>
    <usage name="Military"/>
    <value name="Tier3"/>
    <value name="Tier4"/>
  </type>
  <type name="M68Optic">
    <nominal>15</nominal>
    <lifetime>14400</lifetime>
    <restock>1800</restock>
    <min>8</min>
    <quantmin>-1</quantmin>
    <quantmax>-1</quantmax>
    <cost>100</cost>
    <flags count_in_cargo="0" count_in_hoarder="0" count_in_map="1" count_in_player="0" crafted="0" deloot="0"/>
    <category name="weapons"/>
    <usage name="Military"/>
  </type>
  <type name="M79">
    <nominal>3</nominal>
    <lifetime>14400</lifetime>
    <restock>0</restock>
    <min>1</min>
    <quantmin>30</quantmin>
    <quantmax>80</quantmax>
    <cost>100</cost>
    <flags count_in_cargo="0" count_in_hoarder="0" count_in_map="1" count_in_player="0" crafted="0" deloot="0"/>
    <category name="weapons"/>
    <usage name="Military"/>
    <value name="Tier5"/>
  </type>
  <type name="M9A1_Bayonet">
    <nominal>10</nominal>
    <lifetime>28800</lifetime>
    <restock>0</restock>
    <min>5</min>
    <quantmin>-1</quantmin>
    <quantmax>-1</quantmax>
    <cost>100</cost>
    <flags count_in_cargo="0" count_in_hoarder="0" count_in_map="1" count_in_player="0" crafted="0" deloot="0"/>
    <category name="weapons"/>
    <usage name="Military"/>
    <value name="Tier2"/>
    <value name="Tier3"/>
  </type>
  <type name="MKII">
    <nominal>30</nominal>
    <lifetime>14400</lifetime>
    <restock>0</restock>
    <min>20</min>
    <quantmin>30</quantmin>
    <quantmax>80</quantmax>
    <cost>100</cost>
    <flags count_in_cargo="0" count_in_hoarder="0" count_in_map="1" count_in_player="0" crafted="0" deloot="0"/>
    <category name="weapons"/>
    <tag name="shelves"/>
    <usage name="Town"/>
    <usage name="Village"/>
    <value name="Tier1"/>
    <value name="Tier2"/>
    <value name="Tier3"/>
  </type>
  <type name="MP5K">
    <nominal>16</nominal>
    <lifetime>28800</lifetime>
    <restock>1800</restock>
    <min>13</min>
    <quantmin>30</quantmin>
    <quantmax>80</quantmax>
    <cost>100</cost>
    <flags count_in_cargo="0" count_in_hoarder="0" count_in_map="1" count_in_player="0" crafted="0" deloot="0"/>
    <category name="weapons"/>
    <usage name="Military"/>
    <value name="Tier2"/>
  </type>
  <type name="MP5_Compensator">
    <nominal>6</nominal>
    <lifetime>14400</lifetime>
    <restock>0</restock>
    <min>3</min>
    <quantmin>-1</quantmin>
    <quantmax>-1</quantmax>
    <cost>100</cost>
    <flags count_in_cargo="0" count_in_hoarder="0" count_in_map="1" count_in_player="0" crafted="0" deloot="0"/>
    <category name="weapons"/>
    <usage name="Military"/>
  </type>
  <type name="MP5_PlasticHndgrd">
    <nominal>4</nominal>
    <lifetime>14400</lifetime>
    <restock>0</restock>
    <min>2</min>
    <quantmin>-1</quantmin>
    <quantmax>-1</quantmax>
    <cost>100</cost>
    <flags count_in_cargo="0" count_in_hoarder="0" count_in_map="1" count_in_player="0" crafted="0" deloot="0"/>
    <category name="weapons"/>
    <usage name="Military"/>
  </type>
  <type name="MP5_RailHndgrd">
    <nominal>4</nominal>
    <lifetime>14400</lifetime>
    <restock>0</restock>
    <min>2</min>
    <quantmin>-1</quantmin>
    <quantmax>-1</quantmax>
    <cost>100</cost>
    <flags count_in_cargo="0" count_in_hoarder="0" count_in_map="1" count_in_player="0" crafted="0" deloot="0"/>
    <category name="weapons"/>
    <usage name="Military"/>
  </type>
  <type name="MP5k_StockBttstck">
    <nominal>4</nominal>
    <lifetime>14400</lifetime>
    <restock>0</restock>
    <min>2</min>
    <quantmin>-1</quantmin>
    <quantmax>-1</quantmax>
    <cost>100</cost>
    <flags count_in_cargo="0" count_in_hoarder="0" count_in_map="1" count_in_player="0" crafted="0" deloot="0"/>
    <category name="weapons"/>
    <usage name="Military"/>
  </type>
  <type name="Mag_1911_7Rnd">
    <nominal>28</nominal>
    <lifetime>14400</lifetime>
    <restock>0</restock>
    <min>24</min>
    <quantmin>20</quantmin>
    <quantmax>100</quantmax>
    <cost>100</cost>
    <flags count_in_cargo="0" count_in_hoarder="0" count_in_map="1" count_in_player="0" crafted="0" deloot="0"/>
    <category name="weapons"/>
    <usage name="Military"/>
    <value name="Tier1"/>
    <value name="Tier2"/>
    <value name="Tier3"/>
  </type>
  <type name="Mag_AK101_30Rnd">
    <nominal>6</nominal>
    <lifetime>28800</lifetime>
    <restock>0</restock>
    <min>3</min>
    <quantmin>5</quantmin>
    <quantmax>50</quantmax>
    <cost>100</cost>
    <flags count_in_cargo="0" count_in_hoarder="0" count_in_map="1" count_in_player="0" crafted="0" deloot="1"/>
    <category name="weapons"/>
    <usage name="Military"/>
  </type>
  <type name="Mag_AK74_30Rnd">
    <nominal>25</nominal>
    <lifetime>28800</lifetime>
    <restock>0</restock>
    <min>20</min>
    <quantmin>5</quantmin>
    <quantmax>50</quantmax>
    <cost>100</cost>
    <flags count_in_cargo="0" count_in_hoarder="0" count_in_map="1" count_in_player="0" crafted="0" deloot="0"/>
    <category name="weapons"/>
    <usage name="Military"/>
    <value name="Tier3"/>
    <value name="Tier4"/>
  </type>
  <type name="Mag_AK74_45Rnd">
    <nominal>4</nominal>
    <lifetime>5400</lifetime>
    <restock>1800</restock>
    <min>2</min>
    <quantmin>10</quantmin>
    <quantmax>50</quantmax>
    <cost>100</cost>
    <flags count_in_cargo="0" count_in_hoarder="0" count_in_map="1" count_in_player="0" crafted="0" deloot="0"/>
    <category name="weapons"/>
    <usage name="Military"/>
    <value name="Tier4"/>
  </type>
  <type name="Mag_AKM_30Rnd">
    <nominal>4</nominal>
    <lifetime>28800</lifetime>
    <restock>0</restock>
    <min>2</min>
    <quantmin>5</quantmin>
    <quantmax>50</quantmax>
    <cost>100</cost>
    <flags count_in_cargo="0" count_in_hoarder="0" count_in_map="1" count_in_player="0" crafted="0" deloot="0"/>
    <category name="weapons"/>
    <usage name="Military"/>
    <value name="Tier4"/>
  </type>
  <type name="Mag_AKM_Drum75Rnd">
    <nominal>2</nominal>
    <lifetime>28800</lifetime>
    <restock>1800</restock>
    <min>1</min>
    <quantmin>5</quantmin>
    <quantmax>40</quantmax>
    <cost>100</cost>
    <flags count_in_cargo="0" count_in_hoarder="0" count_in_map="1" count_in_player="0" crafted="0" deloot="0"/>
    <category name="weapons"/>
    <usage name="Military"/>
    <value name="Tier4"/>
  </type>
  <type name="Mag_AKM_Palm30Rnd">
    <nominal>4</nominal>
    <lifetime>28800</lifetime>
    <restock>0</restock>
    <min>2</min>
    <quantmin>5</quantmin>
    <quantmax>50</quantmax>
    <cost>100</cost>
    <flags count_in_cargo="0" count_in_hoarder="0" count_in_map="1" count_in_player="0" crafted="0" deloot="0"/>
    <category name="weapons"/>
    <usage name="Military"/>
    <value name="Tier3"/>
    <value name="Tier4"/>
  </type>
  <type name="Mag_Aug_30Rnd">
    <nominal>5</nominal>
    <lifetime>28800</lifetime>
    <restock>1800</restock>
    <min>3</min>
    <quantmin>10</quantmin>
    <quantmax>50</quantmax>
    <cost>100</cost>
    <flags count_in_cargo="0" count_in_hoarder="0" count_in_map="1" count_in_player="0" crafted="0" deloot="1"/>
    <category name="weapons"/>
    <usage name="Military"/>
  </type>
  <type name="Mag_CMAG_10Rnd">
    <nominal>12</nominal>
    <lifetime>28800</lifetime>
    <restock>0</restock>
    <min>10</min>
    <quantmin>10</quantmin>
    <quantmax>100</quantmax>
    <cost>100</cost>
    <flags count_in_cargo="0" count_in_hoarder="0" count_in_map="1" count_in_player="0" crafted="0" deloot="1"/>
    <category name="weapons"/>
    <usage name="Military"/>
  </type>
  <type name="Mag_CMAG_20Rnd">
    <nominal>8</nominal>
    <lifetime>28800</lifetime>
    <restock>0</restock>
    <min>5</min>
    <quantmin>5</quantmin>
    <quantmax>50</quantmax>
    <cost>100</cost>
    <flags count_in_cargo="0" count_in_hoarder="0" count_in_map="1" count_in_player="0" crafted="0" deloot="1"/>
    <category name="weapons"/>
    <usage name="Military"/>
  </type>
  <type name="Mag_CMAG_30Rnd">
    <nominal>5</nominal>
    <lifetime>28800</lifetime>
    <restock>0</restock>
    <min>2</min>
    <quantmin>5</quantmin>
    <quantmax>50</quantmax>
    <cost>100</cost>
    <flags count_in_cargo="0" count_in_hoarder="0" count_in_map="1" count_in_player="0" crafted="0" deloot="0"/>
    <category name="weapons"/>
    <usage name="ContaminatedArea"/>
  </type>
  <type name="Mag_CMAG_40Rnd">
    <nominal>4</nominal>
    <lifetime>7200</lifetime>
    <restock>3600</restock>
    <min>2</min>
    <quantmin>5</quantmin>
    <quantmax>50</quantmax>
    <cost>100</cost>
    <flags count_in_cargo="0" count_in_hoarder="0" count_in_map="1" count_in_player="0" crafted="0" deloot="0"/>
    <category name="weapons"/>
    <usage name="ContaminatedArea"/>
  </type>
  <type name="Mag_CZ527_5rnd">
    <nominal>20</nominal>
    <lifetime>14400</lifetime>
    <restock>0</restock>
    <min>15</min>
    <quantmin>20</quantmin>
    <quantmax>100</quantmax>
    <cost>100</cost>
    <flags count_in_cargo="0" count_in_hoarder="0" count_in_map="1" count_in_player="0" crafted="0" deloot="0"/>
    <category name="weapons"/>
    <usage name="Farm"/>
    <usage name="Village"/>
    <usage name="Hunting"/>
    <value name="Tier1"/>
    <value name="Tier2"/>
    <value name="Tier3"/>
  </type>
  <type name="Mag_CZ550_10Rnd">
    <nominal>8</nominal>
    <lifetime>14400</lifetime>
    <restock>0</restock>
    <min>5</min>
    <quantmin>10</quantmin>
    <quantmax>100</quantmax>
    <cost>100</cost>
    <flags count_in_cargo="0" count_in_hoarder="0" count_in_map="1" count_in_player="0" crafted="0" deloot="0"/>
    <category name="weapons"/>
    <usage name="Hunting"/>
    <value name="Tier3"/>
    <value name="Tier4"/>
  </type>
  <type name="Mag_CZ61_20Rnd">
    <nominal>20</nominal>
    <lifetime>7200</lifetime>
    <restock>0</restock>
    <min>10</min>
    <quantmin>5</quantmin>
    <quantmax>50</quantmax>
    <cost>100</cost>
    <flags count_in_cargo="0" count_in_hoarder="0" count_in_map="1" count_in_player="0" crafted="0" deloot="0"/>
    <category name="weapons"/>
    <usage name="Police"/>
    <value name="Tier2"/>
    <value name="Tier3"/>
    <value name="Tier4"/>
  </type>
  <type name="Mag_CZ75_15Rnd">
    <nominal>60</nominal>
    <lifetime>28800</lifetime>
    <restock>0</restock>
    <min>40</min>
    <quantmin>10</quantmin>
    <quantmax>100</quantmax>
    <cost>100</cost>
    <flags count_in_cargo="0" count_in_hoarder="0" count_in_map="1" count_in_player="0" crafted="0" deloot="0"/>
    <category name="weapons"/>
    <usage name="Police"/>
    <usage name="Village"/>
    <value name="Tier1"/>
    <value name="Tier2"/>
    <value name="Tier3"/>
  </type>
  <type name="Mag_Deagle_9rnd">
    <nominal>30</nominal>
    <lifetime>28800</lifetime>
    <restock>0</restock>
    <min>20</min>
    <quantmin>15</quantmin>
    <quantmax>100</quantmax>
    <cost>100</cost>
    <flags count_in_cargo="0" count_in_hoarder="0" count_in_map="1" count_in_player="0" crafted="0" deloot="0"/>
    <category name="weapons"/>
    <usage name="Town"/>
  </type>
  <type name="Mag_FAL_20Rnd">
    <nominal>9</nominal>
    <lifetime>28800</lifetime>
    <restock>1800</restock>
    <min>6</min>
    <quantmin>5</quantmin>
    <quantmax>50</quantmax>
    <cost>100</cost>
    <flags count_in_cargo="0" count_in_hoarder="0" count_in_map="1" count_in_player="0" crafted="0" deloot="0"/>
    <category name="weapons"/>
    <usage name="ContaminatedArea"/>
  </type>
  <type name="Mag_FAMAS_25Rnd">
    <nominal>5</nominal>
    <lifetime>28800</lifetime>
    <restock>1800</restock>
    <min>3</min>
    <quantmin>10</quantmin>
    <quantmax>50</quantmax>
    <cost>100</cost>
    <flags count_in_cargo="0" count_in_hoarder="0" count_in_map="1" count_in_player="0" crafted="0" deloot="1"/>
    <category name="weapons"/>
    <usage name="Military"/>
  </type>
  <type name="Mag_FNX45_15Rnd">
    <nominal>30</nominal>
    <lifetime>28800</lifetime>
    <restock>0</restock>
    <min>26</min>
    <quantmin>10</quantmin>
    <quantmax>100</quantmax>
    <cost>100</cost>
    <flags count_in_cargo="0" count_in_hoarder="0" count_in_map="1" count_in_player="0" crafted="0" deloot="0"/>
    <category name="weapons"/>
    <usage name="Military"/>
    <value name="Tier2"/>
    <value name="Tier3"/>
    <value name="Tier4"/>
  </type>
  <type name="Mag_Glock_15Rnd">
    <nominal>20</nominal>
    <lifetime>7200</lifetime>
    <restock>0</restock>
    <min>15</min>
    <quantmin>10</quantmin>
    <quantmax>100</quantmax>
    <cost>100</cost>
    <flags count_in_cargo="0" count_in_hoarder="0" count_in_map="1" count_in_player="0" crafted="0" deloot="0"/>
    <category name="weapons"/>
    <usage name="Police"/>
  </type>
  <type name="Mag_IJ70_8Rnd">
    <nominal>70</nominal>
    <lifetime>28800</lifetime>
    <restock>0</restock>
    <min>50</min>
    <quantmin>10</quantmin>
    <quantmax>100</quantmax>
    <cost>100</cost>
    <flags count_in_cargo="0" count_in_hoarder="0" count_in_map="1" count_in_player="0" crafted="0" deloot="0"/>
    <category name="weapons"/>
    <usage name="Town"/>
    <usage name="Village"/>
    <value name="Tier1"/>
    <value name="Tier2"/>
  </type>
  <type name="Mag_M14_10Rnd">
    <nominal>6</nominal>
    <lifetime>14400</lifetime>
    <restock>0</restock>
    <min>3</min>
    <quantmin>30</quantmin>
    <quantmax>90</quantmax>
    <cost>100</cost>
    <flags count_in_cargo="0" count_in_hoarder="0" count_in_map="1" count_in_player="0" crafted="0" deloot="0"/>
    <category name="weapons"/>
    <usage name="Military"/>
    <value name="Tier4"/>
  </type>
  <type name="Mag_M14_20Rnd">
    <nominal>4</nominal>
    <lifetime>14400</lifetime>
    <restock>0</restock>
    <min>2</min>
    <quantmin>30</quantmin>
    <quantmax>90</quantmax>
    <cost>100</cost>
    <flags count_in_cargo="0" count_in_hoarder="0" count_in_map="1" count_in_player="0" crafted="0" deloot="0"/>
    <category name="weapons"/>
    <usage name="Military"/>
    <value name="Tier4"/>
  </type>
  <type name="Mag_MKII_10Rnd">
    <nominal>30</nominal>
    <lifetime>14400</lifetime>
    <restock>0</restock>
    <min>20</min>
    <quantmin>20</quantmin>
    <quantmax>100</quantmax>
    <cost>100</cost>
    <flags count_in_cargo="0" count_in_hoarder="0" count_in_map="1" count_in_player="0" crafted="0" deloot="0"/>
    <category name="weapons"/>
    <usage name="Town"/>
    <usage name="Village"/>
    <value name="Tier1"/>
    <value name="Tier2"/>
    <value name="Tier3"/>
  </type>
  <type name="Mag_MP5_15Rnd">
    <nominal>16</nominal>
    <lifetime>28800</lifetime>
    <restock>0</restock>
    <min>13</min>
    <quantmin>10</quantmin>
    <quantmax>50</quantmax>
    <cost>100</cost>
    <flags count_in_cargo="0" count_in_hoarder="0" count_in_map="1" count_in_player="0" crafted="0" deloot="0"/>
    <category name="weapons"/>
    <usage name="Military"/>
    <value name="Tier2"/>
    <value name="Tier3"/>
  </type>
  <type name="Mag_MP5_30Rnd">
    <nominal>10</nominal>
    <lifetime>28800</lifetime>
    <restock>0</restock>
    <min>7</min>
    <quantmin>5</quantmin>
    <quantmax>50</quantmax>
    <cost>100</cost>
    <flags count_in_cargo="0" count_in_hoarder="0" count_in_map="1" count_in_player="0" crafted="0" deloot="0"/>
    <category name="weapons"/>
    <usage name="Military"/>
    <value name="Tier2"/>
    <value name="Tier3"/>
  </type>
  <type name="Mag_P1_8Rnd">
    <nominal>35</nominal>
    <lifetime>14400</lifetime>
    <restock>0</restock>
    <min>25</min>
    <quantmin>25</quantmin>
    <quantmax>100</quantmax>
    <cost>100</cost>
    <flags count_in_cargo="0" count_in_hoarder="0" count_in_map="1" count_in_player="0" crafted="0" deloot="0"/>
    <category name="weapons"/>
    <usage name="Town"/>
    <usage name="Village"/>
    <value name="Tier1"/>
    <value name="Tier2"/>
  </type>
  <type name="Mag_PP19_64Rnd">
    <nominal>12</nominal>
    <lifetime>28800</lifetime>
    <restock>3600</restock>
    <min>9</min>
    <quantmin>10</quantmin>
    <quantmax>50</quantmax>
    <cost>100</cost>
    <flags count_in_cargo="0" count_in_hoarder="0" count_in_map="1" count_in_player="0" crafted="0" deloot="0"/>
    <category name="weapons"/>
    <usage name="Military"/>
    <value name="Tier2"/>
    <value name="Tier3"/>
  </type>
  <type name="Mag_Ruger1022_15Rnd">
    <nominal>35</nominal>
    <lifetime>28800</lifetime>
    <restock>0</restock>
    <min>20</min>
    <quantmin>10</quantmin>
    <quantmax>100</quantmax>
    <cost>100</cost>
    <flags count_in_cargo="0" count_in_hoarder="0" count_in_map="1" count_in_player="0" crafted="0" deloot="0"/>
    <category name="weapons"/>
    <usage name="Town"/>
    <usage name="Village"/>
    <value name="Tier1"/>
    <value name="Tier2"/>
  </type>
  <type name="Mag_Ruger1022_30Rnd">
    <nominal>30</nominal>
    <lifetime>28800</lifetime>
    <restock>0</restock>
    <min>20</min>
    <quantmin>5</quantmin>
    <quantmax>50</quantmax>
    <cost>100</cost>
    <flags count_in_cargo="0" count_in_hoarder="0" count_in_map="1" count_in_player="0" crafted="0" deloot="0"/>
    <category name="weapons"/>
    <usage name="Town"/>
    <usage name="Village"/>
    <value name="Tier2"/>
    <value name="Tier3"/>
  </type>
  <type name="Mag_SSG82_5rnd">
    <nominal>18</nominal>
    <lifetime>14400</lifetime>
    <restock>0</restock>
    <min>14</min>
    <quantmin>0</quantmin>
    <quantmax>100</quantmax>
    <cost>100</cost>
    <flags count_in_cargo="0" count_in_hoarder="0" count_in_map="1" count_in_player="0" crafted="0" deloot="0"/>
    <category name="weapons"/>
    <usage name="Police"/>
    <value name="Tier3"/>
    <value name="Tier4"/>
  </type>
  <type name="Mag_STANAG_30Rnd">
    <nominal>5</nominal>
    <lifetime>28800</lifetime>
    <restock>0</restock>
    <min>2</min>
    <quantmin>5</quantmin>
    <quantmax>50</quantmax>
    <cost>100</cost>
    <flags count_in_cargo="0" count_in_hoarder="0" count_in_map="1" count_in_player="0" crafted="0" deloot="0"/>
    <category name="weapons"/>
    <usage name="Military"/>
    <value name="Tier3"/>
    <value name="Tier4"/>
  </type>
  <type name="Mag_STANAG_60Rnd">
    <nominal>3</nominal>
    <lifetime>28800</lifetime>
    <restock>1800</restock>
    <min>1</min>
    <quantmin>5</quantmin>
    <quantmax>40</quantmax>
    <cost>100</cost>
    <flags count_in_cargo="0" count_in_hoarder="0" count_in_map="1" count_in_player="0" crafted="0" deloot="0"/>
    <category name="weapons"/>
    <usage name="ContaminatedArea"/>
  </type>
  <type name="Mag_SV98_10Rnd">
    <nominal>6</nominal>
    <lifetime>14400</lifetime>
    <restock>0</restock>
    <min>4</min>
    <quantmin>30</quantmin>
    <quantmax>70</quantmax>
    <cost>100</cost>
    <flags count_in_cargo="0" count_in_hoarder="0" count_in_map="1" count_in_player="0" crafted="0" deloot="0"/>
    <category name="weapons"/>
    <usage name="Military"/>
    <value name="Tier3"/>
  </type>
  <type name="Mag_SVD_10Rnd">
    <nominal>4</nominal>
    <lifetime>28800</lifetime>
    <restock>3600</restock>
    <min>2</min>
    <quantmin>10</quantmin>
    <quantmax>100</quantmax>
    <cost>1000</cost>
    <flags count_in_cargo="0" count_in_hoarder="0" count_in_map="1" count_in_player="0" crafted="0" deloot="0"/>
    <category name="weapons"/>
    <usage name="ContaminatedArea"/>
  </type>
  <type name="Mag_Saiga_5Rnd">
    <nominal>18</nominal>
    <lifetime>14400</lifetime>
    <restock>0</restock>
    <min>16</min>
    <quantmin>20</quantmin>
    <quantmax>100</quantmax>
    <cost>100</cost>
    <flags count_in_cargo="0" count_in_hoarder="0" count_in_map="1" count_in_player="0" crafted="0" deloot="0"/>
    <category name="weapons"/>
    <usage name="Military"/>
    <value name="Tier2"/>
    <value name="Tier3"/>
  </type>
  <type name="Mag_Saiga_8Rnd">
    <nominal>9</nominal>
    <lifetime>14400</lifetime>
    <restock>0</restock>
    <min>7</min>
    <quantmin>20</quantmin>
    <quantmax>100</quantmax>
    <cost>100</cost>
    <flags count_in_cargo="0" count_in_hoarder="0" count_in_map="1" count_in_player="0" crafted="0" deloot="0"/>
    <category name="weapons"/>
    <usage name="Military"/>
    <value name="Tier2"/>
    <value name="Tier3"/>
  </type>
  <type name="Mag_Saiga_Drum20Rnd">
    <nominal>3</nominal>
    <lifetime>14400</lifetime>
    <restock>0</restock>
    <min>1</min>
    <quantmin>20</quantmin>
    <quantmax>40</quantmax>
    <cost>100</cost>
    <flags count_in_cargo="0" count_in_hoarder="0" count_in_map="1" count_in_player="0" crafted="0" deloot="0"/>
    <category name="weapons"/>
    <usage name="Military"/>
    <value name="Tier4"/>
  </type>
  <type name="Mag_Scout_5Rnd">
    <nominal>8</nominal>
    <lifetime>28800</lifetime>
    <restock>0</restock>
    <min>4</min>
    <quantmin>20</quantmin>
    <quantmax>100</quantmax>
    <cost>100</cost>
    <flags count_in_cargo="0" count_in_hoarder="0" count_in_map="1" count_in_player="0" crafted="0" deloot="1"/>
    <category name="weapons"/>
    <usage name="Police"/>
  </type>
  <type name="Mag_UMP_25Rnd">
    <nominal>14</nominal>
    <lifetime>28800</lifetime>
    <restock>0</restock>
    <min>9</min>
    <quantmin>5</quantmin>
    <quantmax>50</quantmax>
    <cost>100</cost>
    <flags count_in_cargo="0" count_in_hoarder="0" count_in_map="1" count_in_player="0" crafted="0" deloot="0"/>
    <category name="weapons"/>
    <usage name="Military"/>
    <value name="Tier2"/>
    <value name="Tier3"/>
  </type>
  <type name="Mag_VAL_20Rnd">
    <nominal>6</nominal>
    <lifetime>28800</lifetime>
    <restock>3600</restock>
    <min>4</min>
    <quantmin>10</quantmin>
    <quantmax>100</quantmax>
    <cost>100</cost>
    <flags count_in_cargo="0" count_in_hoarder="0" count_in_map="1" count_in_player="0" crafted="0" deloot="0"/>
    <category name="weapons"/>
    <usage name="Military"/>
    <value name="Tier3"/>
    <value name="Tier4"/>
  </type>
  <type name="Mag_VSS_10Rnd">
    <nominal>8</nominal>
    <lifetime>28800</lifetime>
    <restock>3600</restock>
    <min>5</min>
    <quantmin>10</quantmin>
    <quantmax>100</quantmax>
    <cost>100</cost>
    <flags count_in_cargo="0" count_in_hoarder="0" count_in_map="1" count_in_player="0" crafted="0" deloot="0"/>
    <category name="weapons"/>
    <usage name="Military"/>
    <value name="Tier3"/>
    <value name="Tier4"/>
  </type>
  <type name="Mag_Vikhr_30Rnd">
    <nominal>4</nominal>
    <lifetime>14400</lifetime>
    <restock>0</restock>
    <min>2</min>
    <quantmin>10</quantmin>
    <quantmax>80</quantmax>
    <cost>100</cost>
    <flags count_in_cargo="0" count_in_hoarder="0" count_in_map="1" count_in_player="0" crafted="0" deloot="0"/>
    <category name="weapons"/>
    <usage name="Military"/>
    <value name="Tier4"/>
  </type>
  <type name="Magnum">
    <nominal>25</nominal>
    <lifetime>28800</lifetime>
    <restock>0</restock>
    <min>20</min>
    <quantmin>30</quantmin>
    <quantmax>80</quantmax>
    <cost>100</cost>
    <flags count_in_cargo="0" count_in_hoarder="0" count_in_map="1" count_in_player="0" crafted="0" deloot="0"/>
    <category name="weapons"/>
    <usage name="Town"/>
  </type>
  <type name="MakarovIJ70">
    <nominal>80</nominal>
    <lifetime>28800</lifetime>
    <restock>0</restock>
    <min>60</min>
    <quantmin>30</quantmin>
    <quantmax>80</quantmax>
    <cost>100</cost>
    <flags count_in_cargo="0" count_in_hoarder="0" count_in_map="1" count_in_player="0" crafted="0" deloot="0"/>
    <category name="weapons"/>
    <tag name="shelves"/>
    <usage name="Town"/>
    <usage name="Village"/>
    <value name="Tier1"/>
    <value name="Tier2"/>
  </type>
  <type name="Mosin9130">
    <nominal>40</nominal>
    <lifetime>28800</lifetime>
    <restock>0</restock>
    <min>35</min>
    <quantmin>30</quantmin>
    <quantmax>80</quantmax>
    <cost>100</cost>
    <flags count_in_cargo="0" count_in_hoarder="0" count_in_map="1" count_in_player="0" crafted="0" deloot="0"/>
    <category name="weapons"/>
    <usage name="Town"/>
    <usage name="Village"/>
    <usage name="Hunting"/>
    <value name="Tier3"/>
    <value name="Tier4"/>
  </type>
  <type name="Mosin9130_Black">
    <nominal>0</nominal>
    <lifetime>28800</lifetime>
    <restock>0</restock>
    <min>0</min>
    <quantmin>30</quantmin>
    <quantmax>80</quantmax>
    <cost>100</cost>
    <flags count_in_cargo="0" count_in_hoarder="0" count_in_map="1" count_in_player="0" crafted="1" deloot="0"/>
    <category name="weapons"/>
  </type>
  <type name="Mosin9130_Camo">
    <nominal>0</nominal>
    <lifetime>28800</lifetime>
    <restock>0</restock>
    <min>0</min>
    <quantmin>-1</quantmin>
    <quantmax>-1</quantmax>
    <cost>100</cost>
    <flags count_in_cargo="0" count_in_hoarder="0" count_in_map="1" count_in_player="0" crafted="1" deloot="0"/>
    <category name="weapons"/>
  </type>
  <type name="Mosin9130_Green">
    <nominal>0</nominal>
    <lifetime>28800</lifetime>
    <restock>0</restock>
    <min>0</min>
    <quantmin>-1</quantmin>
    <quantmax>-1</quantmax>
    <cost>100</cost>
    <flags count_in_cargo="0" count_in_hoarder="0" count_in_map="1" count_in_player="0" crafted="1" deloot="0"/>
    <category name="weapons"/>
  </type>
  <type name="Mosin_Bayonet">
    <nominal>10</nominal>
    <lifetime>28800</lifetime>
    <restock>0</restock>
    <min>5</min>
    <quantmin>-1</quantmin>
    <quantmax>-1</quantmax>
    <cost>100</cost>
    <flags count_in_cargo="0" count_in_hoarder="0" count_in_map="1" count_in_player="0" crafted="0" deloot="0"/>
    <category name="weapons"/>
    <usage name="Military"/>
    <usage name="Farm"/>
    <value name="Tier2"/>
    <value name="Tier3"/>
  </type>
  <type name="Mosin_Compensator">
    <nominal>15</nominal>
    <lifetime>14400</lifetime>
    <restock>0</restock>
    <min>8</min>
    <quantmin>-1</quantmin>
    <quantmax>-1</quantmax>
    <cost>100</cost>
    <flags count_in_cargo="0" count_in_hoarder="0" count_in_map="1" count_in_player="0" crafted="0" deloot="0"/>
    <category name="weapons"/>
    <usage name="Hunting"/>
  </type>
  <type name="Mp133Shotgun">
    <nominal>20</nominal>
    <lifetime>7200</lifetime>
    <restock>0</restock>
    <min>15</min>
    <quantmin>0</quantmin>
    <quantmax>80</quantmax>
    <cost>100</cost>
    <flags count_in_cargo="0" count_in_hoarder="0" count_in_map="1" count_in_player="0" crafted="0" deloot="0"/>
    <category name="weapons"/>
    <usage name="Police"/>
    <value name="Tier2"/>
    <value name="Tier3"/>
    <value name="Tier4"/>
  </type>
  <type name="NVGoggles">
    <nominal>5</nominal>
    <lifetime>28800</lifetime>
    <restock>0</restock>
    <min>3</min>
    <quantmin>-1</quantmin>
    <quantmax>-1</quantmax>
    <cost>100</cost>
    <flags count_in_cargo="0" count_in_hoarder="0" count_in_map="1" count_in_player="1" crafted="0" deloot="1"/>
    <category name="weapons"/>
    <usage name="Military"/>
  </type>
  <type name="P1">
    <nominal>40</nominal>
    <lifetime>28800</lifetime>
    <restock>0</restock>
    <min>30</min>
    <quantmin>30</quantmin>
    <quantmax>80</quantmax>
    <cost>100</cost>
    <flags count_in_cargo="0" count_in_hoarder="0" count_in_map="1" count_in_player="0" crafted="0" deloot="0"/>
    <category name="weapons"/>
    <usage name="Town"/>
    <usage name="Village"/>
    <value name="Tier1"/>
    <value name="Tier2"/>
  </type>
  <type name="PP19">
    <nominal>8</nominal>
    <lifetime>28800</lifetime>
    <restock>3600</restock>
    <min>5</min>
    <quantmin>30</quantmin>
    <quantmax>80</quantmax>
    <cost>100</cost>
    <flags count_in_cargo="0" count_in_hoarder="0" count_in_map="1" count_in_player="0" crafted="0" deloot="0"/>
    <category name="weapons"/>
    <usage name="Military"/>
    <value name="Tier2"/>
    <value name="Tier3"/>
  </type>
  <type name="PP19_Bttstck">
    <nominal>4</nominal>
    <lifetime>14400</lifetime>
    <restock>3600</restock>
    <min>2</min>
    <quantmin>-1</quantmin>
    <quantmax>-1</quantmax>
    <cost>100</cost>
    <flags count_in_cargo="0" count_in_hoarder="0" count_in_map="1" count_in_player="0" crafted="0" deloot="0"/>
    <category name="weapons"/>
    <usage name="Military"/>
  </type>
  <type name="PSO11Optic">
    <nominal>15</nominal>
    <lifetime>28800</lifetime>
    <restock>1800</restock>
    <min>8</min>
    <quantmin>-1</quantmin>
    <quantmax>-1</quantmax>
    <cost>100</cost>
    <flags count_in_cargo="0" count_in_hoarder="0" count_in_map="1" count_in_player="0" crafted="0" deloot="0"/>
    <category name="weapons"/>
    <usage name="Military"/>
    <value name="Tier3"/>
    <value name="Tier4"/>
  </type>
  <type name="PSO1Optic">
    <nominal>15</nominal>
    <lifetime>14400</lifetime>
    <restock>1800</restock>
    <min>8</min>
    <quantmin>-1</quantmin>
    <quantmax>-1</quantmax>
    <cost>100</cost>
    <flags count_in_cargo="0" count_in_hoarder="0" count_in_map="1" count_in_player="0" crafted="0" deloot="0"/>
    <category name="weapons"/>
    <usage name="Military"/>
  </type>
  <type name="PUScopeOptic">
    <nominal>20</nominal>
    <lifetime>14400</lifetime>
    <restock>1800</restock>
    <min>10</min>
    <quantmin>-1</quantmin>
    <quantmax>-1</quantmax>
    <cost>100</cost>
    <flags count_in_cargo="0" count_in_hoarder="0" count_in_map="1" count_in_player="0" crafted="0" deloot="0"/>
    <category name="weapons"/>
    <usage name="Military"/>
    <usage name="Hunting"/>
  </type>
  <type name="PistolOptic">
    <nominal>10</nominal>
    <lifetime>28800</lifetime>
    <restock>1800</restock>
    <min>5</min>
    <quantmin>-1</quantmin>
    <quantmax>-1</quantmax>
    <cost>100</cost>
    <flags count_in_cargo="0" count_in_hoarder="0" count_in_map="1" count_in_player="0" crafted="0" deloot="0"/>
    <category name="weapons"/>
    <usage name="Hunting"/>
    <value name="Tier3"/>
    <value name="Tier4"/>
  </type>
  <type name="PistolSuppressor">
    <nominal>10</nominal>
    <lifetime>14400</lifetime>
    <restock>0</restock>
    <min>5</min>
    <quantmin>-1</quantmin>
    <quantmax>-1</quantmax>
    <cost>100</cost>
    <flags count_in_cargo="0" count_in_hoarder="0" count_in_map="1" count_in_player="0" crafted="0" deloot="0"/>
    <category name="weapons"/>
    <usage name="Military"/>
    <usage name="Police"/>
  </type>
  <type name="ReflexOptic">
    <nominal>20</nominal>
    <lifetime>28800</lifetime>
    <restock>0</restock>
    <min>10</min>
    <quantmin>-1</quantmin>
    <quantmax>-1</quantmax>
    <cost>100</cost>
    <flags count_in_cargo="0" count_in_hoarder="0" count_in_map="1" count_in_player="0" crafted="0" deloot="0"/>
    <category name="weapons"/>
    <usage name="Military"/>
    <value name="Tier1"/>
    <value name="Tier2"/>
    <value name="Tier3"/>
  </type>
  <type name="Repeater">
    <nominal>50</nominal>
    <lifetime>14400</lifetime>
    <restock>0</restock>
    <min>40</min>
    <quantmin>20</quantmin>
    <quantmax>100</quantmax>
    <cost>100</cost>
    <flags count_in_cargo="0" count_in_hoarder="0" count_in_map="1" count_in_player="0" crafted="0" deloot="0"/>
    <category name="weapons"/>
    <usage name="Farm"/>
    <usage name="Village"/>
    <value name="Tier2"/>
    <value name="Tier3"/>
    <value name="Tier4"/>
  </type>
  <type name="Ruger1022">
    <nominal>35</nominal>
    <lifetime>28800</lifetime>
    <restock>0</restock>
    <min>25</min>
    <quantmin>100</quantmin>
    <quantmax>100</quantmax>
    <cost>100</cost>
    <flags count_in_cargo="0" count_in_hoarder="0" count_in_map="1" count_in_player="0" crafted="0" deloot="0"/>
    <category name="weapons"/>
    <usage name="Town"/>
    <usage name="Village"/>
    <value name="Tier1"/>
  </type>
  <type name="SKS">
    <nominal>25</nominal>
    <lifetime>28800</lifetime>
    <restock>0</restock>
    <min>20</min>
    <quantmin>25</quantmin>
    <quantmax>75</quantmax>
    <cost>100</cost>
    <flags count_in_cargo="0" count_in_hoarder="0" count_in_map="1" count_in_player="0" crafted="0" deloot="0"/>
    <category name="weapons"/>
    <usage name="Military"/>
    <value name="Tier3"/>
    <value name="Tier4"/>
  </type>
  <type name="SKS_Bayonet">
    <nominal>10</nominal>
    <lifetime>28800</lifetime>
    <restock>0</restock>
    <min>5</min>
    <quantmin>-1</quantmin>
    <quantmax>-1</quantmax>
    <cost>100</cost>
    <flags count_in_cargo="0" count_in_hoarder="0" count_in_map="1" count_in_player="0" crafted="0" deloot="0"/>
    <category name="weapons"/>
    <usage name="Military"/>
    <value name="Tier2"/>
    <value name="Tier3"/>
    <value name="Tier4"/>
  </type>
  <type name="SSG82">
    <nominal>12</nominal>
    <lifetime>14400</lifetime>
    <restock>0</restock>
    <min>8</min>
    <quantmin>30</quantmin>
    <quantmax>80</quantmax>
    <cost>100</cost>
    <flags count_in_cargo="0" count_in_hoarder="0" count_in_map="1" count_in_player="0" crafted="0" deloot="0"/>
    <category name="weapons"/>
    <usage name="Police"/>
    <value name="Tier3"/>
    <value name="Tier4"/>
  </type>
  <type name="SV98">
    <nominal>3</nominal>
    <lifetime>7200</lifetime>
    <restock>0</restock>
    <min>1</min>
    <quantmin>40</quantmin>
    <quantmax>80</quantmax>
    <cost>100</cost>
    <flags count_in_cargo="0" count_in_hoarder="0" count_in_map="1" count_in_player="0" crafted="0" deloot="0"/>
    <category name="weapons"/>
    <usage name="Military"/>
    <value name="Tier3"/>
  </type>
  <type name="SVD">
    <nominal>1</nominal>
    <lifetime>7200</lifetime>
    <restock>3600</restock>
    <min>1</min>
    <quantmin>30</quantmin>
    <quantmax>80</quantmax>
    <cost>100</cost>
    <flags count_in_cargo="0" count_in_hoarder="0" count_in_map="1" count_in_player="0" crafted="0" deloot="0"/>
    <category name="weapons"/>
    <usage name="Underground"/>
    <value name="Tier5"/>
  </type>
  <type name="Saiga">
    <nominal>12</nominal>
    <lifetime>28800</lifetime>
    <restock>0</restock>
    <min>9</min>
    <quantmin>30</quantmin>
    <quantmax>80</quantmax>
    <cost>100</cost>
    <flags count_in_cargo="0" count_in_hoarder="0" count_in_map="1" count_in_player="0" crafted="0" deloot="0"/>
    <category name="weapons"/>
    <usage name="Military"/>
    <value name="Tier2"/>
    <value name="Tier3"/>
  </type>
  <type name="Saiga_Bttstck">
    <nominal>5</nominal>
    <lifetime>28800</lifetime>
    <restock>0</restock>
    <min>2</min>
    <quantmin>-1</quantmin>
    <quantmax>-1</quantmax>
    <cost>100</cost>
    <flags count_in_cargo="0" count_in_hoarder="0" count_in_map="1" count_in_player="0" crafted="0" deloot="0"/>
    <category name="weapons"/>
    <usage name="Military"/>
  </type>
  <type name="SawedoffB95">
    <nominal>0</nominal>
    <lifetime>14400</lifetime>
    <restock>0</restock>
    <min>0</min>
    <quantmin>-1</quantmin>
    <quantmax>-1</quantmax>
    <cost>100</cost>
    <flags count_in_cargo="0" count_in_hoarder="0" count_in_map="1" count_in_player="0" crafted="1" deloot="0"/>
    <category name="weapons"/>
  </type>
  <type name="SawedoffFAMAS">
    <nominal>0</nominal>
    <lifetime>14400</lifetime>
    <restock>0</restock>
    <min>0</min>
    <quantmin>-1</quantmin>
    <quantmax>-1</quantmax>
    <cost>100</cost>
    <flags count_in_cargo="0" count_in_hoarder="0" count_in_map="1" count_in_player="0" crafted="1" deloot="0"/>
    <category name="weapons"/>
  </type>
  <type name="SawedoffIzh18">
    <nominal>0</nominal>
    <lifetime>14400</lifetime>
    <restock>0</restock>
    <min>0</min>
    <quantmin>-1</quantmin>
    <quantmax>-1</quantmax>
    <cost>100</cost>
    <flags count_in_cargo="0" count_in_hoarder="0" count_in_map="1" count_in_player="0" crafted="1" deloot="0"/>
    <category name="weapons"/>
  </type>
  <type name="SawedoffIzh18Shotgun">
    <nominal>0</nominal>
    <lifetime>14400</lifetime>
    <restock>0</restock>
    <min>0</min>
    <quantmin>-1</quantmin>
    <quantmax>-1</quantmax>
    <cost>100</cost>
    <flags count_in_cargo="0" count_in_hoarder="0" count_in_map="1" count_in_player="0" crafted="1" deloot="0"/>
    <category name="weapons"/>
  </type>
  <type name="SawedoffIzh43Shotgun">
    <nominal>0</nominal>
    <lifetime>14400</lifetime>
    <restock>0</restock>
    <min>0</min>
    <quantmin>-1</quantmin>
    <quantmax>-1</quantmax>
    <cost>100</cost>
    <flags count_in_cargo="0" count_in_hoarder="0" count_in_map="1" count_in_player="0" crafted="1" deloot="0"/>
    <category name="weapons"/>
  </type>
  <type name="SawedoffMagnum">
    <nominal>0</nominal>
    <lifetime>14400</lifetime>
    <restock>0</restock>
    <min>0</min>
    <quantmin>-1</quantmin>
    <quantmax>-1</quantmax>
    <cost>100</cost>
    <flags count_in_cargo="0" count_in_hoarder="0" count_in_map="1" count_in_player="0" crafted="1" deloot="0"/>
    <category name="weapons"/>
  </type>
  <type name="SawedoffMosin9130">
    <nominal>0</nominal>
    <lifetime>14400</lifetime>
    <restock>0</restock>
    <min>0</min>
    <quantmin>-1</quantmin>
    <quantmax>-1</quantmax>
    <cost>100</cost>
    <flags count_in_cargo="0" count_in_hoarder="0" count_in_map="1" count_in_player="0" crafted="1" deloot="0"/>
    <category name="weapons"/>
  </type>
  <type name="SawedoffMosin9130_Black">
    <nominal>0</nominal>
    <lifetime>14400</lifetime>
    <restock>0</restock>
    <min>0</min>
    <quantmin>-1</quantmin>
    <quantmax>-1</quantmax>
    <cost>100</cost>
    <flags count_in_cargo="0" count_in_hoarder="0" count_in_map="1" count_in_player="0" crafted="1" deloot="0"/>
    <category name="weapons"/>
  </type>
  <type name="SawedoffMosin9130_Camo">
    <nominal>0</nominal>
    <lifetime>14400</lifetime>
    <restock>0</restock>
    <min>0</min>
    <quantmin>-1</quantmin>
    <quantmax>-1</quantmax>
    <cost>100</cost>
    <flags count_in_cargo="0" count_in_hoarder="0" count_in_map="1" count_in_player="0" crafted="1" deloot="0"/>
    <category name="weapons"/>
  </type>
  <type name="SawedoffMosin9130_Green">
    <nominal>0</nominal>
    <lifetime>14400</lifetime>
    <restock>0</restock>
    <min>0</min>
    <quantmin>-1</quantmin>
    <quantmax>-1</quantmax>
    <cost>100</cost>
    <flags count_in_cargo="0" count_in_hoarder="0" count_in_map="1" count_in_player="0" crafted="1" deloot="0"/>
    <category name="weapons"/>
  </type>
  <type name="Scout">
    <nominal>1</nominal>
    <lifetime>28800</lifetime>
    <restock>0</restock>
    <min>1</min>
    <quantmin>30</quantmin>
    <quantmax>80</quantmax>
    <cost>100</cost>
    <flags count_in_cargo="0" count_in_hoarder="0" count_in_map="1" count_in_player="0" crafted="0" deloot="0"/>
    <category name="weapons"/>
    <usage name="Prison"/>
  </type>
  <type name="Scout_Chernarus">
    <nominal>5</nominal>
    <lifetime>28800</lifetime>
    <restock>0</restock>
    <min>3</min>
    <quantmin>-1</quantmin>
    <quantmax>-1</quantmax>
    <cost>100</cost>
    <flags count_in_cargo="0" count_in_hoarder="0" count_in_map="1" count_in_player="0" crafted="0" deloot="1"/>
    <category name="weapons"/>
    <usage name="Police"/>
  </type>
  <type name="Scout_Livonia">
    <nominal>0</nominal>
    <lifetime>28800</lifetime>
    <restock>0</restock>
    <min>0</min>
    <quantmin>-1</quantmin>
    <quantmax>-1</quantmax>
    <cost>100</cost>
    <flags count_in_cargo="0" count_in_hoarder="0" count_in_map="1" count_in_player="0" crafted="0" deloot="1"/>
    <category name="weapons"/>
    <usage name="Police"/>
  </type>
  <type name="StarlightOptic">
    <nominal>1</nominal>
    <lifetime>5400</lifetime>
    <restock>3600</restock>
    <min>1</min>
    <quantmin>-1</quantmin>
    <quantmax>-1</quantmax>
    <cost>100</cost>
    <flags count_in_cargo="0" count_in_hoarder="0" count_in_map="1" count_in_player="0" crafted="0" deloot="0"/>
    <category name="weapons"/>
    <tag name="shelves"/>
    <usage name="ContaminatedArea"/>
  </type>
  <type name="TLRLight">
    <nominal>40</nominal>
    <lifetime>14400</lifetime>
    <restock>0</restock>
    <min>30</min>
    <quantmin>-1</quantmin>
    <quantmax>-1</quantmax>
    <cost>100</cost>
    <flags count_in_cargo="0" count_in_hoarder="0" count_in_map="1" count_in_player="0" crafted="0" deloot="0"/>
    <category name="weapons"/>
    <tag name="shelves"/>
    <usage name="Military"/>
    <usage name="Police"/>
    <value name="Tier2"/>
    <value name="Tier3"/>
    <value name="Tier4"/>
  </type>
  <type name="UMP45">
    <nominal>10</nominal>
    <lifetime>28800</lifetime>
    <restock>0</restock>
    <min>7</min>
    <quantmin>30</quantmin>
    <quantmax>80</quantmax>
    <cost>100</cost>
    <flags count_in_cargo="0" count_in_hoarder="0" count_in_map="1" count_in_player="0" crafted="0" deloot="0"/>
    <category name="weapons"/>
    <usage name="Military"/>
    <value name="Tier2"/>
    <value name="Tier3"/>
  </type>
  <type name="UniversalLight">
    <nominal>30</nominal>
    <lifetime>28800</lifetime>
    <restock>0</restock>
    <min>20</min>
    <quantmin>-1</quantmin>
    <quantmax>-1</quantmax>
    <cost>100</cost>
    <flags count_in_cargo="0" count_in_hoarder="0" count_in_map="1" count_in_player="0" crafted="0" deloot="0"/>
    <category name="weapons"/>
    <tag name="shelves"/>
    <usage name="Military"/>
    <usage name="Police"/>
    <value name="Tier2"/>
    <value name="Tier3"/>
    <value name="Tier4"/>
  </type>
  <type name="VSS">
    <nominal>10</nominal>
    <lifetime>28800</lifetime>
    <restock>3600</restock>
    <min>7</min>
    <quantmin>30</quantmin>
    <quantmax>80</quantmax>
    <cost>100</cost>
    <flags count_in_cargo="0" count_in_hoarder="0" count_in_map="1" count_in_player="0" crafted="0" deloot="0"/>
    <category name="weapons"/>
    <usage name="Military"/>
    <value name="Tier3"/>
    <value name="Tier4"/>
  </type>
  <type name="Vikhr">
    <nominal>4</nominal>
    <lifetime>28800</lifetime>
    <restock>0</restock>
    <min>2</min>
    <quantmin>30</quantmin>
    <quantmax>80</quantmax>
    <cost>100</cost>
    <flags count_in_cargo="0" count_in_hoarder="0" count_in_map="1" count_in_player="0" crafted="0" deloot="0"/>
    <category name="weapons"/>
    <usage name="Military"/>
    <value name="Tier3"/>
    <value name="Tier4"/>
  </type>
  <type name="Winchester70">
    <nominal>4</nominal>
    <lifetime>28800</lifetime>
    <restock>0</restock>
    <min>2</min>
    <quantmin>25</quantmin>
    <quantmax>75</quantmax>
    <cost>100</cost>
    <flags count_in_cargo="0" count_in_hoarder="0" count_in_map="1" count_in_player="0" crafted="0" deloot="0"/>
    <category name="weapons"/>
    <usage name="Hunting"/>
    <value name="Tier3"/>
    <value name="Tier4"/>
  </type>
</types>
