<?xml version="1.0" encoding="UTF-8"?>
<territory-type>
    <territory color="4294945280">
        <zone name="Zone_fox" smin="0" smax="0" dmin="1" dmax="1" x="3985" z="8600" r="50"/>
        <zone name="Zone_fox" smin="0" smax="0" dmin="1" dmax="1" x="3465" z="9110" r="50"/>
        <zone name="Zone_fox" smin="0" smax="0" dmin="1" dmax="1" x="7204.29" z="3574.29" r="50"/>
        <zone name="Zone_fox" smin="0" smax="0" dmin="1" dmax="1" x="6415.71" z="3754.29" r="50"/>
        <zone name="Zone_fox" smin="0" smax="0" dmin="1" dmax="1" x="6664.29" z="1080" r="50"/>
        <zone name="Zone_fox" smin="0" smax="0" dmin="1" dmax="1" x="7945.71" z="4007.14" r="50"/>
        <zone name="Zone_fox" smin="0" smax="0" dmin="1" dmax="1" x="8695.71" z="1984.29" r="50"/>
        <zone name="Zone_fox" smin="0" smax="0" dmin="1" dmax="1" x="9351.43" z="2211.43" r="50"/>
        <zone name="Zone_fox" smin="0" smax="0" dmin="1" dmax="1" x="10320" z="1842.86" r="50"/>
        <zone name="Zone_fox" smin="0" smax="0" dmin="1" dmax="1" x="10358.6" z="2815.71" r="50"/>
        <zone name="Zone_fox" smin="0" smax="0" dmin="1" dmax="1" x="9702.86" z="2897.14" r="50"/>
        <zone name="Zone_fox" smin="0" smax="0" dmin="1" dmax="1" x="8957.14" z="2794.29" r="50"/>
        <zone name="Zone_fox" smin="0" smax="0" dmin="1" dmax="1" x="11340" z="2048.57" r="50"/>
        <zone name="Zone_fox" smin="0" smax="0" dmin="1" dmax="1" x="12647.1" z="1551.43" r="50"/>
        <zone name="Zone_fox" smin="0" smax="0" dmin="1" dmax="1" x="11695.7" z="2687.14" r="50"/>
        <zone name="Zone_fox" smin="0" smax="0" dmin="1" dmax="1" x="11181.4" z="3128.57" r="50"/>
        <zone name="Zone_fox" smin="0" smax="0" dmin="1" dmax="1" x="13560" z="2228.57" r="50"/>
        <zone name="Zone_fox" smin="0" smax="0" dmin="1" dmax="1" x="14228.6" z="2708.57" r="50"/>
        <zone name="Zone_fox" smin="0" smax="0" dmin="1" dmax="1" x="13405.7" z="3030" r="50"/>
        <zone name="Zone_fox" smin="0" smax="0" dmin="1" dmax="1" x="12450" z="3540" r="50"/>
        <zone name="Zone_fox" smin="0" smax="0" dmin="1" dmax="1" x="12664.3" z="4161.43" r="50"/>
        <zone name="Zone_fox" smin="0" smax="0" dmin="1" dmax="1" x="14134.3" z="4230" r="50"/>
        <zone name="Zone_fox" smin="0" smax="0" dmin="1" dmax="1" x="14430" z="3471.43" r="50"/>
        <zone name="Zone_fox" smin="0" smax="0" dmin="1" dmax="1" x="14374.3" z="2867.14" r="50"/>
        <zone name="Zone_fox" smin="0" smax="0" dmin="1" dmax="1" x="13380" z="3728.57" r="50"/>
        <zone name="Zone_fox" smin="0" smax="0" dmin="1" dmax="1" x="12930" z="4735.71" r="50"/>
        <zone name="Zone_fox" smin="0" smax="0" dmin="1" dmax="1" x="13105.7" z="5275.71" r="50"/>
        <zone name="Zone_fox" smin="0" smax="0" dmin="1" dmax="1" x="12402.9" z="5430" r="50"/>
        <zone name="Zone_fox" smin="0" smax="0" dmin="1" dmax="1" x="13898.6" z="5014.29" r="50"/>
        <zone name="Zone_fox" smin="0" smax="0" dmin="1" dmax="1" x="14460" z="5751.43" r="50"/>
        <zone name="Zone_fox" smin="0" smax="0" dmin="1" dmax="1" x="13495.7" z="6025.71" r="50"/>
        <zone name="Zone_fox" smin="0" smax="0" dmin="1" dmax="1" x="12141.4" z="6098.57" r="50"/>
        <zone name="Zone_fox" smin="0" smax="0" dmin="1" dmax="1" x="14974.3" z="5708.57" r="50"/>
        <zone name="Zone_fox" smin="0" smax="0" dmin="1" dmax="1" x="14764.3" z="6642.86" r="50"/>
        <zone name="Zone_fox" smin="0" smax="0" dmin="1" dmax="1" x="14370" z="7165.71" r="50"/>
        <zone name="Zone_fox" smin="0" smax="0" dmin="1" dmax="1" x="13315.7" z="6814.29" r="50"/>
        <zone name="Zone_fox" smin="0" smax="0" dmin="1" dmax="1" x="12531.4" z="7062.86" r="50"/>
        <zone name="Zone_fox" smin="0" smax="0" dmin="1" dmax="1" x="14052.9" z="8160" r="50"/>
        <zone name="Zone_fox" smin="0" smax="0" dmin="1" dmax="1" x="14884.3" z="8138.57" r="50"/>
        <zone name="Zone_fox" smin="0" smax="0" dmin="1" dmax="1" x="13881.4" z="8721.43" r="50"/>
        <zone name="Zone_fox" smin="0" smax="0" dmin="1" dmax="1" x="13422.9" z="8807.14" r="50"/>
        <zone name="Zone_fox" smin="0" smax="0" dmin="1" dmax="1" x="13868.6" z="9484.29" r="50"/>
        <zone name="Zone_fox" smin="0" smax="0" dmin="1" dmax="1" x="12638.6" z="9424.29" r="50"/>
        <zone name="Zone_fox" smin="0" smax="0" dmin="1" dmax="1" x="15094.3" z="9771.43" r="50"/>
        <zone name="Zone_fox" smin="0" smax="0" dmin="1" dmax="1" x="13011.4" z="10101.4" r="50"/>
        <zone name="Zone_fox" smin="0" smax="0" dmin="1" dmax="1" x="15072.9" z="10718.6" r="50"/>
        <zone name="Zone_fox" smin="0" smax="0" dmin="1" dmax="1" x="13362.9" z="10581.4" r="50"/>
        <zone name="Zone_fox" smin="0" smax="0" dmin="1" dmax="1" x="13615.7" z="11335.7" r="50"/>
        <zone name="Zone_fox" smin="0" smax="0" dmin="1" dmax="1" x="14772.9" z="11558.6" r="50"/>
        <zone name="Zone_fox" smin="0" smax="0" dmin="1" dmax="1" x="15167.1" z="12518.6" r="50"/>
        <zone name="Zone_fox" smin="0" smax="0" dmin="1" dmax="1" x="13504.3" z="12535.7" r="50"/>
        <zone name="Zone_fox" smin="0" smax="0" dmin="1" dmax="1" x="15154.3" z="13667.1" r="50"/>
        <zone name="Zone_fox" smin="0" smax="0" dmin="1" dmax="1" x="13967.1" z="13225.7" r="50"/>
        <zone name="Zone_fox" smin="0" smax="0" dmin="1" dmax="1" x="13272.9" z="13542.9" r="50"/>
        <zone name="Zone_fox" smin="0" smax="0" dmin="1" dmax="1" x="14961.4" z="14275.7" r="50"/>
        <zone name="Zone_fox" smin="0" smax="0" dmin="1" dmax="1" x="13157.1" z="14370" r="50"/>
        <zone name="Zone_fox" smin="0" smax="0" dmin="1" dmax="1" x="13161.4" z="14850" r="50"/>
        <zone name="Zone_fox" smin="0" smax="0" dmin="1" dmax="1" x="11700" z="14138.6" r="50"/>
        <zone name="Zone_fox" smin="0" smax="0" dmin="1" dmax="1" x="11880" z="13418.6" r="50"/>
        <zone name="Zone_fox" smin="0" smax="0" dmin="1" dmax="1" x="11640" z="12762.9" r="50"/>
        <zone name="Zone_fox" smin="0" smax="0" dmin="1" dmax="1" x="10907.1" z="13602.9" r="50"/>
        <zone name="Zone_fox" smin="0" smax="0" dmin="1" dmax="1" x="11095.7" z="14790" r="50"/>
        <zone name="Zone_fox" smin="0" smax="0" dmin="1" dmax="1" x="7638" z="13866" r="50"/>
        <zone name="Zone_fox" smin="0" smax="0" dmin="1" dmax="1" x="8242.29" z="13214.6" r="50"/>
        <zone name="Zone_fox" smin="0" smax="0" dmin="1" dmax="1" x="9854.57" z="13723.7" r="50"/>
        <zone name="Zone_fox" smin="0" smax="0" dmin="1" dmax="1" x="8482.29" z="12722.6" r="50"/>
        <zone name="Zone_fox" smin="0" smax="0" dmin="1" dmax="1" x="9535.71" z="14508" r="50"/>
        <zone name="Zone_fox" smin="0" smax="0" dmin="1" dmax="1" x="9442.29" z="12906.9" r="50"/>
        <zone name="Zone_fox" smin="0" smax="0" dmin="1" dmax="1" x="9143.14" z="13680.9" r="50"/>
        <zone name="Zone_fox" smin="0" smax="0" dmin="1" dmax="1" x="8181.43" z="14196" r="50"/>
        <zone name="Zone_fox" smin="0" smax="0" dmin="1" dmax="1" x="8229.43" z="13746.9" r="50"/>
        <zone name="Zone_fox" smin="0" smax="0" dmin="1" dmax="1" x="1824" z="13470" r="50"/>
        <zone name="Zone_fox" smin="0" smax="0" dmin="1" dmax="1" x="2292" z="12450" r="50"/>
        <zone name="Zone_fox" smin="0" smax="0" dmin="1" dmax="1" x="3618" z="13062" r="50"/>
        <zone name="Zone_fox" smin="0" smax="0" dmin="1" dmax="1" x="4380" z="13998" r="50"/>
        <zone name="Zone_fox" smin="0" smax="0" dmin="1" dmax="1" x="3402" z="13374" r="50"/>
        <zone name="Zone_fox" smin="0" smax="0" dmin="1" dmax="1" x="4008" z="12360" r="50"/>
        <zone name="Zone_fox" smin="0" smax="0" dmin="1" dmax="1" x="4086" z="11286" r="50"/>
        <zone name="Zone_fox" smin="0" smax="0" dmin="1" dmax="1" x="4572" z="11916" r="50"/>
        <zone name="Zone_fox" smin="0" smax="0" dmin="1" dmax="1" x="3276" z="12276" r="50"/>
        <zone name="Zone_fox" smin="0" smax="0" dmin="1" dmax="1" x="1410" z="13950" r="50"/>
        <zone name="Zone_fox" smin="0" smax="0" dmin="1" dmax="1" x="570" z="13872" r="50"/>
        <zone name="Zone_fox" smin="0" smax="0" dmin="1" dmax="1" x="2916" z="15210" r="50"/>
        <zone name="Zone_fox" smin="0" smax="0" dmin="1" dmax="1" x="510" z="14700" r="50"/>
        <zone name="Zone_fox" smin="0" smax="0" dmin="1" dmax="1" x="486" z="12534" r="50"/>
        <zone name="Zone_fox" smin="0" smax="0" dmin="1" dmax="1" x="1104" z="8976" r="50"/>
        <zone name="Zone_fox" smin="0" smax="0" dmin="1" dmax="1" x="822" z="7308" r="50"/>
        <zone name="Zone_fox" smin="0" smax="0" dmin="1" dmax="1" x="3318" z="7506" r="50"/>
        <zone name="Zone_fox" smin="0" smax="0" dmin="1" dmax="1" x="5664" z="6198" r="50"/>
        <zone name="Zone_fox" smin="0" smax="0" dmin="1" dmax="1" x="4836" z="5256" r="50"/>
        <zone name="Zone_fox" smin="0" smax="0" dmin="1" dmax="1" x="870" z="1002" r="50"/>
        <zone name="Zone_fox" smin="0" smax="0" dmin="1" dmax="1" x="2262" z="1464" r="50"/>
        <zone name="Zone_fox" smin="0" smax="0" dmin="1" dmax="1" x="2928" z="1860" r="50"/>
        <zone name="Zone_fox" smin="0" smax="0" dmin="1" dmax="1" x="1908" z="2064" r="50"/>
        <zone name="Zone_fox" smin="0" smax="0" dmin="1" dmax="1" x="1122" z="2430" r="50"/>
        <zone name="Zone_fox" smin="0" smax="0" dmin="1" dmax="1" x="708" z="2268" r="50"/>
        <zone name="Zone_fox" smin="0" smax="0" dmin="1" dmax="1" x="486" z="2694" r="50"/>
        <zone name="Zone_fox" smin="0" smax="0" dmin="1" dmax="1" x="2436" z="3318" r="50"/>
        <zone name="Zone_fox" smin="0" smax="0" dmin="1" dmax="1" x="2970" z="2736" r="50"/>
        <zone name="Zone_fox" smin="0" smax="0" dmin="1" dmax="1" x="1878" z="4020" r="50"/>
        <zone name="Zone_fox" smin="0" smax="0" dmin="1" dmax="1" x="4848" z="1248" r="50"/>
        <zone name="Zone_fox" smin="0" smax="0" dmin="1" dmax="1" x="3750" z="5376" r="50"/>
        <zone name="Zone_fox" smin="0" smax="0" dmin="1" dmax="1" x="1248" z="5148" r="50"/>
        <zone name="Zone_fox" smin="0" smax="0" dmin="1" dmax="1" x="8232.86" z="7050" r="50"/>
        <zone name="Zone_fox" smin="0" smax="0" dmin="1" dmax="1" x="7140" z="12235.7" r="50"/>
        <zone name="Zone_fox" smin="0" smax="0" dmin="1" dmax="1" x="5468.57" z="9192.86" r="50"/>
        <zone name="Zone_fox" smin="0" smax="0" dmin="1" dmax="1" x="5447.14" z="12921.4" r="50"/>
        <zone name="Zone_fox" smin="0" smax="0" dmin="1" dmax="1" x="4860" z="14348.6" r="50"/>
        <zone name="Zone_fox" smin="0" smax="0" dmin="1" dmax="1" x="4782.86" z="15248.6" r="50"/>
        <zone name="Zone_fox" smin="0" smax="0" dmin="1" dmax="1" x="10388.6" z="7577.14" r="50"/>
        <zone name="Zone_fox" smin="0" smax="0" dmin="1" dmax="1" x="9467.14" z="5665.71" r="50"/>
        <zone name="Zone_fox" smin="0" smax="0" dmin="1" dmax="1" x="7125" z="10980" r="50"/>
        <zone name="Zone_fox" smin="0" smax="0" dmin="1" dmax="1" x="2865" z="10200" r="50"/>
        <zone name="Zone_fox" smin="0" smax="0" dmin="1" dmax="1" x="3142.5" z="11490" r="50"/>
        <zone name="Zone_fox" smin="0" smax="0" dmin="1" dmax="1" x="9187.5" z="10515" r="50"/>
        <zone name="Zone_fox" smin="0" smax="0" dmin="1" dmax="1" x="9540" z="13447.5" r="50"/>
        <zone name="Zone_fox" smin="0" smax="0" dmin="1" dmax="1" x="6922.5" z="13935" r="50"/>
        <zone name="Zone_fox" smin="0" smax="0" dmin="1" dmax="1" x="6420" z="14917.5" r="50"/>
        <zone name="Zone_fox" smin="0" smax="0" dmin="1" dmax="1" x="5700" z="14730" r="50"/>
        <zone name="Zone_fox" smin="0" smax="0" dmin="1" dmax="1" x="2295" z="14317.5" r="50"/>
        <zone name="Zone_fox" smin="0" smax="0" dmin="1" dmax="1" x="1477.5" z="14467.5" r="50"/>
        <zone name="Zone_fox" smin="0" smax="0" dmin="1" dmax="1" x="2032.5" z="15000" r="50"/>
        <zone name="Zone_fox" smin="0" smax="0" dmin="1" dmax="1" x="1110" z="14850" r="50"/>
        <zone name="Zone_fox" smin="0" smax="0" dmin="1" dmax="1" x="3120" z="9652.5" r="50"/>
        <zone name="Zone_fox" smin="0" smax="0" dmin="1" dmax="1" x="3727.5" z="7342.5" r="50"/>
        <zone name="Zone_fox" smin="0" smax="0" dmin="1" dmax="1" x="5962.5" z="7177.5" r="50"/>
        <zone name="Zone_fox" smin="0" smax="0" dmin="1" dmax="1" x="7050" z="7605" r="50"/>
        <zone name="Zone_fox" smin="0" smax="0" dmin="1" dmax="1" x="6315" z="8287.5" r="50"/>
        <zone name="Zone_fox" smin="0" smax="0" dmin="1" dmax="1" x="8422.5" z="1627.5" r="50"/>
        <zone name="Zone_fox" smin="0" smax="0" dmin="1" dmax="1" x="7740" z="14752.5" r="50"/>
        <zone name="Zone_fox" smin="0" smax="0" dmin="1" dmax="1" x="13665" z="7950" r="50"/>
        <zone name="Zone_fox" smin="0" smax="0" dmin="1" dmax="1" x="14550" z="13800" r="50"/>
        <zone name="Zone_fox" smin="0" smax="0" dmin="1" dmax="1" x="14437.5" z="14250" r="50"/>
        <zone name="Zone_fox" smin="0" smax="0" dmin="1" dmax="1" x="14347.5" z="14962.5" r="50"/>
        <zone name="Zone_fox" smin="0" smax="0" dmin="1" dmax="1" x="13477.5" z="15112.5" r="50"/>
        <zone name="Zone_fox" smin="0" smax="0" dmin="1" dmax="1" x="12832.5" z="14902.5" r="50"/>
        <zone name="Zone_fox" smin="0" smax="0" dmin="1" dmax="1" x="12607.5" z="14572.5" r="50"/>
        <zone name="Zone_fox" smin="0" smax="0" dmin="1" dmax="1" x="11302.5" z="14287.5" r="50"/>
        <zone name="Zone_fox" smin="0" smax="0" dmin="1" dmax="1" x="10927.5" z="14490" r="50"/>
    </territory>
</territory-type>
