<?xml version="1.0" encoding="UTF-8"?>
<territory-type>
    <territory color="4289352960">
        <zone name="Zone_hare" smin="0" smax="0" dmin="0" dmax="0" x="7105.71" z="1174.29" r="50"/>
        <zone name="Zone_hare" smin="0" smax="0" dmin="0" dmax="0" x="6162.86" z="3021.43" r="50"/>
        <zone name="Zone_hare" smin="0" smax="0" dmin="0" dmax="0" x="7671.43" z="3162.86" r="50"/>
        <zone name="Zone_hare" smin="0" smax="0" dmin="0" dmax="0" x="10686" z="3672" r="50"/>
        <zone name="Zone_hare" smin="0" smax="0" dmin="0" dmax="0" x="2876" z="2818" r="50"/>
        <zone name="Zone_hare" smin="0" smax="0" dmin="0" dmax="0" x="1650" z="1764" r="50"/>
        <zone name="Zone_hare" smin="0" smax="0" dmin="0" dmax="0" x="1212" z="3414" r="50"/>
        <zone name="Zone_hare" smin="0" smax="0" dmin="0" dmax="0" x="900" z="4554" r="50"/>
        <zone name="Zone_hare" smin="0" smax="0" dmin="0" dmax="0" x="2622" z="4854" r="50"/>
        <zone name="Zone_hare" smin="0" smax="0" dmin="0" dmax="0" x="3672" z="5310" r="50"/>
        <zone name="Zone_hare" smin="0" smax="0" dmin="0" dmax="0" x="5292" z="3882" r="50"/>
        <zone name="Zone_hare" smin="0" smax="0" dmin="0" dmax="0" x="6300" z="4158" r="50"/>
        <zone name="Zone_hare" smin="0" smax="0" dmin="0" dmax="0" x="7450" z="5430" r="50"/>
        <zone name="Zone_hare" smin="0" smax="0" dmin="0" dmax="0" x="6870" z="5760" r="50"/>
        <zone name="Zone_hare" smin="0" smax="0" dmin="0" dmax="0" x="6550" z="5190" r="50"/>
        <zone name="Zone_hare" smin="0" smax="0" dmin="0" dmax="0" x="1688.57" z="5897.14" r="50"/>
        <zone name="Zone_hare" smin="0" smax="0" dmin="0" dmax="0" x="2622.86" z="6685.71" r="50"/>
        <zone name="Zone_hare" smin="0" smax="0" dmin="0" dmax="0" x="5374.29" z="6720" r="50"/>
        <zone name="Zone_hare" smin="0" smax="0" dmin="0" dmax="0" x="8400" z="6378" r="50"/>
        <zone name="Zone_hare" smin="0" smax="0" dmin="0" dmax="0" x="5328" z="7620" r="50"/>
        <zone name="Zone_hare" smin="0" smax="0" dmin="0" dmax="0" x="4290" z="8202" r="50"/>
        <zone name="Zone_hare" smin="0" smax="0" dmin="0" dmax="0" x="2232" z="8310" r="50"/>
        <zone name="Zone_hare" smin="0" smax="0" dmin="0" dmax="0" x="4128" z="10320" r="50"/>
        <zone name="Zone_hare" smin="0" smax="0" dmin="0" dmax="0" x="1362" z="9210" r="50"/>
        <zone name="Zone_hare" smin="0" smax="0" dmin="0" dmax="0" x="522" z="10104" r="50"/>
        <zone name="Zone_hare" smin="0" smax="0" dmin="0" dmax="0" x="1680" z="11166" r="50"/>
        <zone name="Zone_hare" smin="0" smax="0" dmin="0" dmax="0" x="1158" z="12108" r="50"/>
        <zone name="Zone_hare" smin="0" smax="0" dmin="0" dmax="0" x="1500" z="12972" r="50"/>
        <zone name="Zone_hare" smin="0" smax="0" dmin="0" dmax="0" x="1248" z="13788" r="50"/>
        <zone name="Zone_hare" smin="0" smax="0" dmin="0" dmax="0" x="6060" z="13740" r="50"/>
        <zone name="Zone_hare" smin="0" smax="0" dmin="0" dmax="0" x="4296" z="14088" r="50"/>
        <zone name="Zone_hare" smin="0" smax="0" dmin="0" dmax="0" x="3438" z="13008" r="50"/>
        <zone name="Zone_hare" smin="0" smax="0" dmin="0" dmax="0" x="3504" z="11952" r="50"/>
        <zone name="Zone_hare" smin="0" smax="0" dmin="0" dmax="0" x="7302" z="13308" r="50"/>
        <zone name="Zone_hare" smin="0" smax="0" dmin="0" dmax="0" x="8742" z="11766" r="50"/>
        <zone name="Zone_hare" smin="0" smax="0" dmin="0" dmax="0" x="6642" z="13386" r="50"/>
        <zone name="Zone_hare" smin="0" smax="0" dmin="0" dmax="0" x="10068" z="4350" r="50"/>
        <zone name="Zone_hare" smin="0" smax="0" dmin="0" dmax="0" x="9864" z="1290" r="50"/>
        <zone name="Zone_hare" smin="0" smax="0" dmin="0" dmax="0" x="10422" z="1164" r="50"/>
        <zone name="Zone_hare" smin="0" smax="0" dmin="0" dmax="0" x="11136" z="6492" r="50"/>
        <zone name="Zone_hare" smin="0" smax="0" dmin="0" dmax="0" x="11502" z="10404" r="50"/>
        <zone name="Zone_hare" smin="0" smax="0" dmin="0" dmax="0" x="12684" z="11784" r="50"/>
        <zone name="Zone_hare" smin="0" smax="0" dmin="0" dmax="0" x="9408" z="10560" r="50"/>
        <zone name="Zone_hare" smin="0" smax="0" dmin="0" dmax="0" x="13398" z="10794" r="50"/>
        <zone name="Zone_hare" smin="0" smax="0" dmin="0" dmax="0" x="13164" z="13452" r="50"/>
        <zone name="Zone_hare" smin="0" smax="0" dmin="0" dmax="0" x="12647.1" z="9471.43" r="50"/>
        <zone name="Zone_hare" smin="0" smax="0" dmin="0" dmax="0" x="11652.9" z="6912.86" r="50"/>
        <zone name="Zone_hare" smin="0" smax="0" dmin="0" dmax="0" x="11571.4" z="5772.86" r="50"/>
        <zone name="Zone_hare" smin="0" smax="0" dmin="0" dmax="0" x="13834.3" z="1165.71" r="50"/>
        <zone name="Zone_hare" smin="0" smax="0" dmin="0" dmax="0" x="10208.6" z="12848.6" r="50"/>
        <zone name="Zone_hare" smin="0" smax="0" dmin="0" dmax="0" x="8515.71" z="12664.3" r="50"/>
        <zone name="Zone_hare" smin="0" smax="0" dmin="0" dmax="0" x="5331.43" z="5198.57" r="50"/>
        <zone name="Zone_hare" smin="0" smax="0" dmin="0" dmax="0" x="4114.29" z="7221.43" r="50"/>
        <zone name="Zone_hare" smin="0" smax="0" dmin="0" dmax="0" x="4735.71" z="891.429" r="50"/>
        <zone name="Zone_hare" smin="0" smax="0" dmin="0" dmax="0" x="3244.29" z="947.143" r="50"/>
        <zone name="Zone_hare" smin="0" smax="0" dmin="0" dmax="0" x="12137.1" z="11065.7" r="50"/>
        <zone name="Zone_hare" smin="0" smax="0" dmin="0" dmax="0" x="13645.7" z="12085.7" r="50"/>
        <zone name="Zone_hare" smin="0" smax="0" dmin="0" dmax="0" x="3772.5" z="4597.5" r="50"/>
        <zone name="Zone_hare" smin="0" smax="0" dmin="0" dmax="0" x="3037.5" z="4710" r="50"/>
        <zone name="Zone_hare" smin="0" smax="0" dmin="0" dmax="0" x="2632.5" z="5302.5" r="50"/>
        <zone name="Zone_hare" smin="0" smax="0" dmin="0" dmax="0" x="2115" z="5857.5" r="50"/>
        <zone name="Zone_hare" smin="0" smax="0" dmin="0" dmax="0" x="1777.5" z="5385" r="50"/>
        <zone name="Zone_hare" smin="0" smax="0" dmin="0" dmax="0" x="1245" z="5467.5" r="50"/>
        <zone name="Zone_hare" smin="0" smax="0" dmin="0" dmax="0" x="1110" z="5955" r="50"/>
        <zone name="Zone_hare" smin="0" smax="0" dmin="0" dmax="0" x="1477.5" z="7005" r="50"/>
        <zone name="Zone_hare" smin="0" smax="0" dmin="0" dmax="0" x="3540" z="5895" r="50"/>
        <zone name="Zone_hare" smin="0" smax="0" dmin="0" dmax="0" x="4012.5" z="6382.5" r="50"/>
        <zone name="Zone_hare" smin="0" smax="0" dmin="0" dmax="0" x="5827.5" z="6540" r="50"/>
        <zone name="Zone_hare" smin="0" smax="0" dmin="0" dmax="0" x="5145" z="7282.5" r="50"/>
        <zone name="Zone_hare" smin="0" smax="0" dmin="0" dmax="0" x="2422.5" z="7635" r="50"/>
        <zone name="Zone_hare" smin="0" smax="0" dmin="0" dmax="0" x="2122.5" z="7192.5" r="50"/>
        <zone name="Zone_hare" smin="0" smax="0" dmin="0" dmax="0" x="1560" z="8595" r="50"/>
        <zone name="Zone_hare" smin="0" smax="0" dmin="0" dmax="0" x="1222.5" z="8407.5" r="50"/>
        <zone name="Zone_hare" smin="0" smax="0" dmin="0" dmax="0" x="1132.5" z="8910" r="50"/>
        <zone name="Zone_hare" smin="0" smax="0" dmin="0" dmax="0" x="2107.5" z="8940" r="50"/>
        <zone name="Zone_hare" smin="0" smax="0" dmin="0" dmax="0" x="1697.14" z="9552.86" r="50"/>
        <zone name="Zone_hare" smin="0" smax="0" dmin="0" dmax="0" x="1898.57" z="9574.29" r="50"/>
        <zone name="Zone_hare" smin="0" smax="0" dmin="0" dmax="0" x="2331.43" z="9677.14" r="50"/>
        <zone name="Zone_hare" smin="0" smax="0" dmin="0" dmax="0" x="2738.57" z="10015.7" r="50"/>
        <zone name="Zone_hare" smin="0" smax="0" dmin="0" dmax="0" x="2875.71" z="9480" r="50"/>
        <zone name="Zone_hare" smin="0" smax="0" dmin="0" dmax="0" x="514.286" z="9677.14" r="50"/>
        <zone name="Zone_hare" smin="0" smax="0" dmin="0" dmax="0" x="505.714" z="10632.9" r="50"/>
        <zone name="Zone_hare" smin="0" smax="0" dmin="0" dmax="0" x="1877.14" z="10808.6" r="50"/>
        <zone name="Zone_hare" smin="0" smax="0" dmin="0" dmax="0" x="1002.86" z="11532.9" r="50"/>
        <zone name="Zone_hare" smin="0" smax="0" dmin="0" dmax="0" x="741.429" z="11614.3" r="50"/>
        <zone name="Zone_hare" smin="0" smax="0" dmin="0" dmax="0" x="432.857" z="11142.9" r="50"/>
        <zone name="Zone_hare" smin="0" smax="0" dmin="0" dmax="0" x="1358.57" z="12428.6" r="50"/>
        <zone name="Zone_hare" smin="0" smax="0" dmin="0" dmax="0" x="694.286" z="12295.7" r="50"/>
        <zone name="Zone_hare" smin="0" smax="0" dmin="0" dmax="0" x="475.714" z="12655.7" r="50"/>
        <zone name="Zone_hare" smin="0" smax="0" dmin="0" dmax="0" x="415.714" z="13002.9" r="50"/>
        <zone name="Zone_hare" smin="0" smax="0" dmin="0" dmax="0" x="1847.14" z="13075.7" r="50"/>
        <zone name="Zone_hare" smin="0" smax="0" dmin="0" dmax="0" x="1765.71" z="13504.3" r="50"/>
        <zone name="Zone_hare" smin="0" smax="0" dmin="0" dmax="0" x="3437.14" z="13320" r="50"/>
        <zone name="Zone_hare" smin="0" smax="0" dmin="0" dmax="0" x="3137.14" z="12552.9" r="50"/>
        <zone name="Zone_hare" smin="0" smax="0" dmin="0" dmax="0" x="3497.14" z="10924.3" r="50"/>
        <zone name="Zone_hare" smin="0" smax="0" dmin="0" dmax="0" x="4731.43" z="10204.3" r="50"/>
        <zone name="Zone_hare" smin="0" smax="0" dmin="0" dmax="0" x="4988.57" z="9291.43" r="50"/>
        <zone name="Zone_hare" smin="0" smax="0" dmin="0" dmax="0" x="4474.29" z="9042.86" r="50"/>
        <zone name="Zone_hare" smin="0" smax="0" dmin="0" dmax="0" x="4800" z="7641.43" r="50"/>
        <zone name="Zone_hare" smin="0" smax="0" dmin="0" dmax="0" x="6634.29" z="844.286" r="50"/>
        <zone name="Zone_hare" smin="0" smax="0" dmin="0" dmax="0" x="6407.14" z="527.143" r="50"/>
        <zone name="Zone_hare" smin="0" smax="0" dmin="0" dmax="0" x="5622.86" z="540" r="50"/>
        <zone name="Zone_hare" smin="0" smax="0" dmin="0" dmax="0" x="5275.71" z="1007.14" r="50"/>
        <zone name="Zone_hare" smin="0" smax="0" dmin="0" dmax="0" x="5177.14" z="1307.14" r="50"/>
        <zone name="Zone_hare" smin="0" smax="0" dmin="0" dmax="0" x="6544.29" z="2224.29" r="50"/>
        <zone name="Zone_hare" smin="0" smax="0" dmin="0" dmax="0" x="7290" z="2794.29" r="50"/>
        <zone name="Zone_hare" smin="0" smax="0" dmin="0" dmax="0" x="6964.29" z="2940" r="50"/>
        <zone name="Zone_hare" smin="0" smax="0" dmin="0" dmax="0" x="5794.29" z="3450" r="50"/>
        <zone name="Zone_hare" smin="0" smax="0" dmin="0" dmax="0" x="6295.71" z="3887.14" r="50"/>
        <zone name="Zone_hare" smin="0" smax="0" dmin="0" dmax="0" x="7727.14" z="3925.71" r="50"/>
        <zone name="Zone_hare" smin="0" smax="0" dmin="0" dmax="0" x="8031.43" z="4032.86" r="50"/>
        <zone name="Zone_hare" smin="0" smax="0" dmin="0" dmax="0" x="7701.43" z="5211.43" r="50"/>
        <zone name="Zone_hare" smin="0" smax="0" dmin="0" dmax="0" x="8297.14" z="6017.14" r="50"/>
        <zone name="Zone_hare" smin="0" smax="0" dmin="0" dmax="0" x="9698.57" z="5777.14" r="50"/>
        <zone name="Zone_hare" smin="0" smax="0" dmin="0" dmax="0" x="10118.6" z="6462.86" r="50"/>
        <zone name="Zone_hare" smin="0" smax="0" dmin="0" dmax="0" x="10740" z="6394.29" r="50"/>
        <zone name="Zone_hare" smin="0" smax="0" dmin="0" dmax="0" x="10924.3" z="5948.57" r="50"/>
        <zone name="Zone_hare" smin="0" smax="0" dmin="0" dmax="0" x="11674.3" z="6368.57" r="50"/>
        <zone name="Zone_hare" smin="0" smax="0" dmin="0" dmax="0" x="12021.4" z="7525.71" r="50"/>
        <zone name="Zone_hare" smin="0" smax="0" dmin="0" dmax="0" x="12157.5" z="8531.25" r="50"/>
        <zone name="Zone_hare" smin="0" smax="0" dmin="0" dmax="0" x="10860" z="8313.75" r="50"/>
        <zone name="Zone_hare" smin="0" smax="0" dmin="0" dmax="0" x="11707.5" z="9525" r="50"/>
        <zone name="Zone_hare" smin="0" smax="0" dmin="0" dmax="0" x="10833.8" z="9776.25" r="50"/>
        <zone name="Zone_hare" smin="0" smax="0" dmin="0" dmax="0" x="11452.5" z="9963.75" r="50"/>
        <zone name="Zone_hare" smin="0" smax="0" dmin="0" dmax="0" x="10845" z="10552.5" r="50"/>
        <zone name="Zone_hare" smin="0" smax="0" dmin="0" dmax="0" x="11373.8" z="11328.8" r="50"/>
        <zone name="Zone_hare" smin="0" smax="0" dmin="0" dmax="0" x="12292.5" z="12093.8" r="50"/>
        <zone name="Zone_hare" smin="0" smax="0" dmin="0" dmax="0" x="10173.8" z="13312.5" r="50"/>
        <zone name="Zone_hare" smin="0" smax="0" dmin="0" dmax="0" x="10593.8" z="13811.3" r="50"/>
        <zone name="Zone_hare" smin="0" smax="0" dmin="0" dmax="0" x="10012.5" z="3633.75" r="50"/>
        <zone name="Zone_hare" smin="0" smax="0" dmin="0" dmax="0" x="8231.25" z="2295" r="50"/>
        <zone name="Zone_hare" smin="0" smax="0" dmin="0" dmax="0" x="7841.25" z="2523.75" r="50"/>
        <zone name="Zone_hare" smin="0" smax="0" dmin="0" dmax="0" x="6978.75" z="2126.25" r="50"/>
        <zone name="Zone_hare" smin="0" smax="0" dmin="0" dmax="0" x="6963.75" z="2456.25" r="50"/>
        <zone name="Zone_hare" smin="0" smax="0" dmin="0" dmax="0" x="5846.25" z="311.25" r="50"/>
        <zone name="Zone_hare" smin="0" smax="0" dmin="0" dmax="0" x="5040" z="1713.75" r="50"/>
        <zone name="Zone_hare" smin="0" smax="0" dmin="0" dmax="0" x="2152.5" z="1173.75" r="50"/>
        <zone name="Zone_hare" smin="0" smax="0" dmin="0" dmax="0" x="1755" z="1057.5" r="50"/>
        <zone name="Zone_hare" smin="0" smax="0" dmin="0" dmax="0" x="1518.75" z="1563.75" r="50"/>
        <zone name="Zone_hare" smin="0" smax="0" dmin="0" dmax="0" x="1095" z="1856.25" r="50"/>
        <zone name="Zone_hare" smin="0" smax="0" dmin="0" dmax="0" x="896.25" z="1072.5" r="50"/>
        <zone name="Zone_hare" smin="0" smax="0" dmin="0" dmax="0" x="1477.5" z="761.25" r="50"/>
        <zone name="Zone_hare" smin="0" smax="0" dmin="0" dmax="0" x="1882.5" z="3165" r="50"/>
        <zone name="Zone_hare" smin="0" smax="0" dmin="0" dmax="0" x="1987.5" z="3030" r="50"/>
        <zone name="Zone_hare" smin="0" smax="0" dmin="0" dmax="0" x="1338.75" z="3105" r="50"/>
        <zone name="Zone_hare" smin="0" smax="0" dmin="0" dmax="0" x="952.5" z="3232.5" r="50"/>
        <zone name="Zone_hare" smin="0" smax="0" dmin="0" dmax="0" x="982.5" z="3562.5" r="50"/>
        <zone name="Zone_hare" smin="0" smax="0" dmin="0" dmax="0" x="2006.25" z="3708.75" r="50"/>
        <zone name="Zone_hare" smin="0" smax="0" dmin="0" dmax="0" x="1650" z="3795" r="50"/>
        <zone name="Zone_hare" smin="0" smax="0" dmin="0" dmax="0" x="1173.75" z="4076.25" r="50"/>
        <zone name="Zone_hare" smin="0" smax="0" dmin="0" dmax="0" x="1485" z="4256.25" r="50"/>
        <zone name="Zone_hare" smin="0" smax="0" dmin="0" dmax="0" x="1758.75" z="4365" r="50"/>
        <zone name="Zone_hare" smin="0" smax="0" dmin="0" dmax="0" x="2921.25" z="4177.5" r="50"/>
        <zone name="Zone_hare" smin="0" smax="0" dmin="0" dmax="0" x="2418.75" z="4271.25" r="50"/>
        <zone name="Zone_hare" smin="0" smax="0" dmin="0" dmax="0" x="2298.75" z="4571.25" r="50"/>
        <zone name="Zone_hare" smin="0" smax="0" dmin="0" dmax="0" x="1177.5" z="4747.5" r="50"/>
        <zone name="Zone_hare" smin="0" smax="0" dmin="0" dmax="0" x="900" z="5812.5" r="50"/>
        <zone name="Zone_hare" smin="0" smax="0" dmin="0" dmax="0" x="750" z="6277.5" r="50"/>
        <zone name="Zone_hare" smin="0" smax="0" dmin="0" dmax="0" x="618.75" z="6615" r="50"/>
        <zone name="Zone_hare" smin="0" smax="0" dmin="0" dmax="0" x="682.5" z="6888.75" r="50"/>
        <zone name="Zone_hare" smin="0" smax="0" dmin="0" dmax="0" x="3240" z="7046.25" r="50"/>
        <zone name="Zone_hare" smin="0" smax="0" dmin="0" dmax="0" x="3153.75" z="7391.25" r="50"/>
        <zone name="Zone_hare" smin="0" smax="0" dmin="0" dmax="0" x="3322.5" z="8118.75" r="50"/>
        <zone name="Zone_hare" smin="0" smax="0" dmin="0" dmax="0" x="3945" z="7938.75" r="50"/>
        <zone name="Zone_hare" smin="0" smax="0" dmin="0" dmax="0" x="4012.5" z="8621.25" r="50"/>
        <zone name="Zone_hare" smin="0" smax="0" dmin="0" dmax="0" x="3326.25" z="8895" r="50"/>
        <zone name="Zone_hare" smin="0" smax="0" dmin="0" dmax="0" x="2572.5" z="9142.5" r="50"/>
        <zone name="Zone_hare" smin="0" smax="0" dmin="0" dmax="0" x="3555" z="10286.3" r="50"/>
        <zone name="Zone_hare" smin="0" smax="0" dmin="0" dmax="0" x="2542.5" z="10380" r="50"/>
        <zone name="Zone_hare" smin="0" smax="0" dmin="0" dmax="0" x="2126.25" z="10650" r="50"/>
        <zone name="Zone_hare" smin="0" smax="0" dmin="0" dmax="0" x="1995" z="10162.5" r="50"/>
        <zone name="Zone_hare" smin="0" smax="0" dmin="0" dmax="0" x="2280" z="12502.5" r="50"/>
        <zone name="Zone_hare" smin="0" smax="0" dmin="0" dmax="0" x="3232.5" z="12881.3" r="50"/>
        <zone name="Zone_hare" smin="0" smax="0" dmin="0" dmax="0" x="4492.5" z="2133.75" r="50"/>
        <zone name="Zone_hare" smin="0" smax="0" dmin="0" dmax="0" x="4856.25" z="2332.5" r="50"/>
        <zone name="Zone_hare" smin="0" smax="0" dmin="0" dmax="0" x="3600" z="2576.25" r="50"/>
        <zone name="Zone_hare" smin="0" smax="0" dmin="0" dmax="0" x="4016.25" z="2107.5" r="50"/>
        <zone name="Zone_hare" smin="0" smax="0" dmin="0" dmax="0" x="3513.75" z="1965" r="50"/>
        <zone name="Zone_hare" smin="0" smax="0" dmin="0" dmax="0" x="4012.5" z="1515" r="50"/>
        <zone name="Zone_hare" smin="0" smax="0" dmin="0" dmax="0" x="4953.75" z="3697.5" r="50"/>
        <zone name="Zone_hare" smin="0" smax="0" dmin="0" dmax="0" x="5520" z="4335" r="50"/>
        <zone name="Zone_hare" smin="0" smax="0" dmin="0" dmax="0" x="5448.75" z="4638.75" r="50"/>
        <zone name="Zone_hare" smin="0" smax="0" dmin="0" dmax="0" x="5501.25" z="4998.75" r="50"/>
        <zone name="Zone_hare" smin="0" smax="0" dmin="0" dmax="0" x="4537.5" z="4792.5" r="50"/>
        <zone name="Zone_hare" smin="0" smax="0" dmin="0" dmax="0" x="6611.25" z="4721.25" r="50"/>
        <zone name="Zone_hare" smin="0" smax="0" dmin="0" dmax="0" x="4065" z="5141.25" r="50"/>
        <zone name="Zone_hare" smin="0" smax="0" dmin="0" dmax="0" x="4556.25" z="6120" r="50"/>
        <zone name="Zone_hare" smin="0" smax="0" dmin="0" dmax="0" x="5947.5" z="7061.25" r="50"/>
        <zone name="Zone_hare" smin="0" smax="0" dmin="0" dmax="0" x="5568.75" z="8355" r="50"/>
        <zone name="Zone_hare" smin="0" smax="0" dmin="0" dmax="0" x="5347.5" z="8287.5" r="50"/>
        <zone name="Zone_hare" smin="0" smax="0" dmin="0" dmax="0" x="5283.75" z="8520" r="50"/>
        <zone name="Zone_hare" smin="0" smax="0" dmin="0" dmax="0" x="5043.75" z="8302.5" r="50"/>
        <zone name="Zone_hare" smin="0" smax="0" dmin="0" dmax="0" x="5025" z="7905" r="50"/>
        <zone name="Zone_hare" smin="0" smax="0" dmin="0" dmax="0" x="5223.75" z="8831.25" r="50"/>
        <zone name="Zone_hare" smin="0" smax="0" dmin="0" dmax="0" x="5516.25" z="8932.5" r="50"/>
        <zone name="Zone_hare" smin="0" smax="0" dmin="0" dmax="0" x="6015" z="8722.5" r="50"/>
        <zone name="Zone_hare" smin="0" smax="0" dmin="0" dmax="0" x="5347.5" z="9442.5" r="50"/>
        <zone name="Zone_hare" smin="0" smax="0" dmin="0" dmax="0" x="4428.75" z="10560" r="50"/>
        <zone name="Zone_hare" smin="0" smax="0" dmin="0" dmax="0" x="4001.25" z="11313.8" r="50"/>
        <zone name="Zone_hare" smin="0" smax="0" dmin="0" dmax="0" x="4113.75" z="12303.8" r="50"/>
        <zone name="Zone_hare" smin="0" smax="0" dmin="0" dmax="0" x="3540" z="12420" r="50"/>
        <zone name="Zone_hare" smin="0" smax="0" dmin="0" dmax="0" x="3675" z="13072.5" r="50"/>
        <zone name="Zone_hare" smin="0" smax="0" dmin="0" dmax="0" x="3648.75" z="13515" r="50"/>
        <zone name="Zone_hare" smin="0" smax="0" dmin="0" dmax="0" x="2737.5" z="13323.8" r="50"/>
        <zone name="Zone_hare" smin="0" smax="0" dmin="0" dmax="0" x="5085" z="14103.8" r="50"/>
        <zone name="Zone_hare" smin="0" smax="0" dmin="0" dmax="0" x="5370" z="14231.3" r="50"/>
        <zone name="Zone_hare" smin="0" smax="0" dmin="0" dmax="0" x="5452.5" z="14343.8" r="50"/>
        <zone name="Zone_hare" smin="0" smax="0" dmin="0" dmax="0" x="6660" z="13980" r="50"/>
        <zone name="Zone_hare" smin="0" smax="0" dmin="0" dmax="0" x="6161.25" z="13200" r="50"/>
        <zone name="Zone_hare" smin="0" smax="0" dmin="0" dmax="0" x="7121.25" z="12075" r="50"/>
        <zone name="Zone_hare" smin="0" smax="0" dmin="0" dmax="0" x="10578.8" z="12911.3" r="50"/>
        <zone name="Zone_hare" smin="0" smax="0" dmin="0" dmax="0" x="8820" z="7717.5" r="50"/>
        <zone name="Zone_hare" smin="0" smax="0" dmin="0" dmax="0" x="9041.25" z="8066.25" r="50"/>
        <zone name="Zone_hare" smin="0" smax="0" dmin="0" dmax="0" x="8253.75" z="7890" r="50"/>
        <zone name="Zone_hare" smin="0" smax="0" dmin="0" dmax="0" x="9742.5" z="8193.75" r="50"/>
        <zone name="Zone_hare" smin="0" smax="0" dmin="0" dmax="0" x="4237.5" z="14261.3" r="50"/>
        <zone name="Zone_hare" smin="0" smax="0" dmin="0" dmax="0" x="4185" z="14568.8" r="50"/>
        <zone name="Zone_hare" smin="0" smax="0" dmin="0" dmax="0" x="3840" z="14426.3" r="50"/>
        <zone name="Zone_hare" smin="0" smax="0" dmin="0" dmax="0" x="3810" z="13631.3" r="50"/>
        <zone name="Zone_hare" smin="0" smax="0" dmin="0" dmax="0" x="7541.25" z="13935" r="50"/>
        <zone name="Zone_hare" smin="0" smax="0" dmin="0" dmax="0" x="7102.5" z="13616.3" r="50"/>
        <zone name="Zone_hare" smin="0" smax="0" dmin="0" dmax="0" x="7826.25" z="13095" r="50"/>
        <zone name="Zone_hare" smin="0" smax="0" dmin="0" dmax="0" x="7605" z="12963.8" r="50"/>
        <zone name="Zone_hare" smin="0" smax="0" dmin="0" dmax="0" x="8812.5" z="4380" r="50"/>
        <zone name="Zone_hare" smin="0" smax="0" dmin="0" dmax="0" x="10320" z="3585" r="50"/>
        <zone name="Zone_hare" smin="0" smax="0" dmin="0" dmax="0" x="6577.5" z="4417.5" r="50"/>
        <zone name="Zone_hare" smin="0" smax="0" dmin="0" dmax="0" x="6855" z="5167.5" r="50"/>
        <zone name="Zone_hare" smin="0" smax="0" dmin="0" dmax="0" x="7072.5" z="5572.5" r="50"/>
        <zone name="Zone_hare" smin="0" smax="0" dmin="0" dmax="0" x="7260" z="5895" r="50"/>
        <zone name="Zone_hare" smin="0" smax="0" dmin="0" dmax="0" x="8362.5" z="7095" r="50"/>
        <zone name="Zone_hare" smin="0" smax="0" dmin="0" dmax="0" x="7560" z="6795" r="50"/>
        <zone name="Zone_hare" smin="0" smax="0" dmin="0" dmax="0" x="5932.5" z="6780" r="50"/>
        <zone name="Zone_hare" smin="0" smax="0" dmin="0" dmax="0" x="11482.5" z="10192.5" r="50"/>
        <zone name="Zone_hare" smin="0" smax="0" dmin="0" dmax="0" x="1590" z="12385.7" r="50"/>
        <zone name="Zone_hare" smin="0" smax="0" dmin="0" dmax="0" x="908.571" z="12647.1" r="50"/>
        <zone name="Zone_hare" smin="0" smax="0" dmin="0" dmax="0" x="1388.57" z="13487.1" r="50"/>
        <zone name="Zone_hare" smin="0" smax="0" dmin="0" dmax="0" x="1362.86" z="13898.6" r="50"/>
        <zone name="Zone_hare" smin="0" smax="0" dmin="0" dmax="0" x="612.857" z="13847.1" r="50"/>
        <zone name="Zone_hare" smin="0" smax="0" dmin="0" dmax="0" x="475.714" z="13221.4" r="50"/>
        <zone name="Zone_hare" smin="0" smax="0" dmin="0" dmax="0" x="2597.14" z="12664.3" r="50"/>
        <zone name="Zone_hare" smin="0" smax="0" dmin="0" dmax="0" x="4011.43" z="13148.6" r="50"/>
        <zone name="Zone_hare" smin="0" smax="0" dmin="0" dmax="0" x="3728.57" z="11631.4" r="50"/>
        <zone name="Zone_hare" smin="0" smax="0" dmin="0" dmax="0" x="4268.57" z="7812.86" r="50"/>
        <zone name="Zone_hare" smin="0" smax="0" dmin="0" dmax="0" x="4157.14" z="5524.29" r="50"/>
        <zone name="Zone_hare" smin="0" smax="0" dmin="0" dmax="0" x="4530" z="2567.14" r="50"/>
        <zone name="Zone_hare" smin="0" smax="0" dmin="0" dmax="0" x="3394.29" z="278.571" r="50"/>
        <zone name="Zone_hare" smin="0" smax="0" dmin="0" dmax="0" x="4020" z="287.143" r="50"/>
        <zone name="Zone_hare" smin="0" smax="0" dmin="0" dmax="0" x="4178.57" z="372.857" r="50"/>
        <zone name="Zone_hare" smin="0" smax="0" dmin="0" dmax="0" x="4371.43" z="390" r="50"/>
        <zone name="Zone_hare" smin="0" smax="0" dmin="0" dmax="0" x="4285.71" z="698.571" r="50"/>
        <zone name="Zone_hare" smin="0" smax="0" dmin="0" dmax="0" x="4200" z="1080" r="50"/>
        <zone name="Zone_hare" smin="0" smax="0" dmin="0" dmax="0" x="4431.43" z="1341.43" r="50"/>
        <zone name="Zone_hare" smin="0" smax="0" dmin="0" dmax="0" x="4328.57" z="1692.86" r="50"/>
        <zone name="Zone_hare" smin="0" smax="0" dmin="0" dmax="0" x="4962.86" z="2074.29" r="50"/>
        <zone name="Zone_hare" smin="0" smax="0" dmin="0" dmax="0" x="5305.71" z="2348.57" r="50"/>
        <zone name="Zone_hare" smin="0" smax="0" dmin="0" dmax="0" x="3527.14" z="1774.29" r="50"/>
        <zone name="Zone_hare" smin="0" smax="0" dmin="0" dmax="0" x="3021.43" z="2198.57" r="50"/>
        <zone name="Zone_hare" smin="0" smax="0" dmin="0" dmax="0" x="2982.86" z="2631.43" r="50"/>
        <zone name="Zone_hare" smin="0" smax="0" dmin="0" dmax="0" x="2447.14" z="2712.86" r="50"/>
        <zone name="Zone_hare" smin="0" smax="0" dmin="0" dmax="0" x="2357.14" z="2335.71" r="50"/>
        <zone name="Zone_hare" smin="0" smax="0" dmin="0" dmax="0" x="2498.57" z="1761.43" r="50"/>
        <zone name="Zone_hare" smin="0" smax="0" dmin="0" dmax="0" x="1975.71" z="1740" r="50"/>
        <zone name="Zone_hare" smin="0" smax="0" dmin="0" dmax="0" x="1594.29" z="514.286" r="50"/>
        <zone name="Zone_hare" smin="0" smax="0" dmin="0" dmax="0" x="2751.43" z="265.714" r="50"/>
        <zone name="Zone_hare" smin="0" smax="0" dmin="0" dmax="0" x="9347.14" z="587.143" r="50"/>
        <zone name="Zone_hare" smin="0" smax="0" dmin="0" dmax="0" x="9852.86" z="1092.86" r="50"/>
        <zone name="Zone_hare" smin="0" smax="0" dmin="0" dmax="0" x="9411.43" z="1410" r="50"/>
        <zone name="Zone_hare" smin="0" smax="0" dmin="0" dmax="0" x="9488.57" z="1765.71" r="50"/>
        <zone name="Zone_hare" smin="0" smax="0" dmin="0" dmax="0" x="8871.43" z="1954.29" r="50"/>
        <zone name="Zone_hare" smin="0" smax="0" dmin="0" dmax="0" x="8640" z="1405.71" r="50"/>
        <zone name="Zone_hare" smin="0" smax="0" dmin="0" dmax="0" x="10680" z="3501.43" r="50"/>
        <zone name="Zone_hare" smin="0" smax="0" dmin="0" dmax="0" x="9582.86" z="3574.29" r="50"/>
        <zone name="Zone_hare" smin="0" smax="0" dmin="0" dmax="0" x="8605.71" z="3878.57" r="50"/>
        <zone name="Zone_hare" smin="0" smax="0" dmin="0" dmax="0" x="8627.14" z="3540" r="50"/>
        <zone name="Zone_hare" smin="0" smax="0" dmin="0" dmax="0" x="8121.43" z="3210" r="50"/>
        <zone name="Zone_hare" smin="0" smax="0" dmin="0" dmax="0" x="9810" z="4530" r="50"/>
        <zone name="Zone_hare" smin="0" smax="0" dmin="0" dmax="0" x="10817.1" z="5138.57" r="50"/>
        <zone name="Zone_hare" smin="0" smax="0" dmin="0" dmax="0" x="11108.6" z="5232.86" r="50"/>
        <zone name="Zone_hare" smin="0" smax="0" dmin="0" dmax="0" x="11237.1" z="6685.71" r="50"/>
        <zone name="Zone_hare" smin="0" smax="0" dmin="0" dmax="0" x="14760" z="870" r="50"/>
        <zone name="Zone_hare" smin="0" smax="0" dmin="0" dmax="0" x="14742.9" z="407.143" r="50"/>
        <zone name="Zone_hare" smin="0" smax="0" dmin="0" dmax="0" x="14271.4" z="835.714" r="50"/>
        <zone name="Zone_hare" smin="0" smax="0" dmin="0" dmax="0" x="14627.1" z="1422.86" r="50"/>
        <zone name="Zone_hare" smin="0" smax="0" dmin="0" dmax="0" x="14605.7" z="1782.86" r="50"/>
        <zone name="Zone_hare" smin="0" smax="0" dmin="0" dmax="0" x="14614.3" z="4748.57" r="50"/>
        <zone name="Zone_hare" smin="0" smax="0" dmin="0" dmax="0" x="14717.1" z="5057.14" r="50"/>
        <zone name="Zone_hare" smin="0" smax="0" dmin="0" dmax="0" x="14652.9" z="5395.71" r="50"/>
        <zone name="Zone_hare" smin="0" smax="0" dmin="0" dmax="0" x="14700" z="6514.29" r="50"/>
        <zone name="Zone_hare" smin="0" smax="0" dmin="0" dmax="0" x="13761.4" z="6561.43" r="50"/>
        <zone name="Zone_hare" smin="0" smax="0" dmin="0" dmax="0" x="14027.1" z="6432.86" r="50"/>
        <zone name="Zone_hare" smin="0" smax="0" dmin="0" dmax="0" x="12544.3" z="7037.14" r="50"/>
        <zone name="Zone_hare" smin="0" smax="0" dmin="0" dmax="0" x="12702.9" z="7264.29" r="50"/>
        <zone name="Zone_hare" smin="0" smax="0" dmin="0" dmax="0" x="13028.6" z="6951.43" r="50"/>
        <zone name="Zone_hare" smin="0" smax="0" dmin="0" dmax="0" x="14502.9" z="8498.57" r="50"/>
        <zone name="Zone_hare" smin="0" smax="0" dmin="0" dmax="0" x="14275.7" z="8537.14" r="50"/>
        <zone name="Zone_hare" smin="0" smax="0" dmin="0" dmax="0" x="14168.6" z="8322.86" r="50"/>
        <zone name="Zone_hare" smin="0" smax="0" dmin="0" dmax="0" x="13500" z="8588.57" r="50"/>
        <zone name="Zone_hare" smin="0" smax="0" dmin="0" dmax="0" x="13658.6" z="8802.86" r="50"/>
        <zone name="Zone_hare" smin="0" smax="0" dmin="0" dmax="0" x="13487.1" z="8854.29" r="50"/>
        <zone name="Zone_hare" smin="0" smax="0" dmin="0" dmax="0" x="13088.6" z="8640" r="50"/>
        <zone name="Zone_hare" smin="0" smax="0" dmin="0" dmax="0" x="13757.1" z="9372.86" r="50"/>
        <zone name="Zone_hare" smin="0" smax="0" dmin="0" dmax="0" x="13954.3" z="9394.29" r="50"/>
        <zone name="Zone_hare" smin="0" smax="0" dmin="0" dmax="0" x="13564.3" z="9175.71" r="50"/>
        <zone name="Zone_hare" smin="0" smax="0" dmin="0" dmax="0" x="14327.1" z="13928.6" r="50"/>
        <zone name="Zone_hare" smin="0" smax="0" dmin="0" dmax="0" x="14704.3" z="14130" r="50"/>
        <zone name="Zone_hare" smin="0" smax="0" dmin="0" dmax="0" x="14940" z="14100" r="50"/>
        <zone name="Zone_hare" smin="0" smax="0" dmin="0" dmax="0" x="14721.4" z="14571.4" r="50"/>
        <zone name="Zone_hare" smin="0" smax="0" dmin="0" dmax="0" x="14845.7" z="14875.7" r="50"/>
        <zone name="Zone_hare" smin="0" smax="0" dmin="0" dmax="0" x="15064.3" z="14554.3" r="50"/>
        <zone name="Zone_hare" smin="0" smax="0" dmin="0" dmax="0" x="13165.7" z="13302.9" r="50"/>
        <zone name="Zone_hare" smin="0" smax="0" dmin="0" dmax="0" x="3398.57" z="15167.1" r="50"/>
        <zone name="Zone_hare" smin="0" smax="0" dmin="0" dmax="0" x="2957.14" z="15240" r="50"/>
        <zone name="Zone_hare" smin="0" smax="0" dmin="0" dmax="0" x="2550" z="15300" r="50"/>
        <zone name="Zone_hare" smin="0" smax="0" dmin="0" dmax="0" x="4427.14" z="14832.9" r="50"/>
        <zone name="Zone_hare" smin="0" smax="0" dmin="0" dmax="0" x="4714.29" z="14845.7" r="50"/>
        <zone name="Zone_hare" smin="0" smax="0" dmin="0" dmax="0" x="4495.71" z="14704.3" r="50"/>
        <zone name="Zone_hare" smin="0" smax="0" dmin="0" dmax="0" x="4941.43" z="14271.4" r="50"/>
        <zone name="Zone_hare" smin="0" smax="0" dmin="0" dmax="0" x="4448.57" z="13821.4" r="50"/>
    </territory>
</territory-type>
