<?xml version="1.0" encoding="UTF-8"?>
<territory-type>
    <territory color="3556750600">
        <zone name="Zone_hen" smin="0" smax="0" dmin="0" dmax="0" x="2002.5" z="7327.5" r="120"/>
        <zone name="Zone_hen" smin="0" smax="0" dmin="0" dmax="0" x="2992.5" z="6742.5" r="90"/>
        <zone name="Zone_hen" smin="0" smax="0" dmin="0" dmax="0" x="1890" z="7507.5" r="75"/>
    </territory>
    <territory color="3556750600">
        <zone name="Zone_hen" smin="0" smax="0" dmin="0" dmax="0" x="12708" z="10975.5" r="97.5"/>
    </territory>
    <territory color="3556750600">
        <zone name="Zone_hen" smin="0" smax="0" dmin="0" dmax="0" x="14535" z="9682.5" r="127.5"/>
    </territory>
    <territory color="3556750600">
        <zone name="Zone_hen" smin="0" smax="0" dmin="0" dmax="0" x="12226.5" z="6525" r="90"/>
    </territory>
    <territory color="3556750600">
        <zone name="Zone_hen" smin="0" smax="0" dmin="0" dmax="0" x="452.5" z="11775" r="82.5"/>
    </territory>
    <territory color="3556750600">
        <zone name="Zone_hen" smin="0" smax="0" dmin="0" dmax="0" x="4325" z="11222.5" r="90"/>
    </territory>
    <territory color="3556750600">
        <zone name="Zone_hen" smin="0" smax="0" dmin="0" dmax="0" x="11914.5" z="6268.5" r="97.5"/>
        <zone name="Zone_hen" smin="0" smax="0" dmin="0" dmax="0" x="12205.5" z="6957" r="82.5"/>
        <zone name="Zone_hen" smin="0" smax="0" dmin="0" dmax="0" x="13029" z="6447" r="82.5"/>
        <zone name="Zone_hen" smin="0" smax="0" dmin="0" dmax="0" x="12099" z="6567" r="75"/>
    </territory>
    <territory color="3556750600">
        <zone name="Zone_hen" smin="0" smax="0" dmin="0" dmax="0" x="12804.6" z="13493.6" r="75"/>
    </territory>
    <territory color="3556750600">
        <zone name="Zone_hen" smin="0" smax="0" dmin="0" dmax="0" x="1752.5" z="7767.5" r="90"/>
    </territory>
    <territory color="3556750600">
        <zone name="Zone_hen" smin="0" smax="0" dmin="0" dmax="0" x="1020" z="298.571" r="120"/>
    </territory>
    <territory color="3556750600">
        <zone name="Zone_hen" smin="0" smax="0" dmin="0" dmax="0" x="14557.5" z="14482.5" r="105"/>
        <zone name="Zone_hen" smin="0" smax="0" dmin="0" dmax="0" x="14647.5" z="14760" r="105"/>
        <zone name="Zone_hen" smin="0" smax="0" dmin="0" dmax="0" x="14977.5" z="14617.5" r="97.5"/>
        <zone name="Zone_hen" smin="0" smax="0" dmin="0" dmax="0" x="14805" z="14572.5" r="82.5"/>
        <zone name="Zone_hen" smin="0" smax="0" dmin="0" dmax="0" x="14625" z="14085" r="75"/>
    </territory>
    <territory color="3556750600">
        <zone name="Zone_hen" smin="0" smax="0" dmin="0" dmax="0" x="8818.93" z="6176.79" r="90"/>
    </territory>
    <territory color="3556750600">
        <zone name="Zone_hen" smin="0" smax="0" dmin="0" dmax="0" x="11760" z="3690" r="135"/>
        <zone name="Zone_hen" smin="0" smax="0" dmin="0" dmax="0" x="11932.5" z="4537.5" r="75"/>
    </territory>
    <territory color="3556750600">
        <zone name="Zone_hen" smin="0" smax="0" dmin="0" dmax="0" x="1802.5" z="7487.5" r="120"/>
        <zone name="Zone_hen" smin="0" smax="0" dmin="0" dmax="0" x="2005" z="7517.5" r="90"/>
        <zone name="Zone_hen" smin="0" smax="0" dmin="0" dmax="0" x="1787.5" z="8200" r="90"/>
        <zone name="Zone_hen" smin="0" smax="0" dmin="0" dmax="0" x="2357.5" z="7360" r="82.5"/>
        <zone name="Zone_hen" smin="0" smax="0" dmin="0" dmax="0" x="1480" z="8080" r="82.5"/>
    </territory>
    <territory color="3556750600">
        <zone name="Zone_hen" smin="0" smax="0" dmin="0" dmax="0" x="2397.86" z="14682.9" r="75"/>
    </territory>
    <territory color="3556750600">
        <zone name="Zone_hen" smin="0" smax="0" dmin="0" dmax="0" x="5182.5" z="9192" r="120"/>
        <zone name="Zone_hen" smin="0" smax="0" dmin="0" dmax="0" x="5461.5" z="9217.5" r="120"/>
    </territory>
    <territory color="3556750600">
        <zone name="Zone_hen" smin="0" smax="0" dmin="0" dmax="0" x="675" z="2919" r="150"/>
        <zone name="Zone_hen" smin="0" smax="0" dmin="0" dmax="0" x="870" z="2754" r="75"/>
        <zone name="Zone_hen" smin="0" smax="0" dmin="0" dmax="0" x="232.5" z="3024" r="75"/>
    </territory>
    <territory color="3556750600">
        <zone name="Zone_hen" smin="0" smax="0" dmin="0" dmax="0" x="7657.5" z="7440" r="150"/>
    </territory>
    <territory color="3556750600">
        <zone name="Zone_hen" smin="0" smax="0" dmin="0" dmax="0" x="4875" z="6165" r="150"/>
        <zone name="Zone_hen" smin="0" smax="0" dmin="0" dmax="0" x="4800" z="6735" r="82.5"/>
    </territory>
    <territory color="3556750600">
        <zone name="Zone_hen" smin="0" smax="0" dmin="0" dmax="0" x="6472.5" z="6180" r="90"/>
    </territory>
    <territory color="3556750600">
        <zone name="Zone_hen" smin="0" smax="0" dmin="0" dmax="0" x="12787.5" z="10957.5" r="150"/>
        <zone name="Zone_hen" smin="0" smax="0" dmin="0" dmax="0" x="12915" z="11295" r="150"/>
        <zone name="Zone_hen" smin="0" smax="0" dmin="0" dmax="0" x="12292.5" z="10822.5" r="150"/>
        <zone name="Zone_hen" smin="0" smax="0" dmin="0" dmax="0" x="12547.5" z="10800" r="112.5"/>
        <zone name="Zone_hen" smin="0" smax="0" dmin="0" dmax="0" x="12082.5" z="10627.5" r="97.5"/>
        <zone name="Zone_hen" smin="0" smax="0" dmin="0" dmax="0" x="12690" z="11190" r="90"/>
        <zone name="Zone_hen" smin="0" smax="0" dmin="0" dmax="0" x="12307.5" z="10522.5" r="90"/>
        <zone name="Zone_hen" smin="0" smax="0" dmin="0" dmax="0" x="12735" z="10710" r="82.5"/>
        <zone name="Zone_hen" smin="0" smax="0" dmin="0" dmax="0" x="12210" z="11047.5" r="82.5"/>
        <zone name="Zone_hen" smin="0" smax="0" dmin="0" dmax="0" x="12960" z="11520" r="75"/>
    </territory>
    <territory color="3556750600">
        <zone name="Zone_hen" smin="0" smax="0" dmin="0" dmax="0" x="6480" z="13800" r="97.5"/>
    </territory>
    <territory color="3556750600">
        <zone name="Zone_hen" smin="0" smax="0" dmin="0" dmax="0" x="12162" z="7123.5" r="127.5"/>
        <zone name="Zone_hen" smin="0" smax="0" dmin="0" dmax="0" x="12217.5" z="6300" r="97.5"/>
        <zone name="Zone_hen" smin="0" smax="0" dmin="0" dmax="0" x="11745" z="6412.5" r="90"/>
        <zone name="Zone_hen" smin="0" smax="0" dmin="0" dmax="0" x="12945" z="6750" r="90"/>
        <zone name="Zone_hen" smin="0" smax="0" dmin="0" dmax="0" x="11505" z="6615" r="82.5"/>
        <zone name="Zone_hen" smin="0" smax="0" dmin="0" dmax="0" x="12892.5" z="6990" r="75"/>
    </territory>
    <territory color="3556750600">
        <zone name="Zone_hen" smin="0" smax="0" dmin="0" dmax="0" x="10087.5" z="1530" r="150"/>
        <zone name="Zone_hen" smin="0" smax="0" dmin="0" dmax="0" x="9832.5" z="1402.5" r="135"/>
        <zone name="Zone_hen" smin="0" smax="0" dmin="0" dmax="0" x="9577.5" z="1500" r="82.5"/>
        <zone name="Zone_hen" smin="0" smax="0" dmin="0" dmax="0" x="9165" z="1537.5" r="82.5"/>
        <zone name="Zone_hen" smin="0" smax="0" dmin="0" dmax="0" x="9645" z="1740" r="82.5"/>
        <zone name="Zone_hen" smin="0" smax="0" dmin="0" dmax="0" x="9870" z="1612.5" r="75"/>
    </territory>
    <territory color="3556750600">
        <zone name="Zone_hen" smin="0" smax="0" dmin="0" dmax="0" x="4575" z="7162.5" r="127.5"/>
        <zone name="Zone_hen" smin="0" smax="0" dmin="0" dmax="0" x="4725" z="6915" r="97.5"/>
    </territory>
    <territory color="3556750600">
        <zone name="Zone_hen" smin="0" smax="0" dmin="0" dmax="0" x="4329" z="13533" r="82.5"/>
        <zone name="Zone_hen" smin="0" smax="0" dmin="0" dmax="0" x="4021.5" z="13993.5" r="75"/>
    </territory>
    <territory color="3556750600">
        <zone name="Zone_hen" smin="0" smax="0" dmin="0" dmax="0" x="5720" z="2100" r="105"/>
        <zone name="Zone_hen" smin="0" smax="0" dmin="0" dmax="0" x="6682.5" z="1377.5" r="82.5"/>
        <zone name="Zone_hen" smin="0" smax="0" dmin="0" dmax="0" x="5907.5" z="1087.5" r="75"/>
    </territory>
    <territory color="3556750600">
        <zone name="Zone_hen" smin="0" smax="0" dmin="0" dmax="0" x="1330" z="8442.5" r="127.5"/>
        <zone name="Zone_hen" smin="0" smax="0" dmin="0" dmax="0" x="1120" z="8592.5" r="97.5"/>
        <zone name="Zone_hen" smin="0" smax="0" dmin="0" dmax="0" x="490.001" z="9365" r="97.5"/>
        <zone name="Zone_hen" smin="0" smax="0" dmin="0" dmax="0" x="1705" z="8787.5" r="90"/>
        <zone name="Zone_hen" smin="0" smax="0" dmin="0" dmax="0" x="1532.5" z="8825" r="82.5"/>
        <zone name="Zone_hen" smin="0" smax="0" dmin="0" dmax="0" x="1225" z="9185" r="82.5"/>
        <zone name="Zone_hen" smin="0" smax="0" dmin="0" dmax="0" x="925.001" z="8262.5" r="75"/>
        <zone name="Zone_hen" smin="0" smax="0" dmin="0" dmax="0" x="437.501" z="9050" r="75"/>
        <zone name="Zone_hen" smin="0" smax="0" dmin="0" dmax="0" x="325.001" z="9305" r="75"/>
        <zone name="Zone_hen" smin="0" smax="0" dmin="0" dmax="0" x="730.001" z="9417.5" r="75"/>
    </territory>
    <territory color="3556750600">
        <zone name="Zone_hen" smin="0" smax="0" dmin="0" dmax="0" x="12562.5" z="9187.5" r="82.5"/>
    </territory>
    <territory color="3556750600">
        <zone name="Zone_hen" smin="0" smax="0" dmin="0" dmax="0" x="3025.5" z="6184.5" r="150"/>
        <zone name="Zone_hen" smin="0" smax="0" dmin="0" dmax="0" x="2928" z="5914.5" r="135"/>
        <zone name="Zone_hen" smin="0" smax="0" dmin="0" dmax="0" x="2583" z="6049.5" r="120"/>
        <zone name="Zone_hen" smin="0" smax="0" dmin="0" dmax="0" x="2905.5" z="6439.5" r="112.5"/>
        <zone name="Zone_hen" smin="0" smax="0" dmin="0" dmax="0" x="3258" z="6229.5" r="90"/>
        <zone name="Zone_hen" smin="0" smax="0" dmin="0" dmax="0" x="2950.5" z="6799.5" r="90"/>
        <zone name="Zone_hen" smin="0" smax="0" dmin="0" dmax="0" x="2793" z="6229.5" r="82.5"/>
        <zone name="Zone_hen" smin="0" smax="0" dmin="0" dmax="0" x="3475.5" z="6019.5" r="75"/>
    </territory>
    <territory color="3556750600">
        <zone name="Zone_hen" smin="0" smax="0" dmin="0" dmax="0" x="8930" z="3322.5" r="97.5"/>
        <zone name="Zone_hen" smin="0" smax="0" dmin="0" dmax="0" x="8710" z="3135" r="82.5"/>
    </territory>
    <territory color="3556750600">
        <zone name="Zone_hen" smin="0" smax="0" dmin="0" dmax="0" x="3495" z="13110" r="120"/>
        <zone name="Zone_hen" smin="0" smax="0" dmin="0" dmax="0" x="4680" z="13260" r="105"/>
        <zone name="Zone_hen" smin="0" smax="0" dmin="0" dmax="0" x="4357.5" z="14130" r="105"/>
        <zone name="Zone_hen" smin="0" smax="0" dmin="0" dmax="0" x="4027.5" z="14370" r="97.5"/>
        <zone name="Zone_hen" smin="0" smax="0" dmin="0" dmax="0" x="4552.5" z="13012.5" r="75"/>
        <zone name="Zone_hen" smin="0" smax="0" dmin="0" dmax="0" x="3795" z="13020" r="75"/>
        <zone name="Zone_hen" smin="0" smax="0" dmin="0" dmax="0" x="3495" z="13387.5" r="75"/>
        <zone name="Zone_hen" smin="0" smax="0" dmin="0" dmax="0" x="4522.5" z="13672.5" r="75"/>
    </territory>
    <territory color="3556750600">
        <zone name="Zone_hen" smin="0" smax="0" dmin="0" dmax="0" x="11510" z="3800" r="105"/>
    </territory>
    <territory color="3556750600">
        <zone name="Zone_hen" smin="0" smax="0" dmin="0" dmax="0" x="1421.79" z="6717.86" r="120"/>
    </territory>
    <territory color="3556750600">
        <zone name="Zone_hen" smin="0" smax="0" dmin="0" dmax="0" x="6592.5" z="7515" r="90"/>
    </territory>
    <territory color="3556750600">
        <zone name="Zone_hen" smin="0" smax="0" dmin="0" dmax="0" x="4755" z="757.501" r="150"/>
        <zone name="Zone_hen" smin="0" smax="0" dmin="0" dmax="0" x="4672.5" z="1620" r="127.5"/>
        <zone name="Zone_hen" smin="0" smax="0" dmin="0" dmax="0" x="5002.5" z="915.001" r="112.5"/>
        <zone name="Zone_hen" smin="0" smax="0" dmin="0" dmax="0" x="4552.5" z="555.001" r="105"/>
        <zone name="Zone_hen" smin="0" smax="0" dmin="0" dmax="0" x="5520" z="1110" r="105"/>
        <zone name="Zone_hen" smin="0" smax="0" dmin="0" dmax="0" x="4995" z="180.001" r="82.5"/>
        <zone name="Zone_hen" smin="0" smax="0" dmin="0" dmax="0" x="4620" z="120.001" r="75"/>
        <zone name="Zone_hen" smin="0" smax="0" dmin="0" dmax="0" x="5257.5" z="187.501" r="75"/>
        <zone name="Zone_hen" smin="0" smax="0" dmin="0" dmax="0" x="4605" z="952.501" r="75"/>
    </territory>
    <territory color="3556750600">
        <zone name="Zone_hen" smin="0" smax="0" dmin="0" dmax="0" x="3087.5" z="502.5" r="150"/>
        <zone name="Zone_hen" smin="0" smax="0" dmin="0" dmax="0" x="3372.5" z="615" r="150"/>
        <zone name="Zone_hen" smin="0" smax="0" dmin="0" dmax="0" x="3260" z="1027.5" r="112.5"/>
        <zone name="Zone_hen" smin="0" smax="0" dmin="0" dmax="0" x="3305" z="337.5" r="97.5"/>
        <zone name="Zone_hen" smin="0" smax="0" dmin="0" dmax="0" x="3597.5" z="697.5" r="82.5"/>
        <zone name="Zone_hen" smin="0" smax="0" dmin="0" dmax="0" x="3762.5" z="750" r="82.5"/>
        <zone name="Zone_hen" smin="0" smax="0" dmin="0" dmax="0" x="3072.5" z="270" r="75"/>
        <zone name="Zone_hen" smin="0" smax="0" dmin="0" dmax="0" x="3582.5" z="540" r="75"/>
        <zone name="Zone_hen" smin="0" smax="0" dmin="0" dmax="0" x="3185" z="780" r="75"/>
        <zone name="Zone_hen" smin="0" smax="0" dmin="0" dmax="0" x="3545" z="1087.5" r="75"/>
    </territory>
    <territory color="3556750600">
        <zone name="Zone_hen" smin="0" smax="0" dmin="0" dmax="0" x="1140" z="13337.5" r="97.5"/>
    </territory>
    <territory color="3556750600">
        <zone name="Zone_hen" smin="0" smax="0" dmin="0" dmax="0" x="1853.5" z="9769.5" r="82.5"/>
    </territory>
    <territory color="3556750600">
        <zone name="Zone_hen" smin="0" smax="0" dmin="0" dmax="0" x="8865" z="6655" r="127.5"/>
        <zone name="Zone_hen" smin="0" smax="0" dmin="0" dmax="0" x="8640" z="6835" r="90"/>
        <zone name="Zone_hen" smin="0" smax="0" dmin="0" dmax="0" x="8850" z="6865" r="82.5"/>
        <zone name="Zone_hen" smin="0" smax="0" dmin="0" dmax="0" x="7710" z="7150" r="82.5"/>
    </territory>
    <territory color="3556750600">
        <zone name="Zone_hen" smin="0" smax="0" dmin="0" dmax="0" x="7320" z="13815" r="112.5"/>
    </territory>
    <territory color="3556750600">
        <zone name="Zone_hen" smin="0" smax="0" dmin="0" dmax="0" x="2895" z="6094" r="150"/>
        <zone name="Zone_hen" smin="0" smax="0" dmin="0" dmax="0" x="2023.5" z="6487" r="120"/>
        <zone name="Zone_hen" smin="0" smax="0" dmin="0" dmax="0" x="3292.5" z="6251.5" r="112.5"/>
        <zone name="Zone_hen" smin="0" smax="0" dmin="0" dmax="0" x="2341.5" z="6125.5" r="90"/>
        <zone name="Zone_hen" smin="0" smax="0" dmin="0" dmax="0" x="3123" z="6404.5" r="75"/>
        <zone name="Zone_hen" smin="0" smax="0" dmin="0" dmax="0" x="2853" z="6403" r="75"/>
    </territory>
    <territory color="3556750600">
        <zone name="Zone_hen" smin="0" smax="0" dmin="0" dmax="0" x="887.5" z="13045" r="120"/>
    </territory>
    <territory color="3556750600">
        <zone name="Zone_hen" smin="0" smax="0" dmin="0" dmax="0" x="12787.5" z="180" r="105"/>
        <zone name="Zone_hen" smin="0" smax="0" dmin="0" dmax="0" x="12997.5" z="622.5" r="97.5"/>
        <zone name="Zone_hen" smin="0" smax="0" dmin="0" dmax="0" x="12960" z="255" r="75"/>
    </territory>
    <territory color="3556750600">
        <zone name="Zone_hen" smin="0" smax="0" dmin="0" dmax="0" x="6165" z="5295" r="135"/>
        <zone name="Zone_hen" smin="0" smax="0" dmin="0" dmax="0" x="6300" z="5715" r="105"/>
    </territory>
    <territory color="3556750600">
        <zone name="Zone_hen" smin="0" smax="0" dmin="0" dmax="0" x="1462.5" z="10515" r="150"/>
        <zone name="Zone_hen" smin="0" smax="0" dmin="0" dmax="0" x="1725" z="10582.5" r="120"/>
        <zone name="Zone_hen" smin="0" smax="0" dmin="0" dmax="0" x="1260" z="10215" r="82.5"/>
        <zone name="Zone_hen" smin="0" smax="0" dmin="0" dmax="0" x="1095" z="10815" r="82.5"/>
        <zone name="Zone_hen" smin="0" smax="0" dmin="0" dmax="0" x="1387.5" z="10732.5" r="75"/>
        <zone name="Zone_hen" smin="0" smax="0" dmin="0" dmax="0" x="1710" z="10800" r="75"/>
        <zone name="Zone_hen" smin="0" smax="0" dmin="0" dmax="0" x="885" z="11055" r="75"/>
    </territory>
    <territory color="3556750600">
        <zone name="Zone_hen" smin="0" smax="0" dmin="0" dmax="0" x="6660" z="2617.5" r="82.5"/>
    </territory>
    <territory color="3556750600">
        <zone name="Zone_hen" smin="0" smax="0" dmin="0" dmax="0" x="9099" z="12081" r="127.5"/>
        <zone name="Zone_hen" smin="0" smax="0" dmin="0" dmax="0" x="8994" z="12243" r="105"/>
        <zone name="Zone_hen" smin="0" smax="0" dmin="0" dmax="0" x="9061.5" z="12477" r="75"/>
        <zone name="Zone_hen" smin="0" smax="0" dmin="0" dmax="0" x="8302.5" z="12583.5" r="75"/>
    </territory>
    <territory color="3556750600">
        <zone name="Zone_hen" smin="0" smax="0" dmin="0" dmax="0" x="277.5" z="11595" r="127.5"/>
    </territory>
    <territory color="3556750600">
        <zone name="Zone_hen" smin="0" smax="0" dmin="0" dmax="0" x="1138.5" z="3966" r="135"/>
        <zone name="Zone_hen" smin="0" smax="0" dmin="0" dmax="0" x="1707" z="4612.25" r="135"/>
        <zone name="Zone_hen" smin="0" smax="0" dmin="0" dmax="0" x="1468" z="4367.5" r="75"/>
        <zone name="Zone_hen" smin="0" smax="0" dmin="0" dmax="0" x="505.75" z="2976" r="75"/>
    </territory>
    <territory color="3556750600">
        <zone name="Zone_hen" smin="0" smax="0" dmin="0" dmax="0" x="4230" z="13540.5" r="112.5"/>
        <zone name="Zone_hen" smin="0" smax="0" dmin="0" dmax="0" x="4027.5" z="13780.5" r="75"/>
    </territory>
    <territory color="3556750600">
        <zone name="Zone_hen" smin="0" smax="0" dmin="0" dmax="0" x="1989" z="2353.5" r="82.5"/>
    </territory>
</territory-type>
