<?xml version="1.0" encoding="UTF-8"?>
<territory-type>
    <territory color="4291611852">
        <zone name="Water" smin="0" smax="0" dmin="0" dmax="0" x="9697.5" z="7972.5" r="52.5"/>
        <zone name="Rest" smin="0" smax="0" dmin="0" dmax="0" x="10252.5" z="11287.5" r="225"/>
        <zone name="Rest" smin="0" smax="0" dmin="0" dmax="0" x="10275" z="11782.5" r="210"/>
        <zone name="Rest" smin="0" smax="0" dmin="0" dmax="0" x="9375" z="10695" r="187.5"/>
        <zone name="Rest" smin="0" smax="0" dmin="0" dmax="0" x="9922.5" z="11062.5" r="172.5"/>
        <zone name="HuntingGround" smin="0" smax="0" dmin="0" dmax="0" x="10215" z="12007.5" r="300"/>
        <zone name="HuntingGround" smin="0" smax="0" dmin="0" dmax="0" x="10252.5" z="11257.5" r="270"/>
        <zone name="HuntingGround" smin="0" smax="0" dmin="0" dmax="0" x="9367.5" z="10635" r="240"/>
        <zone name="HuntingGround" smin="0" smax="0" dmin="0" dmax="0" x="9330" z="9682.5" r="232.5"/>
        <zone name="HuntingGround" smin="0" smax="0" dmin="0" dmax="0" x="9832.5" z="9330" r="225"/>
        <zone name="HuntingGround" smin="0" smax="0" dmin="0" dmax="0" x="9165" z="10207.5" r="195"/>
        <zone name="HuntingGround" smin="0" smax="0" dmin="0" dmax="0" x="10897.5" z="10342.5" r="187.5"/>
        <zone name="HuntingGround" smin="0" smax="0" dmin="0" dmax="0" x="9817.5" z="11017.5" r="187.5"/>
        <zone name="HuntingGround" smin="0" smax="0" dmin="0" dmax="0" x="10290" z="10612.5" r="180"/>
        <zone name="HuntingGround" smin="0" smax="0" dmin="0" dmax="0" x="9495" z="10065" r="157.5"/>
        <zone name="HuntingGround" smin="0" smax="0" dmin="0" dmax="0" x="10680" z="11205" r="157.5"/>
    </territory>
    <territory color="4291611852">
        <zone name="Water" smin="0" smax="0" dmin="0" dmax="0" x="8527.5" z="13845" r="90"/>
        <zone name="Water" smin="0" smax="0" dmin="0" dmax="0" x="9930" z="13845" r="75"/>
        <zone name="Water" smin="0" smax="0" dmin="0" dmax="0" x="9270" z="13710" r="67.5"/>
        <zone name="Rest" smin="0" smax="0" dmin="0" dmax="0" x="10275" z="11782.5" r="210"/>
        <zone name="Rest" smin="0" smax="0" dmin="0" dmax="0" x="10192.5" z="12682.5" r="172.5"/>
        <zone name="Rest" smin="0" smax="0" dmin="0" dmax="0" x="10065" z="12105" r="165"/>
        <zone name="Rest" smin="0" smax="0" dmin="0" dmax="0" x="10185" z="13057.5" r="157.5"/>
        <zone name="HuntingGround" smin="0" smax="0" dmin="0" dmax="0" x="10215" z="12007.5" r="300"/>
        <zone name="HuntingGround" smin="0" smax="0" dmin="0" dmax="0" x="9480" z="12457.5" r="270"/>
        <zone name="HuntingGround" smin="0" smax="0" dmin="0" dmax="0" x="10215" z="12817.5" r="240"/>
        <zone name="HuntingGround" smin="0" smax="0" dmin="0" dmax="0" x="9007.5" z="12262.5" r="210"/>
        <zone name="HuntingGround" smin="0" smax="0" dmin="0" dmax="0" x="8332.5" z="11730" r="157.5"/>
    </territory>
    <territory color="4291611852">
        <zone name="Water" smin="0" smax="0" dmin="0" dmax="0" x="8880" z="8272.5" r="52.5"/>
        <zone name="Rest" smin="0" smax="0" dmin="0" dmax="0" x="8092.5" z="10252.5" r="172.5"/>
        <zone name="HuntingGround" smin="0" smax="0" dmin="0" dmax="0" x="9330" z="9682.5" r="232.5"/>
        <zone name="HuntingGround" smin="0" smax="0" dmin="0" dmax="0" x="8100" z="10275" r="217.5"/>
        <zone name="HuntingGround" smin="0" smax="0" dmin="0" dmax="0" x="9165" z="10207.5" r="195"/>
        <zone name="HuntingGround" smin="0" smax="0" dmin="0" dmax="0" x="8017.5" z="11002.5" r="180"/>
        <zone name="HuntingGround" smin="0" smax="0" dmin="0" dmax="0" x="7612.5" z="11137.5" r="157.5"/>
    </territory>
    <territory color="4291611852">
        <zone name="Water" smin="0" smax="0" dmin="0" dmax="0" x="2370" z="14235" r="60"/>
        <zone name="Rest" smin="0" smax="0" dmin="0" dmax="0" x="240" z="13702.5" r="240"/>
        <zone name="Rest" smin="0" smax="0" dmin="0" dmax="0" x="502.5" z="14055" r="195"/>
        <zone name="Rest" smin="0" smax="0" dmin="0" dmax="0" x="1297.5" z="14437.5" r="180"/>
        <zone name="Rest" smin="0" smax="0" dmin="0" dmax="0" x="825" z="13867.5" r="165"/>
        <zone name="HuntingGround" smin="0" smax="0" dmin="0" dmax="0" x="1057.5" z="13852.5" r="292.5"/>
        <zone name="HuntingGround" smin="0" smax="0" dmin="0" dmax="0" x="465" z="13972.5" r="285"/>
        <zone name="HuntingGround" smin="0" smax="0" dmin="0" dmax="0" x="345" z="15007.5" r="255"/>
        <zone name="HuntingGround" smin="0" smax="0" dmin="0" dmax="0" x="1822.5" z="13950" r="247.5"/>
        <zone name="HuntingGround" smin="0" smax="0" dmin="0" dmax="0" x="1297.5" z="14422.5" r="232.5"/>
        <zone name="HuntingGround" smin="0" smax="0" dmin="0" dmax="0" x="877.5" z="14340" r="195"/>
        <zone name="HuntingGround" smin="0" smax="0" dmin="0" dmax="0" x="1777.5" z="14520" r="165"/>
    </territory>
    <territory color="4291611852">
        <zone name="Water" smin="0" smax="0" dmin="0" dmax="0" x="1324.5" z="12738" r="67.5"/>
        <zone name="Water" smin="0" smax="0" dmin="0" dmax="0" x="1159.5" z="13015.5" r="67.5"/>
        <zone name="Water" smin="0" smax="0" dmin="0" dmax="0" x="859.5" z="13113" r="60"/>
        <zone name="Rest" smin="0" smax="0" dmin="0" dmax="0" x="769.5" z="10638" r="247.5"/>
        <zone name="Rest" smin="0" smax="0" dmin="0" dmax="0" x="1414.5" z="11905.5" r="180"/>
        <zone name="HuntingGround" smin="0" smax="0" dmin="0" dmax="0" x="574.5" z="12753" r="300"/>
        <zone name="HuntingGround" smin="0" smax="0" dmin="0" dmax="0" x="784.5" z="10638" r="300"/>
        <zone name="HuntingGround" smin="0" smax="0" dmin="0" dmax="0" x="1399.5" z="11890.5" r="225"/>
        <zone name="HuntingGround" smin="0" smax="0" dmin="0" dmax="0" x="882" z="11493" r="180"/>
        <zone name="HuntingGround" smin="0" smax="0" dmin="0" dmax="0" x="1054.5" z="12790.5" r="180"/>
        <zone name="HuntingGround" smin="0" smax="0" dmin="0" dmax="0" x="522" z="12160.5" r="172.5"/>
        <zone name="HuntingGround" smin="0" smax="0" dmin="0" dmax="0" x="207" z="13173" r="165"/>
        <zone name="HuntingGround" smin="0" smax="0" dmin="0" dmax="0" x="1017" z="12010.5" r="157.5"/>
    </territory>
    <territory color="4291611852">
        <zone name="Water" smin="0" smax="0" dmin="0" dmax="0" x="1867.5" z="9862.5" r="52.5"/>
        <zone name="Water" smin="0" smax="0" dmin="0" dmax="0" x="1867.5" z="10117.5" r="52.5"/>
        <zone name="Water" smin="0" smax="0" dmin="0" dmax="0" x="1875" z="10215" r="45"/>
        <zone name="Rest" smin="0" smax="0" dmin="0" dmax="0" x="1327.5" z="8317.5" r="247.5"/>
        <zone name="Rest" smin="0" smax="0" dmin="0" dmax="0" x="1455" z="8745" r="195"/>
        <zone name="Rest" smin="0" smax="0" dmin="0" dmax="0" x="1335" z="9105" r="180"/>
        <zone name="Rest" smin="0" smax="0" dmin="0" dmax="0" x="1747.5" z="8377.5" r="172.5"/>
        <zone name="HuntingGround" smin="0" smax="0" dmin="0" dmax="0" x="1350" z="8947.5" r="270"/>
        <zone name="HuntingGround" smin="0" smax="0" dmin="0" dmax="0" x="1695" z="8272.5" r="247.5"/>
        <zone name="HuntingGround" smin="0" smax="0" dmin="0" dmax="0" x="1335" z="9450" r="232.5"/>
        <zone name="HuntingGround" smin="0" smax="0" dmin="0" dmax="0" x="2122.5" z="8392.5" r="187.5"/>
        <zone name="HuntingGround" smin="0" smax="0" dmin="0" dmax="0" x="2677.5" z="7560" r="172.5"/>
    </territory>
    <territory color="4291611852">
        <zone name="Water" smin="0" smax="0" dmin="0" dmax="0" x="920" z="2505" r="60"/>
        <zone name="Rest" smin="0" smax="0" dmin="0" dmax="0" x="555" z="2317.5" r="247.5"/>
        <zone name="Rest" smin="0" smax="0" dmin="0" dmax="0" x="2002.5" z="500" r="187.5"/>
        <zone name="Rest" smin="0" smax="0" dmin="0" dmax="0" x="1252.5" z="1385" r="172.5"/>
        <zone name="Rest" smin="0" smax="0" dmin="0" dmax="0" x="755" z="992.5" r="157.5"/>
        <zone name="HuntingGround" smin="0" smax="0" dmin="0" dmax="0" x="1207.5" z="360" r="300"/>
        <zone name="HuntingGround" smin="0" smax="0" dmin="0" dmax="0" x="1297.5" z="1377.5" r="255"/>
        <zone name="HuntingGround" smin="0" smax="0" dmin="0" dmax="0" x="1095" z="2242.5" r="225"/>
        <zone name="HuntingGround" smin="0" smax="0" dmin="0" dmax="0" x="550" z="1492.5" r="217.5"/>
        <zone name="HuntingGround" smin="0" smax="0" dmin="0" dmax="0" x="930" z="1782.5" r="217.5"/>
        <zone name="HuntingGround" smin="0" smax="0" dmin="0" dmax="0" x="417.5" z="710.001" r="180"/>
        <zone name="HuntingGround" smin="0" smax="0" dmin="0" dmax="0" x="1887.5" z="817.5" r="157.5"/>
    </territory>
    <territory color="4291611852">
        <zone name="Water" smin="0" smax="0" dmin="0" dmax="0" x="7717.5" z="9060" r="75"/>
        <zone name="Rest" smin="0" smax="0" dmin="0" dmax="0" x="6682.5" z="8160" r="247.5"/>
        <zone name="Rest" smin="0" smax="0" dmin="0" dmax="0" x="7327.5" z="9427.5" r="180"/>
        <zone name="HuntingGround" smin="0" smax="0" dmin="0" dmax="0" x="6697.5" z="8160" r="300"/>
        <zone name="HuntingGround" smin="0" smax="0" dmin="0" dmax="0" x="7312.5" z="9412.5" r="225"/>
        <zone name="HuntingGround" smin="0" smax="0" dmin="0" dmax="0" x="6795" z="9015" r="180"/>
        <zone name="HuntingGround" smin="0" smax="0" dmin="0" dmax="0" x="6435" z="9682.5" r="172.5"/>
        <zone name="HuntingGround" smin="0" smax="0" dmin="0" dmax="0" x="6930" z="9532.5" r="157.5"/>
    </territory>
    <territory color="4291611852">
        <zone name="Water" smin="0" smax="0" dmin="0" dmax="0" x="10597.5" z="13432.5" r="60"/>
        <zone name="Rest" smin="0" smax="0" dmin="0" dmax="0" x="10837.5" z="13942.5" r="247.5"/>
        <zone name="Rest" smin="0" smax="0" dmin="0" dmax="0" x="11070" z="13455" r="210"/>
        <zone name="Rest" smin="0" smax="0" dmin="0" dmax="0" x="11670" z="13695" r="157.5"/>
        <zone name="Rest" smin="0" smax="0" dmin="0" dmax="0" x="11295" z="13860" r="157.5"/>
        <zone name="HuntingGround" smin="0" smax="0" dmin="0" dmax="0" x="11137.5" z="13597.5" r="300"/>
        <zone name="HuntingGround" smin="0" smax="0" dmin="0" dmax="0" x="10451.8" z="14604.6" r="300"/>
        <zone name="HuntingGround" smin="0" smax="0" dmin="0" dmax="0" x="12097.5" z="14737.5" r="285"/>
        <zone name="HuntingGround" smin="0" smax="0" dmin="0" dmax="0" x="11737.5" z="13635" r="240"/>
        <zone name="HuntingGround" smin="0" smax="0" dmin="0" dmax="0" x="10909.3" z="14882.1" r="232.5"/>
        <zone name="HuntingGround" smin="0" smax="0" dmin="0" dmax="0" x="13695" z="14700" r="225"/>
        <zone name="HuntingGround" smin="0" smax="0" dmin="0" dmax="0" x="10927.5" z="14085" r="187.5"/>
        <zone name="HuntingGround" smin="0" smax="0" dmin="0" dmax="0" x="13065" z="15187.5" r="180"/>
        <zone name="HuntingGround" smin="0" smax="0" dmin="0" dmax="0" x="11152.5" z="13080" r="165"/>
        <zone name="HuntingGround" smin="0" smax="0" dmin="0" dmax="0" x="12577.5" z="14437.5" r="165"/>
    </territory>
    <territory color="4291611852">
        <zone name="Water" smin="0" smax="0" dmin="0" dmax="0" x="10905" z="5187.5" r="67.5"/>
        <zone name="Water" smin="0" smax="0" dmin="0" dmax="0" x="10155" z="4455" r="60"/>
        <zone name="Water" smin="0" smax="0" dmin="0" dmax="0" x="9780" z="5172.5" r="52.5"/>
        <zone name="Rest" smin="0" smax="0" dmin="0" dmax="0" x="8977.5" z="5240" r="202.5"/>
        <zone name="Rest" smin="0" smax="0" dmin="0" dmax="0" x="10447.5" z="5555" r="180"/>
        <zone name="Rest" smin="0" smax="0" dmin="0" dmax="0" x="10157.5" z="5685" r="172.5"/>
        <zone name="Rest" smin="0" smax="0" dmin="0" dmax="0" x="10470" z="5227.5" r="157.5"/>
        <zone name="HuntingGround" smin="0" smax="0" dmin="0" dmax="0" x="9020" z="5207.5" r="300"/>
        <zone name="HuntingGround" smin="0" smax="0" dmin="0" dmax="0" x="8970" z="5685" r="240"/>
        <zone name="HuntingGround" smin="0" smax="0" dmin="0" dmax="0" x="9175" z="5962.5" r="225"/>
        <zone name="HuntingGround" smin="0" smax="0" dmin="0" dmax="0" x="9777.5" z="6537.5" r="217.5"/>
        <zone name="HuntingGround" smin="0" smax="0" dmin="0" dmax="0" x="10437.5" z="4702.5" r="210"/>
        <zone name="HuntingGround" smin="0" smax="0" dmin="0" dmax="0" x="10087.5" z="5420" r="187.5"/>
        <zone name="HuntingGround" smin="0" smax="0" dmin="0" dmax="0" x="10020" z="4775" r="180"/>
        <zone name="HuntingGround" smin="0" smax="0" dmin="0" dmax="0" x="10037.5" z="6367.5" r="172.5"/>
        <zone name="HuntingGround" smin="0" smax="0" dmin="0" dmax="0" x="9945" z="5742.5" r="165"/>
    </territory>
    <territory color="4291611852">
        <zone name="Water" smin="0" smax="0" dmin="0" dmax="0" x="10402.5" z="7582.5" r="75"/>
        <zone name="Rest" smin="0" smax="0" dmin="0" dmax="0" x="10252.5" z="11287.5" r="225"/>
        <zone name="HuntingGround" smin="0" smax="0" dmin="0" dmax="0" x="9832.5" z="9330" r="225"/>
        <zone name="HuntingGround" smin="0" smax="0" dmin="0" dmax="0" x="10897.5" z="10342.5" r="187.5"/>
        <zone name="HuntingGround" smin="0" smax="0" dmin="0" dmax="0" x="10290" z="10612.5" r="180"/>
        <zone name="HuntingGround" smin="0" smax="0" dmin="0" dmax="0" x="9495" z="10065" r="157.5"/>
        <zone name="HuntingGround" smin="0" smax="0" dmin="0" dmax="0" x="10680" z="11205" r="157.5"/>
    </territory>
    <territory color="4291611852">
        <zone name="Water" smin="0" smax="0" dmin="0" dmax="0" x="10597.5" z="13432.5" r="60"/>
        <zone name="Rest" smin="0" smax="0" dmin="0" dmax="0" x="10710" z="13162.5" r="247.5"/>
        <zone name="Rest" smin="0" smax="0" dmin="0" dmax="0" x="11070" z="13455" r="210"/>
        <zone name="Rest" smin="0" smax="0" dmin="0" dmax="0" x="11670" z="13695" r="157.5"/>
        <zone name="HuntingGround" smin="0" smax="0" dmin="0" dmax="0" x="10695" z="13072.5" r="300"/>
        <zone name="HuntingGround" smin="0" smax="0" dmin="0" dmax="0" x="11137.5" z="13597.5" r="300"/>
        <zone name="HuntingGround" smin="0" smax="0" dmin="0" dmax="0" x="11737.5" z="13635" r="240"/>
        <zone name="HuntingGround" smin="0" smax="0" dmin="0" dmax="0" x="11152.5" z="13080" r="165"/>
        <zone name="HuntingGround" smin="0" smax="0" dmin="0" dmax="0" x="10680" z="11205" r="157.5"/>
    </territory>
    <territory color="4291611852">
        <zone name="Water" smin="0" smax="0" dmin="0" dmax="0" x="8977.5" z="8197.5" r="60"/>
        <zone name="Water" smin="0" smax="0" dmin="0" dmax="0" x="8880" z="8272.5" r="52.5"/>
        <zone name="Water" smin="0" smax="0" dmin="0" dmax="0" x="7237.5" z="7612.5" r="45"/>
        <zone name="Rest" smin="0" smax="0" dmin="0" dmax="0" x="8722.5" z="9622.5" r="172.5"/>
        <zone name="HuntingGround" smin="0" smax="0" dmin="0" dmax="0" x="9960" z="9052.5" r="232.5"/>
        <zone name="HuntingGround" smin="0" smax="0" dmin="0" dmax="0" x="8730" z="9645" r="217.5"/>
        <zone name="HuntingGround" smin="0" smax="0" dmin="0" dmax="0" x="9795" z="9577.5" r="195"/>
        <zone name="HuntingGround" smin="0" smax="0" dmin="0" dmax="0" x="8647.5" z="10372.5" r="180"/>
        <zone name="HuntingGround" smin="0" smax="0" dmin="0" dmax="0" x="8242.5" z="10507.5" r="157.5"/>
    </territory>
    <territory color="4291611852">
        <zone name="Water" smin="0" smax="0" dmin="0" dmax="0" x="3231.5" z="10866" r="60"/>
        <zone name="Water" smin="0" smax="0" dmin="0" dmax="0" x="2669" z="10963.5" r="60"/>
        <zone name="Water" smin="0" smax="0" dmin="0" dmax="0" x="3329" z="11121" r="52.5"/>
        <zone name="Rest" smin="0" smax="0" dmin="0" dmax="0" x="2756" z="11821.5" r="247.5"/>
        <zone name="Rest" smin="0" smax="0" dmin="0" dmax="0" x="3191" z="11874" r="187.5"/>
        <zone name="Rest" smin="0" smax="0" dmin="0" dmax="0" x="2613.5" z="12226.5" r="180"/>
        <zone name="HuntingGround" smin="0" smax="0" dmin="0" dmax="0" x="2741" z="11767.5" r="300"/>
        <zone name="HuntingGround" smin="0" smax="0" dmin="0" dmax="0" x="2606" z="12301.5" r="210"/>
        <zone name="HuntingGround" smin="0" smax="0" dmin="0" dmax="0" x="2864" z="12537" r="202.5"/>
        <zone name="HuntingGround" smin="0" smax="0" dmin="0" dmax="0" x="2322.5" z="13690.5" r="187.5"/>
        <zone name="HuntingGround" smin="0" smax="0" dmin="0" dmax="0" x="3159.5" z="12924" r="172.5"/>
    </territory>
    <territory color="4291611852">
        <zone name="Water" smin="0" smax="0" dmin="0" dmax="0" x="2595" z="5947.5" r="60"/>
        <zone name="Rest" smin="0" smax="0" dmin="0" dmax="0" x="1777.5" z="5760" r="187.5"/>
        <zone name="Rest" smin="0" smax="0" dmin="0" dmax="0" x="2160" z="5722.5" r="157.5"/>
        <zone name="HuntingGround" smin="0" smax="0" dmin="0" dmax="0" x="1792.5" z="5910" r="300"/>
        <zone name="HuntingGround" smin="0" smax="0" dmin="0" dmax="0" x="2565" z="4417.5" r="225"/>
        <zone name="HuntingGround" smin="0" smax="0" dmin="0" dmax="0" x="907.5" z="5100" r="225"/>
        <zone name="HuntingGround" smin="0" smax="0" dmin="0" dmax="0" x="540" z="4252.5" r="217.5"/>
        <zone name="HuntingGround" smin="0" smax="0" dmin="0" dmax="0" x="2242.5" z="5662.5" r="157.5"/>
    </territory>
    <territory color="4291611852">
        <zone name="Water" smin="0" smax="0" dmin="0" dmax="0" x="4822.5" z="13657.5" r="60"/>
        <zone name="Water" smin="0" smax="0" dmin="0" dmax="0" x="6315" z="13875" r="60"/>
        <zone name="Water" smin="0" smax="0" dmin="0" dmax="0" x="6030" z="13485" r="45"/>
        <zone name="Rest" smin="0" smax="0" dmin="0" dmax="0" x="6997.5" z="12127.5" r="232.5"/>
        <zone name="Rest" smin="0" smax="0" dmin="0" dmax="0" x="7477.5" z="11970" r="180"/>
        <zone name="Rest" smin="0" smax="0" dmin="0" dmax="0" x="7012.5" z="13807.5" r="172.5"/>
        <zone name="Rest" smin="0" smax="0" dmin="0" dmax="0" x="6457.5" z="13950" r="165"/>
        <zone name="HuntingGround" smin="0" smax="0" dmin="0" dmax="0" x="6960" z="12105" r="292.5"/>
        <zone name="HuntingGround" smin="0" smax="0" dmin="0" dmax="0" x="5947.5" z="13965" r="277.5"/>
        <zone name="HuntingGround" smin="0" smax="0" dmin="0" dmax="0" x="7462.5" z="11970" r="217.5"/>
        <zone name="HuntingGround" smin="0" smax="0" dmin="0" dmax="0" x="6457.5" z="12210" r="210"/>
        <zone name="HuntingGround" smin="0" smax="0" dmin="0" dmax="0" x="7110" z="13680" r="202.5"/>
        <zone name="HuntingGround" smin="0" smax="0" dmin="0" dmax="0" x="8017.5" z="11002.5" r="180"/>
        <zone name="HuntingGround" smin="0" smax="0" dmin="0" dmax="0" x="7155" z="12900" r="172.5"/>
        <zone name="HuntingGround" smin="0" smax="0" dmin="0" dmax="0" x="5415" z="13387.5" r="172.5"/>
        <zone name="HuntingGround" smin="0" smax="0" dmin="0" dmax="0" x="7612.5" z="11137.5" r="157.5"/>
        <zone name="HuntingGround" smin="0" smax="0" dmin="0" dmax="0" x="8332.5" z="11730" r="157.5"/>
        <zone name="HuntingGround" smin="0" smax="0" dmin="0" dmax="0" x="6712.5" z="13470" r="157.5"/>
    </territory>
    <territory color="4291611852">
        <zone name="Water" smin="0" smax="0" dmin="0" dmax="0" x="1867.5" z="9862.5" r="52.5"/>
        <zone name="Rest" smin="0" smax="0" dmin="0" dmax="0" x="13710" z="14835" r="195"/>
        <zone name="Rest" smin="0" smax="0" dmin="0" dmax="0" x="14400" z="13080" r="187.5"/>
        <zone name="Rest" smin="0" smax="0" dmin="0" dmax="0" x="14002.5" z="14467.5" r="172.5"/>
        <zone name="HuntingGround" smin="0" smax="0" dmin="0" dmax="0" x="13950" z="14362.5" r="247.5"/>
        <zone name="HuntingGround" smin="0" smax="0" dmin="0" dmax="0" x="13815" z="13507.5" r="210"/>
        <zone name="HuntingGround" smin="0" smax="0" dmin="0" dmax="0" x="14445" z="13095" r="202.5"/>
        <zone name="HuntingGround" smin="0" smax="0" dmin="0" dmax="0" x="14377.5" z="14482.5" r="187.5"/>
        <zone name="HuntingGround" smin="0" smax="0" dmin="0" dmax="0" x="14932.5" z="13650" r="172.5"/>
    </territory>
    <territory color="4291611852">
        <zone name="Water" smin="0" smax="0" dmin="0" dmax="0" x="9930" z="13845" r="75"/>
        <zone name="Water" smin="0" smax="0" dmin="0" dmax="0" x="9270" z="13710" r="67.5"/>
        <zone name="Water" smin="0" smax="0" dmin="0" dmax="0" x="10050" z="13867.5" r="52.5"/>
        <zone name="Rest" smin="0" smax="0" dmin="0" dmax="0" x="10072.5" z="14625" r="195"/>
        <zone name="Rest" smin="0" smax="0" dmin="0" dmax="0" x="8572.5" z="14587.5" r="187.5"/>
        <zone name="Rest" smin="0" smax="0" dmin="0" dmax="0" x="10582.5" z="14910" r="180"/>
        <zone name="Rest" smin="0" smax="0" dmin="0" dmax="0" x="8842.5" z="15157.5" r="172.5"/>
        <zone name="HuntingGround" smin="0" smax="0" dmin="0" dmax="0" x="10087.5" z="14580" r="300"/>
        <zone name="HuntingGround" smin="0" smax="0" dmin="0" dmax="0" x="10747.5" z="14857.5" r="300"/>
        <zone name="HuntingGround" smin="0" smax="0" dmin="0" dmax="0" x="8707.5" z="14947.5" r="300"/>
        <zone name="HuntingGround" smin="0" smax="0" dmin="0" dmax="0" x="9810" z="15052.5" r="247.5"/>
        <zone name="HuntingGround" smin="0" smax="0" dmin="0" dmax="0" x="8325" z="14587.5" r="225"/>
        <zone name="HuntingGround" smin="0" smax="0" dmin="0" dmax="0" x="9255" z="15037.5" r="217.5"/>
        <zone name="HuntingGround" smin="0" smax="0" dmin="0" dmax="0" x="9330" z="14235" r="180"/>
        <zone name="HuntingGround" smin="0" smax="0" dmin="0" dmax="0" x="10215" z="15045" r="165"/>
    </territory>
    <territory color="4291611852">
        <zone name="Water" smin="0" smax="0" dmin="0" dmax="0" x="8270.71" z="4091.79" r="60"/>
        <zone name="Water" smin="0" smax="0" dmin="0" dmax="0" x="7552.86" z="3632.14" r="60"/>
        <zone name="Water" smin="0" smax="0" dmin="0" dmax="0" x="3757.5" z="15232.5" r="60"/>
        <zone name="Rest" smin="0" smax="0" dmin="0" dmax="0" x="7759.64" z="4695" r="202.5"/>
        <zone name="Rest" smin="0" smax="0" dmin="0" dmax="0" x="8450.71" z="4346.79" r="202.5"/>
        <zone name="HuntingGround" smin="0" smax="0" dmin="0" dmax="0" x="7465" z="4255.72" r="300"/>
        <zone name="HuntingGround" smin="0" smax="0" dmin="0" dmax="0" x="8186.07" z="4789.29" r="300"/>
        <zone name="HuntingGround" smin="0" smax="0" dmin="0" dmax="0" x="7927.86" z="3910.72" r="187.5"/>
        <zone name="HuntingGround" smin="0" smax="0" dmin="0" dmax="0" x="7187.5" z="3780" r="165"/>
        <zone name="HuntingGround" smin="0" smax="0" dmin="0" dmax="0" x="7993.21" z="4330.72" r="157.5"/>
    </territory>
    <territory color="4291611852">
        <zone name="Water" smin="0" smax="0" dmin="0" dmax="0" x="8977.5" z="8197.5" r="60"/>
        <zone name="Water" smin="0" smax="0" dmin="0" dmax="0" x="8880" z="8272.5" r="52.5"/>
        <zone name="Rest" smin="0" smax="0" dmin="0" dmax="0" x="13057.5" z="9720" r="187.5"/>
        <zone name="HuntingGround" smin="0" smax="0" dmin="0" dmax="0" x="13050" z="9660" r="240"/>
        <zone name="HuntingGround" smin="0" smax="0" dmin="0" dmax="0" x="13012.5" z="8707.5" r="232.5"/>
        <zone name="HuntingGround" smin="0" smax="0" dmin="0" dmax="0" x="13515" z="8355" r="225"/>
        <zone name="HuntingGround" smin="0" smax="0" dmin="0" dmax="0" x="12847.5" z="9232.5" r="195"/>
        <zone name="HuntingGround" smin="0" smax="0" dmin="0" dmax="0" x="13177.5" z="9090" r="157.5"/>
    </territory>
    <territory color="4291611852">
        <zone name="Water" smin="0" smax="0" dmin="0" dmax="0" x="8542.5" z="14025" r="75"/>
        <zone name="Water" smin="0" smax="0" dmin="0" dmax="0" x="7710" z="14430" r="67.5"/>
        <zone name="Water" smin="0" smax="0" dmin="0" dmax="0" x="7980" z="14700" r="67.5"/>
        <zone name="Rest" smin="0" smax="0" dmin="0" dmax="0" x="8572.5" z="14587.5" r="187.5"/>
        <zone name="Rest" smin="0" smax="0" dmin="0" dmax="0" x="8002.5" z="14385" r="180"/>
        <zone name="Rest" smin="0" smax="0" dmin="0" dmax="0" x="8842.5" z="15157.5" r="172.5"/>
        <zone name="Rest" smin="0" smax="0" dmin="0" dmax="0" x="7537.5" z="14640" r="165"/>
        <zone name="HuntingGround" smin="0" smax="0" dmin="0" dmax="0" x="8707.5" z="14947.5" r="300"/>
        <zone name="HuntingGround" smin="0" smax="0" dmin="0" dmax="0" x="9810" z="15052.5" r="247.5"/>
        <zone name="HuntingGround" smin="0" smax="0" dmin="0" dmax="0" x="8325" z="14587.5" r="225"/>
        <zone name="HuntingGround" smin="0" smax="0" dmin="0" dmax="0" x="9255" z="15037.5" r="217.5"/>
        <zone name="HuntingGround" smin="0" smax="0" dmin="0" dmax="0" x="7830" z="15007.5" r="210"/>
        <zone name="HuntingGround" smin="0" smax="0" dmin="0" dmax="0" x="9330" z="14235" r="180"/>
        <zone name="HuntingGround" smin="0" smax="0" dmin="0" dmax="0" x="7567.5" z="14685" r="180"/>
    </territory>
    <territory color="4291611852">
        <zone name="Water" smin="0" smax="0" dmin="0" dmax="0" x="7605" z="11197.5" r="60"/>
        <zone name="Water" smin="0" smax="0" dmin="0" dmax="0" x="7140" z="11535" r="60"/>
        <zone name="Water" smin="0" smax="0" dmin="0" dmax="0" x="8527.5" z="12532.5" r="60"/>
        <zone name="Rest" smin="0" smax="0" dmin="0" dmax="0" x="7072.5" z="11655" r="202.5"/>
        <zone name="Rest" smin="0" smax="0" dmin="0" dmax="0" x="7665" z="11932.5" r="202.5"/>
        <zone name="Rest" smin="0" smax="0" dmin="0" dmax="0" x="6067.5" z="11737.5" r="180"/>
        <zone name="Rest" smin="0" smax="0" dmin="0" dmax="0" x="6915" z="11167.5" r="157.5"/>
        <zone name="HuntingGround" smin="0" smax="0" dmin="0" dmax="0" x="7005" z="11610" r="300"/>
        <zone name="HuntingGround" smin="0" smax="0" dmin="0" dmax="0" x="7897.5" z="12045" r="300"/>
        <zone name="HuntingGround" smin="0" smax="0" dmin="0" dmax="0" x="5115" z="12307.5" r="255"/>
        <zone name="HuntingGround" smin="0" smax="0" dmin="0" dmax="0" x="6592.5" z="11250" r="247.5"/>
        <zone name="HuntingGround" smin="0" smax="0" dmin="0" dmax="0" x="6067.5" z="11722.5" r="232.5"/>
        <zone name="HuntingGround" smin="0" smax="0" dmin="0" dmax="0" x="5647.5" z="11640" r="195"/>
        <zone name="HuntingGround" smin="0" smax="0" dmin="0" dmax="0" x="7545" z="11355" r="187.5"/>
        <zone name="HuntingGround" smin="0" smax="0" dmin="0" dmax="0" x="6547.5" z="11820" r="165"/>
        <zone name="HuntingGround" smin="0" smax="0" dmin="0" dmax="0" x="7447.5" z="12015" r="157.5"/>
    </territory>
    <territory color="4291611852">
        <zone name="Water" smin="0" smax="0" dmin="0" dmax="0" x="13942.5" z="5197.5" r="60"/>
        <zone name="Water" smin="0" smax="0" dmin="0" dmax="0" x="14190" z="5002.5" r="52.5"/>
        <zone name="Rest" smin="0" smax="0" dmin="0" dmax="0" x="13417.5" z="4950" r="202.5"/>
        <zone name="Rest" smin="0" smax="0" dmin="0" dmax="0" x="12112.5" z="4170" r="180"/>
        <zone name="HuntingGround" smin="0" smax="0" dmin="0" dmax="0" x="13395" z="4935" r="240"/>
        <zone name="HuntingGround" smin="0" smax="0" dmin="0" dmax="0" x="13365" z="5527.5" r="225"/>
        <zone name="HuntingGround" smin="0" smax="0" dmin="0" dmax="0" x="12937.5" z="4477.5" r="210"/>
        <zone name="HuntingGround" smin="0" smax="0" dmin="0" dmax="0" x="14497.5" z="5250" r="187.5"/>
        <zone name="HuntingGround" smin="0" smax="0" dmin="0" dmax="0" x="14430" z="4605" r="180"/>
    </territory>
    <territory color="4291611852">
        <zone name="Water" smin="0" smax="0" dmin="0" dmax="0" x="13427.5" z="1867.5" r="60"/>
        <zone name="Water" smin="0" smax="0" dmin="0" dmax="0" x="13502.5" z="2025" r="60"/>
        <zone name="Water" smin="0" smax="0" dmin="0" dmax="0" x="14635" z="1695" r="45"/>
        <zone name="Rest" smin="0" smax="0" dmin="0" dmax="0" x="14447.5" z="2272.5" r="232.5"/>
        <zone name="Rest" smin="0" smax="0" dmin="0" dmax="0" x="14857.5" z="1880" r="180"/>
        <zone name="HuntingGround" smin="0" smax="0" dmin="0" dmax="0" x="14620" z="2730" r="292.5"/>
        <zone name="HuntingGround" smin="0" smax="0" dmin="0" dmax="0" x="14842.5" z="1880" r="217.5"/>
        <zone name="HuntingGround" smin="0" smax="0" dmin="0" dmax="0" x="14387.5" z="3185" r="210"/>
        <zone name="HuntingGround" smin="0" smax="0" dmin="0" dmax="0" x="13820" z="2877.5" r="172.5"/>
        <zone name="HuntingGround" smin="0" smax="0" dmin="0" dmax="0" x="14992.5" z="1047.5" r="157.5"/>
    </territory>
</territory-type>
