<?xml version="1.0" encoding="UTF-8"?>
<territory-type>
    <territory color="2567342848">
        <zone name="InfectedArmy" smin="0" smax="0" dmin="3" dmax="6" x="8110" z="9870" r="100"/>
        <zone name="InfectedArmy" smin="0" smax="0" dmin="2" dmax="5" x="8332.79" z="9981.04" r="50"/>
        <zone name="InfectedArmy" smin="0" smax="0" dmin="5" dmax="7" x="12306.1" z="15042.4" r="50"/>
        <zone name="InfectedArmy" smin="0" smax="0" dmin="3" dmax="6" x="864.857" z="8979.29" r="50"/>
        <zone name="InfectedArmy" smin="0" smax="0" dmin="1" dmax="2" x="1961.44" z="11755.1" r="50"/>
        <zone name="InfectedArmy" smin="0" smax="0" dmin="2" dmax="4" x="2327.54" z="11764.4" r="50"/>
        <zone name="InfectedArmy" smin="0" smax="0" dmin="3" dmax="5" x="1851.06" z="11871.6" r="50"/>
        <zone name="InfectedArmy" smin="0" smax="0" dmin="2" dmax="4" x="12200.6" z="14806.9" r="50"/>
        <zone name="InfectedArmy" smin="0" smax="0" dmin="2" dmax="3" x="12065.6" z="14808.8" r="50"/>
        <zone name="InfectedArmy" smin="0" smax="0" dmin="5" dmax="7" x="11853.8" z="14803.1" r="50"/>
        <zone name="InfectedArmy" smin="0" smax="0" dmin="1" dmax="5" x="11806.9" z="15082.5" r="50"/>
        <zone name="InfectedArmy" smin="0" smax="0" dmin="1" dmax="2" x="9659.14" z="3746.57" r="50"/>
        <zone name="InfectedArmy" smin="0" smax="0" dmin="2" dmax="4" x="8210" z="9666.67" r="50"/>
        <zone name="InfectedArmy" smin="0" smax="0" dmin="2" dmax="4" x="2781.43" z="8730" r="50"/>
    </territory>
    <territory color="4290483455">
        <zone name="InfectedIndustrial" smin="0" smax="0" dmin="2" dmax="3" x="3876.76" z="1268.08" r="50"/>
        <zone name="InfectedIndustrial" smin="0" smax="0" dmin="2" dmax="3" x="3727.58" z="931.154" r="50"/>
        <zone name="InfectedIndustrial" smin="0" smax="0" dmin="1" dmax="2" x="1111.42" z="202.857" r="50"/>
        <zone name="InfectedIndustrial" smin="0" smax="0" dmin="2" dmax="3" x="5065.71" z="252.857" r="100"/>
        <zone name="InfectedIndustrial" smin="0" smax="0" dmin="2" dmax="3" x="6490" z="1593.33" r="100"/>
        <zone name="InfectedIndustrial" smin="0" smax="0" dmin="2" dmax="3" x="5320.2" z="2679.61" r="50"/>
        <zone name="InfectedIndustrial" smin="0" smax="0" dmin="2" dmax="3" x="9246.67" z="1516.67" r="50"/>
        <zone name="InfectedIndustrial" smin="0" smax="0" dmin="2" dmax="3" x="12936.7" z="713.333" r="100"/>
        <zone name="InfectedIndustrial" smin="0" smax="0" dmin="2" dmax="3" x="11750" z="4643.33" r="100"/>
        <zone name="InfectedIndustrial" smin="0" smax="0" dmin="2" dmax="3" x="3884.87" z="3490" r="50"/>
        <zone name="InfectedIndustrial" smin="0" smax="0" dmin="2" dmax="3" x="4263.33" z="3699.75" r="50"/>
        <zone name="InfectedIndustrial" smin="0" smax="0" dmin="2" dmax="3" x="7565" z="2141.62" r="100"/>
        <zone name="InfectedIndustrial" smin="0" smax="0" dmin="2" dmax="3" x="7342.5" z="1955" r="100"/>
        <zone name="InfectedIndustrial" smin="0" smax="0" dmin="2" dmax="3" x="7225" z="2085" r="50"/>
        <zone name="InfectedIndustrial" smin="0" smax="0" dmin="2" dmax="3" x="7384" z="2219" r="50"/>
        <zone name="InfectedIndustrial" smin="0" smax="0" dmin="2" dmax="4" x="7145" z="1945" r="50"/>
        <zone name="InfectedIndustrial" smin="0" smax="0" dmin="2" dmax="3" x="6990" z="1640" r="50"/>
        <zone name="InfectedIndustrial" smin="0" smax="0" dmin="2" dmax="3" x="6940" z="1525" r="50"/>
        <zone name="InfectedIndustrial" smin="0" smax="0" dmin="2" dmax="3" x="5595.71" z="852.381" r="50"/>
        <zone name="InfectedIndustrial" smin="0" smax="0" dmin="2" dmax="3" x="5683.33" z="796.667" r="50"/>
        <zone name="InfectedIndustrial" smin="0" smax="0" dmin="1" dmax="2" x="5616.67" z="1093.33" r="50"/>
        <zone name="InfectedIndustrial" smin="0" smax="0" dmin="1" dmax="2" x="5560" z="1630" r="50"/>
        <zone name="InfectedIndustrial" smin="0" smax="0" dmin="2" dmax="3" x="3913.85" z="3586.15" r="50"/>
        <zone name="InfectedIndustrial" smin="0" smax="0" dmin="2" dmax="3" x="4322.31" z="3613.85" r="50"/>
        <zone name="InfectedIndustrial" smin="0" smax="0" dmin="2" dmax="3" x="3932.31" z="1140" r="50"/>
        <zone name="InfectedIndustrial" smin="0" smax="0" dmin="2" dmax="3" x="3767.31" z="1197.69" r="50"/>
        <zone name="InfectedIndustrial" smin="0" smax="0" dmin="2" dmax="3" x="7773.53" z="1969.41" r="50"/>
        <zone name="InfectedIndustrial" smin="0" smax="0" dmin="1" dmax="2" x="7457.65" z="1545.88" r="50"/>
        <zone name="InfectedIndustrial" smin="0" smax="0" dmin="1" dmax="2" x="5832.35" z="945.882" r="50"/>
    </territory>
    <territory color="4287731209">
        <zone name="InfectedCityTier1" smin="0" smax="0" dmin="3" dmax="4" x="5385" z="1665" r="50"/>
        <zone name="InfectedCityTier1" smin="0" smax="0" dmin="2" dmax="3" x="5403.14" z="2874.29" r="50"/>
        <zone name="InfectedCityTier1" smin="0" smax="0" dmin="2" dmax="3" x="5968.75" z="2282.5" r="50"/>
        <zone name="InfectedCityTier1" smin="0" smax="0" dmin="2" dmax="3" x="6068.75" z="2193.75" r="50"/>
        <zone name="InfectedCityTier1" smin="0" smax="0" dmin="2" dmax="3" x="6180" z="2257.5" r="50"/>
        <zone name="InfectedCityTier1" smin="0" smax="0" dmin="2" dmax="3" x="6230" z="2150" r="50"/>
        <zone name="InfectedCityTier1" smin="0" smax="0" dmin="2" dmax="3" x="6327.5" z="2015" r="50"/>
        <zone name="InfectedCityTier1" smin="0" smax="0" dmin="2" dmax="3" x="6083.75" z="1950" r="50"/>
        <zone name="InfectedCityTier1" smin="0" smax="0" dmin="2" dmax="3" x="5791.25" z="2417.5" r="50"/>
        <zone name="InfectedCityTier1" smin="0" smax="0" dmin="2" dmax="3" x="5698.75" z="2540" r="50"/>
        <zone name="InfectedCityTier1" smin="0" smax="0" dmin="2" dmax="3" x="5740" z="2782.5" r="50"/>
        <zone name="InfectedCityTier1" smin="0" smax="0" dmin="2" dmax="3" x="5617.5" z="2707.5" r="50"/>
        <zone name="InfectedCityTier1" smin="0" smax="0" dmin="2" dmax="3" x="5622.5" z="2960" r="50"/>
        <zone name="InfectedCityTier1" smin="0" smax="0" dmin="2" dmax="3" x="5535" z="2801.25" r="50"/>
        <zone name="InfectedCityTier1" smin="0" smax="0" dmin="2" dmax="3" x="5425" z="2743.75" r="50"/>
        <zone name="InfectedCityTier1" smin="0" smax="0" dmin="2" dmax="3" x="5745" z="2651.25" r="50"/>
        <zone name="InfectedCityTier1" smin="0" smax="0" dmin="2" dmax="3" x="6411.25" z="1358.75" r="50"/>
        <zone name="InfectedCityTier1" smin="0" smax="0" dmin="2" dmax="3" x="6142.5" z="1715" r="50"/>
        <zone name="InfectedCityTier1" smin="0" smax="0" dmin="2" dmax="3" x="6147.5" z="1856.25" r="50"/>
        <zone name="InfectedCityTier1" smin="0" smax="0" dmin="2" dmax="3" x="6286.25" z="1865" r="50"/>
        <zone name="InfectedCityTier1" smin="0" smax="0" dmin="2" dmax="3" x="5828.75" z="2291.25" r="50"/>
        <zone name="InfectedCityTier1" smin="0" smax="0" dmin="2" dmax="3" x="5581.25" z="2558.75" r="50"/>
        <zone name="InfectedCityTier1" smin="0" smax="0" dmin="2" dmax="3" x="5898.75" z="1427.5" r="50"/>
        <zone name="InfectedCityTier1" smin="0" smax="0" dmin="2" dmax="3" x="5802.5" z="1517.5" r="50"/>
        <zone name="InfectedCityTier1" smin="0" smax="0" dmin="2" dmax="3" x="5831.25" z="1653.75" r="50"/>
        <zone name="InfectedCityTier1" smin="0" smax="0" dmin="2" dmax="3" x="5778.75" z="1421.25" r="50"/>
        <zone name="InfectedCityTier1" smin="0" smax="0" dmin="2" dmax="3" x="5696.25" z="1553.75" r="50"/>
        <zone name="InfectedCityTier1" smin="0" smax="0" dmin="2" dmax="3" x="5612.5" z="1781.25" r="50"/>
        <zone name="InfectedCityTier1" smin="0" smax="0" dmin="2" dmax="3" x="5583.75" z="1883.75" r="50"/>
        <zone name="InfectedCityTier1" smin="0" smax="0" dmin="2" dmax="3" x="6288.75" z="1433.75" r="50"/>
        <zone name="InfectedCityTier1" smin="0" smax="0" dmin="2" dmax="3" x="6205" z="2368.75" r="50"/>
        <zone name="InfectedCityTier1" smin="0" smax="0" dmin="2" dmax="3" x="6065" z="2375" r="50"/>
        <zone name="InfectedCityTier1" smin="0" smax="0" dmin="2" dmax="3" x="5931.25" z="2532.5" r="50"/>
        <zone name="InfectedCityTier1" smin="0" smax="0" dmin="2" dmax="3" x="5817.5" z="2553.75" r="50"/>
        <zone name="InfectedCityTier1" smin="0" smax="0" dmin="2" dmax="3" x="6253.33" z="1740" r="50"/>
        <zone name="InfectedCityTier1" smin="0" smax="0" dmin="2" dmax="3" x="6370" z="1760" r="50"/>
        <zone name="InfectedCityTier1" smin="0" smax="0" dmin="1" dmax="2" x="6053.33" z="2075" r="50"/>
        <zone name="InfectedCityTier1" smin="0" smax="0" dmin="2" dmax="3" x="5871" z="1821" r="50"/>
        <zone name="InfectedCityTier1" smin="0" smax="0" dmin="2" dmax="3" x="5970" z="1779" r="50"/>
        <zone name="InfectedCityTier1" smin="0" smax="0" dmin="2" dmax="3" x="5628" z="2343" r="50"/>
        <zone name="InfectedCityTier1" smin="0" smax="0" dmin="2" dmax="3" x="5484" z="2502" r="50"/>
    </territory>
    <territory color="2801860479">
        <zone name="InfectedVillage" smin="0" smax="0" dmin="2" dmax="3" x="428.182" z="14642.7" r="50"/>
        <zone name="InfectedVillage" smin="0" smax="0" dmin="1" dmax="3" x="2419.09" z="14656.4" r="50"/>
        <zone name="InfectedVillage" smin="0" smax="0" dmin="2" dmax="4" x="11556.7" z="4546.67" r="100"/>
        <zone name="InfectedVillage" smin="0" smax="0" dmin="2" dmax="4" x="11486.3" z="3933.75" r="100"/>
        <zone name="InfectedVillage" smin="0" smax="0" dmin="2" dmax="3" x="11947.5" z="4361.25" r="100"/>
        <zone name="InfectedVillage" smin="0" smax="0" dmin="2" dmax="4" x="11913.8" z="4151.25" r="100"/>
        <zone name="InfectedVillage" smin="0" smax="0" dmin="2" dmax="4" x="11808.8" z="3922.5" r="100"/>
        <zone name="InfectedVillage" smin="0" smax="0" dmin="2" dmax="4" x="11557.5" z="4376.25" r="100"/>
        <zone name="InfectedVillage" smin="0" smax="0" dmin="2" dmax="4" x="11520" z="3570" r="50"/>
        <zone name="InfectedVillage" smin="0" smax="0" dmin="2" dmax="3" x="11321.3" z="3765" r="100"/>
        <zone name="InfectedVillage" smin="0" smax="0" dmin="2" dmax="4" x="12960" z="6450" r="100"/>
        <zone name="InfectedVillage" smin="0" smax="0" dmin="2" dmax="4" x="12742.5" z="6472.5" r="100"/>
        <zone name="InfectedVillage" smin="0" smax="0" dmin="2" dmax="4" x="12528.8" z="6491.25" r="100"/>
        <zone name="InfectedVillage" smin="0" smax="0" dmin="2" dmax="4" x="12330" z="6491.25" r="100"/>
        <zone name="InfectedVillage" smin="0" smax="0" dmin="4" dmax="8" x="12071.3" z="6558.75" r="100"/>
        <zone name="InfectedVillage" smin="0" smax="0" dmin="2" dmax="4" x="12120" z="6776.25" r="100"/>
        <zone name="InfectedVillage" smin="0" smax="0" dmin="2" dmax="3" x="12153.8" z="6982.5" r="100"/>
        <zone name="InfectedVillage" smin="0" smax="0" dmin="2" dmax="4" x="12176.3" z="7192.5" r="100"/>
        <zone name="InfectedVillage" smin="0" smax="0" dmin="1" dmax="2" x="12221.3" z="7368.75" r="50"/>
        <zone name="InfectedVillage" smin="0" smax="0" dmin="2" dmax="4" x="12757.5" z="11073.8" r="100"/>
        <zone name="InfectedVillage" smin="0" smax="0" dmin="2" dmax="4" x="12630" z="10905" r="100"/>
        <zone name="InfectedVillage" smin="0" smax="0" dmin="2" dmax="4" x="12562.5" z="10732.5" r="50"/>
        <zone name="InfectedVillage" smin="0" smax="0" dmin="2" dmax="4" x="13080" z="12697.5" r="100"/>
        <zone name="InfectedVillage" smin="0" smax="0" dmin="2" dmax="4" x="13080" z="12491.3" r="100"/>
        <zone name="InfectedVillage" smin="0" smax="0" dmin="1" dmax="2" x="13023.8" z="12337.5" r="50"/>
        <zone name="InfectedVillage" smin="0" smax="0" dmin="2" dmax="3" x="6170" z="4457.33" r="50"/>
        <zone name="InfectedVillage" smin="0" smax="0" dmin="2" dmax="3" x="6100.67" z="4762.67" r="50"/>
        <zone name="InfectedVillage" smin="0" smax="0" dmin="2" dmax="4" x="6080" z="5066.67" r="100"/>
        <zone name="InfectedVillage" smin="0" smax="0" dmin="2" dmax="4" x="6164.17" z="5276.67" r="100"/>
        <zone name="InfectedVillage" smin="0" smax="0" dmin="2" dmax="4" x="6216.67" z="5453.33" r="100"/>
        <zone name="InfectedVillage" smin="0" smax="0" dmin="2" dmax="3" x="6206.67" z="5690" r="100"/>
        <zone name="InfectedVillage" smin="0" smax="0" dmin="2" dmax="3" x="6236.67" z="5916.67" r="100"/>
        <zone name="InfectedVillage" smin="0" smax="0" dmin="2" dmax="3" x="6266.67" z="6153.33" r="100"/>
        <zone name="InfectedVillage" smin="0" smax="0" dmin="2" dmax="3" x="6350" z="6363.33" r="100"/>
        <zone name="InfectedVillage" smin="0" smax="0" dmin="2" dmax="3" x="7583.33" z="7230" r="100"/>
        <zone name="InfectedVillage" smin="0" smax="0" dmin="2" dmax="3" x="7600" z="7646.67" r="100"/>
        <zone name="InfectedVillage" smin="0" smax="0" dmin="2" dmax="3" x="7616.67" z="7433.33" r="100"/>
        <zone name="InfectedVillage" smin="0" smax="0" dmin="1" dmax="2" x="7490" z="7053.33" r="50"/>
        <zone name="InfectedVillage" smin="0" smax="0" dmin="2" dmax="4" x="3000.91" z="6395.91" r="100"/>
        <zone name="InfectedVillage" smin="0" smax="0" dmin="1" dmax="2" x="2787.27" z="6327.27" r="100"/>
        <zone name="InfectedVillage" smin="0" smax="0" dmin="1" dmax="2" x="3398.18" z="6316.36" r="100"/>
        <zone name="InfectedVillage" smin="0" smax="0" dmin="2" dmax="4" x="3141.82" z="6218.18" r="100"/>
        <zone name="InfectedVillage" smin="0" smax="0" dmin="2" dmax="4" x="2880" z="6106.36" r="100"/>
        <zone name="InfectedVillage" smin="0" smax="0" dmin="1" dmax="2" x="2790" z="5719.09" r="50"/>
        <zone name="InfectedVillage" smin="0" smax="0" dmin="1" dmax="2" x="2820" z="5948.18" r="50"/>
        <zone name="InfectedVillage" smin="0" smax="0" dmin="1" dmax="2" x="13961.6" z="6756.82" r="50"/>
        <zone name="InfectedVillage" smin="0" smax="0" dmin="1" dmax="2" x="14157.3" z="6750" r="50"/>
        <zone name="InfectedVillage" smin="0" smax="0" dmin="1" dmax="2" x="13862.7" z="9120.65" r="50"/>
        <zone name="InfectedVillage" smin="0" smax="0" dmin="3" dmax="5" x="14515.7" z="9670" r="65"/>
        <zone name="InfectedVillage" smin="0" smax="0" dmin="2" dmax="4" x="9009.23" z="3401.54" r="50"/>
        <zone name="InfectedVillage" smin="0" smax="0" dmin="2" dmax="4" x="8676.15" z="2801.54" r="50"/>
        <zone name="InfectedVillage" smin="0" smax="0" dmin="2" dmax="4" x="8777.69" z="2933.08" r="50"/>
        <zone name="InfectedVillage" smin="0" smax="0" dmin="2" dmax="4" x="8830.71" z="3308.57" r="50"/>
        <zone name="InfectedVillage" smin="0" smax="0" dmin="2" dmax="4" x="8708.57" z="3185.71" r="50"/>
        <zone name="InfectedVillage" smin="0" smax="0" dmin="2" dmax="4" x="8562.86" z="3111.43" r="50"/>
        <zone name="InfectedVillage" smin="0" smax="0" dmin="2" dmax="4" x="9147.86" z="3274.29" r="50"/>
        <zone name="InfectedVillage" smin="0" smax="0" dmin="2" dmax="4" x="8985" z="3197.14" r="50"/>
        <zone name="InfectedVillage" smin="0" smax="0" dmin="2" dmax="4" x="8824.29" z="3120" r="50"/>
        <zone name="InfectedVillage" smin="0" smax="0" dmin="2" dmax="4" x="8700" z="3032.14" r="50"/>
        <zone name="InfectedVillage" smin="0" smax="0" dmin="2" dmax="4" x="8802.86" z="2839.29" r="50"/>
        <zone name="InfectedVillage" smin="0" smax="0" dmin="1" dmax="2" x="1881" z="6609" r="50"/>
        <zone name="InfectedVillage" smin="0" smax="0" dmin="1" dmax="2" x="2019" z="6483" r="50"/>
        <zone name="InfectedVillage" smin="0" smax="0" dmin="2" dmax="4" x="12771.4" z="10800" r="50"/>
        <zone name="InfectedVillage" smin="0" smax="0" dmin="2" dmax="4" x="12880.7" z="10862.1" r="50"/>
        <zone name="InfectedVillage" smin="0" smax="0" dmin="2" dmax="4" x="12915" z="10960.7" r="50"/>
    </territory>
    <territory color="1289674462">
        <zone name="InfectedPrisoner" smin="0" smax="0" dmin="1" dmax="2" x="2270.12" z="5056.41" r="50"/>
        <zone name="InfectedPrisoner" smin="0" smax="0" dmin="3" dmax="8" x="2315.91" z="4789.05" r="75"/>
        <zone name="InfectedPrisoner" smin="0" smax="0" dmin="2" dmax="4" x="9503.68" z="5941.58" r="75"/>
    </territory>
    <territory color="1910952871">
        <zone name="InfectedSolitude" smin="0" smax="0" dmin="1" dmax="4" x="1667.14" z="7632" r="100"/>
        <zone name="InfectedSolitude" smin="0" smax="0" dmin="4" dmax="6" x="1862.27" z="9783.02" r="100"/>
        <zone name="InfectedSolitude" smin="0" smax="0" dmin="1" dmax="4" x="1500" z="10388.6" r="100"/>
        <zone name="InfectedSolitude" smin="0" smax="0" dmin="1" dmax="4" x="1178.57" z="10821.4" r="100"/>
        <zone name="InfectedSolitude" smin="0" smax="0" dmin="1" dmax="2" x="6548.57" z="13457.1" r="100"/>
        <zone name="InfectedSolitude" smin="0" smax="0" dmin="1" dmax="2" x="11693" z="10600.2" r="50"/>
        <zone name="InfectedSolitude" smin="0" smax="0" dmin="1" dmax="2" x="11961.9" z="3327.2" r="50"/>
        <zone name="InfectedSolitude" smin="0" smax="0" dmin="1" dmax="2" x="9266.11" z="1533.89" r="100"/>
        <zone name="InfectedSolitude" smin="0" smax="0" dmin="1" dmax="2" x="8746.29" z="1671.43" r="50"/>
        <zone name="InfectedSolitude" smin="0" smax="0" dmin="1" dmax="4" x="3718.29" z="580.714" r="100"/>
        <zone name="InfectedSolitude" smin="0" smax="0" dmin="1" dmax="4" x="372" z="2844" r="100"/>
        <zone name="InfectedSolitude" smin="0" smax="0" dmin="1" dmax="4" x="5706" z="1950" r="100"/>
        <zone name="InfectedSolitude" smin="0" smax="0" dmin="1" dmax="4" x="6690" z="1410" r="100"/>
        <zone name="InfectedSolitude" smin="0" smax="0" dmin="2" dmax="2" x="9132" z="12150" r="100"/>
        <zone name="InfectedSolitude" smin="0" smax="0" dmin="2" dmax="4" x="9066" z="12528" r="100"/>
        <zone name="InfectedSolitude" smin="0" smax="0" dmin="1" dmax="2" x="9246.82" z="3562.05" r="50"/>
        <zone name="InfectedSolitude" smin="0" smax="0" dmin="1" dmax="2" x="1172.73" z="733.636" r="50"/>
        <zone name="InfectedSolitude" smin="0" smax="0" dmin="1" dmax="2" x="1032.34" z="286.233" r="50"/>
        <zone name="InfectedSolitude" smin="0" smax="0" dmin="1" dmax="2" x="11947.9" z="3224.73" r="50"/>
        <zone name="InfectedSolitude" smin="0" smax="0" dmin="2" dmax="5" x="8880" z="13159.1" r="60"/>
        <zone name="InfectedSolitude" smin="0" smax="0" dmin="2" dmax="3" x="14336.8" z="5205.22" r="60"/>
        <zone name="InfectedSolitude" smin="0" smax="0" dmin="1" dmax="2" x="13818" z="5339.77" r="50"/>
        <zone name="InfectedSolitude" smin="0" smax="0" dmin="2" dmax="4" x="11585.5" z="6567.27" r="50"/>
        <zone name="InfectedSolitude" smin="0" smax="0" dmin="1" dmax="2" x="11079" z="3732" r="50"/>
        <zone name="InfectedSolitude" smin="0" smax="0" dmin="1" dmax="2" x="11115" z="3624" r="50"/>
        <zone name="InfectedSolitude" smin="0" smax="0" dmin="1" dmax="2" x="14976" z="6051" r="50"/>
        <zone name="InfectedSolitude" smin="0" smax="0" dmin="1" dmax="4" x="14514" z="9672" r="60"/>
        <zone name="InfectedSolitude" smin="0" smax="0" dmin="1" dmax="2" x="4005" z="6858" r="60"/>
        <zone name="InfectedSolitude" smin="0" smax="0" dmin="1" dmax="4" x="11822.7" z="10546.4" r="50"/>
        <zone name="InfectedSolitude" smin="0" smax="0" dmin="1" dmax="2" x="11942.7" z="10486.4" r="50"/>
        <zone name="InfectedSolitude" smin="0" smax="0" dmin="2" dmax="4" x="12330" z="10496.3" r="50"/>
        <zone name="InfectedSolitude" smin="0" smax="0" dmin="2" dmax="4" x="5898.34" z="5095" r="50"/>
        <zone name="InfectedSolitude" smin="0" smax="0" dmin="1" dmax="2" x="5840" z="4995" r="50"/>
        <zone name="InfectedSolitude" smin="0" smax="0" dmin="2" dmax="4" x="1380" z="3676.67" r="50"/>
        <zone name="InfectedSolitude" smin="0" smax="0" dmin="2" dmax="3" x="14790.7" z="13897.2" r="60"/>
        <zone name="InfectedSolitude" smin="0" smax="0" dmin="1" dmax="2" x="7701.18" z="11022.4" r="50"/>
        <zone name="InfectedSolitude" smin="0" smax="0" dmin="1" dmax="2" x="13096.7" z="10263.3" r="50"/>
        <zone name="InfectedSolitude" smin="0" smax="0" dmin="2" dmax="4" x="7713.59" z="13396.2" r="50"/>
        <zone name="InfectedSolitude" smin="0" smax="0" dmin="1" dmax="4" x="6774" z="951" r="50"/>
        <zone name="InfectedSolitude" smin="0" smax="0" dmin="1" dmax="2" x="7408" z="83.9996" r="50"/>
        <zone name="InfectedSolitude" smin="0" smax="0" dmin="2" dmax="4" x="8793" z="6156" r="50"/>
        <zone name="InfectedSolitude" smin="0" smax="0" dmin="1" dmax="2" x="6056.67" z="12705" r="60"/>
        <zone name="InfectedSolitude" smin="0" smax="0" dmin="1" dmax="3" x="15229.4" z="2802.35" r="50"/>
        <zone name="InfectedSolitude" smin="0" smax="0" dmin="1" dmax="2" x="12486.7" z="12456.7" r="50"/>
        <zone name="InfectedSolitude" smin="0" smax="0" dmin="1" dmax="2" x="9066" z="9663" r="50"/>
        <zone name="InfectedSolitude" smin="0" smax="0" dmin="2" dmax="4" x="12585" z="9192" r="50"/>
        <zone name="InfectedSolitude" smin="0" smax="0" dmin="2" dmax="3" x="459" z="5427" r="50"/>
        <zone name="InfectedSolitude" smin="0" smax="0" dmin="2" dmax="3" x="3844.5" z="1026" r="50"/>
        <zone name="InfectedSolitude" smin="0" smax="0" dmin="1" dmax="2" x="9123.33" z="14070" r="50"/>
        <zone name="InfectedSolitude" smin="0" smax="0" dmin="1" dmax="2" x="12780" z="13415.5" r="50"/>
        <zone name="InfectedSolitude" smin="0" smax="0" dmin="1" dmax="2" x="12812.7" z="13524.5" r="50"/>
        <zone name="InfectedSolitude" smin="0" smax="0" dmin="1" dmax="2" x="12804.5" z="13251.8" r="50"/>
        <zone name="InfectedSolitude" smin="0" smax="0" dmin="1" dmax="2" x="9662.73" z="14716.4" r="50"/>
        <zone name="InfectedSolitude" smin="0" smax="0" dmin="2" dmax="4" x="1298.18" z="3829.09" r="100"/>
        <zone name="InfectedSolitude" smin="0" smax="0" dmin="1" dmax="2" x="642" z="7230" r="50"/>
        <zone name="InfectedSolitude" smin="0" smax="0" dmin="2" dmax="4" x="14842.5" z="11982.5" r="50"/>
        <zone name="InfectedSolitude" smin="0" smax="0" dmin="1" dmax="2" x="14712.9" z="13692.9" r="50"/>
    </territory>
    <territory color="1794965508">
        <zone name="InfectedPolice" smin="0" smax="0" dmin="2" dmax="3" x="6393.43" z="2087.14" r="50"/>
        <zone name="InfectedPolice" smin="0" smax="0" dmin="2" dmax="3" x="6393" z="5880" r="50"/>
        <zone name="InfectedPolice" smin="0" smax="0" dmin="2" dmax="3" x="4917" z="519" r="50"/>
        <zone name="InfectedPolice" smin="0" smax="0" dmin="2" dmax="3" x="4232.86" z="13648.6" r="50"/>
        <zone name="InfectedPolice" smin="0" smax="0" dmin="5" dmax="6" x="12907.5" z="525" r="50"/>
        <zone name="InfectedPolice" smin="0" smax="0" dmin="2" dmax="3" x="3590.63" z="360" r="50"/>
        <zone name="InfectedPolice" smin="0" smax="0" dmin="2" dmax="3" x="6420" z="13894.3" r="50"/>
        <zone name="InfectedPolice" smin="0" smax="0" dmin="2" dmax="3" x="12119.3" z="6519.75" r="50"/>
        <zone name="InfectedPolice" smin="0" smax="0" dmin="2" dmax="3" x="1235" z="10662.5" r="50"/>
        <zone name="InfectedPolice" smin="0" smax="0" dmin="2" dmax="3" x="2277" z="5049" r="50"/>
        <zone name="InfectedPolice" smin="0" smax="0" dmin="2" dmax="3" x="9504" z="5925" r="50"/>
    </territory>
    <territory color="4294967040">
        <zone name="InfectedNBC" smin="0" smax="0" dmin="2" dmax="5" x="11734.3" z="15024.8" r="50"/>
        <zone name="InfectedNBC" smin="0" smax="0" dmin="4" dmax="6" x="13312.5" z="11550" r="50"/>
        <zone name="InfectedNBC" smin="0" smax="0" dmin="2" dmax="4" x="13791.2" z="3743.1" r="50"/>
        <zone name="InfectedNBC" smin="0" smax="0" dmin="2" dmax="4" x="13877.1" z="3721.43" r="50"/>
        <zone name="InfectedNBC" smin="0" smax="0" dmin="2" dmax="4" x="13663.2" z="3656.05" r="50"/>
        <zone name="InfectedNBC" smin="0" smax="0" dmin="5" dmax="10" x="515.87" z="15169.6" r="50"/>
        <zone name="InfectedNBC" smin="0" smax="0" dmin="1" dmax="2" x="13950" z="3824.66" r="50"/>
        <zone name="InfectedNBC" smin="0" smax="0" dmin="3" dmax="5" x="313.636" z="5926.36" r="50"/>
        <zone name="InfectedNBC" smin="0" smax="0" dmin="2" dmax="4" x="5127.27" z="8860.91" r="50"/>
        <zone name="InfectedNBC" smin="0" smax="0" dmin="5" dmax="10" x="3445.57" z="7681.02" r="50"/>
    </territory>
    <territory color="2387830984">
        <zone name="InfectedMedic" smin="0" smax="0" dmin="1" dmax="2" x="3556.36" z="9919.09" r="50"/>
        <zone name="InfectedMedic" smin="0" smax="0" dmin="2" dmax="4" x="6070.91" z="1647.27" r="50"/>
        <zone name="InfectedMedic" smin="0" smax="0" dmin="2" dmax="3" x="5585" z="14555" r="50"/>
        <zone name="InfectedMedic" smin="0" smax="0" dmin="2" dmax="3" x="14585.8" z="9663.46" r="50"/>
        <zone name="InfectedMedic" smin="0" smax="0" dmin="2" dmax="3" x="6401.86" z="1561.29" r="50"/>
        <zone name="InfectedMedic" smin="0" smax="0" dmin="1" dmax="2" x="7703.08" z="11023.8" r="50"/>
        <zone name="InfectedMedic" smin="0" smax="0" dmin="2" dmax="4" x="6388" z="2092" r="50"/>
        <zone name="InfectedMedic" smin="0" smax="0" dmin="2" dmax="3" x="2221.09" z="11571.4" r="50"/>
        <zone name="InfectedMedic" smin="0" smax="0" dmin="1" dmax="2" x="5594.12" z="2468.82" r="50"/>
        <zone name="InfectedMedic" smin="0" smax="0" dmin="1" dmax="2" x="6077.65" z="1780.59" r="50"/>
        <zone name="InfectedMedic" smin="0" smax="0" dmin="1" dmax="2" x="2127" z="6402" r="50"/>
        <zone name="InfectedMedic" smin="0" smax="0" dmin="1" dmax="2" x="12774.4" z="10893.8" r="50"/>
    </territory>
    <territory color="1291845632">
        <zone name="InfectedReligious" smin="0" smax="0" dmin="1" dmax="2" x="5978.9" z="1577.67" r="50"/>
        <zone name="InfectedReligious" smin="0" smax="0" dmin="1" dmax="2" x="552" z="3009" r="100"/>
        <zone name="InfectedReligious" smin="0" smax="0" dmin="1" dmax="2" x="3285" z="6375" r="100"/>
        <zone name="InfectedReligious" smin="0" smax="0" dmin="1" dmax="2" x="1779" z="7776" r="100"/>
        <zone name="InfectedReligious" smin="0" smax="0" dmin="1" dmax="2" x="1542" z="10467" r="100"/>
        <zone name="InfectedReligious" smin="0" smax="0" dmin="1" dmax="2" x="117" z="11559" r="100"/>
        <zone name="InfectedReligious" smin="0" smax="0" dmin="1" dmax="2" x="864" z="13278" r="100"/>
        <zone name="InfectedReligious" smin="0" smax="0" dmin="1" dmax="2" x="4239" z="13608" r="100"/>
        <zone name="InfectedReligious" smin="0" smax="0" dmin="1" dmax="2" x="4386" z="11157" r="100"/>
        <zone name="InfectedReligious" smin="0" smax="0" dmin="1" dmax="2" x="4806" z="6432" r="100"/>
        <zone name="InfectedReligious" smin="0" smax="0" dmin="1" dmax="2" x="6426" z="14145" r="100"/>
        <zone name="InfectedReligious" smin="0" smax="0" dmin="1" dmax="2" x="9964.5" z="1670.5" r="50"/>
        <zone name="InfectedReligious" smin="0" smax="0" dmin="1" dmax="2" x="8774.26" z="3108.72" r="50"/>
        <zone name="InfectedReligious" smin="0" smax="0" dmin="1" dmax="2" x="11598" z="4125" r="100"/>
        <zone name="InfectedReligious" smin="0" smax="0" dmin="1" dmax="2" x="3409.71" z="457.286" r="50"/>
        <zone name="InfectedReligious" smin="0" smax="0" dmin="1" dmax="2" x="5025" z="468" r="100"/>
        <zone name="InfectedReligious" smin="0" smax="0" dmin="1" dmax="2" x="14771.3" z="14558.8" r="50"/>
        <zone name="InfectedReligious" smin="0" smax="0" dmin="1" dmax="2" x="6580.71" z="2025" r="50"/>
        <zone name="InfectedReligious" smin="0" smax="0" dmin="1" dmax="2" x="8888.57" z="2787.86" r="50"/>
        <zone name="InfectedReligious" smin="0" smax="0" dmin="1" dmax="2" x="10114.3" z="10626.4" r="50"/>
    </territory>
    <territory color="4283782655">
        <zone name="InfectedIndustrial" smin="0" smax="0" dmin="5" dmax="10" x="14464.7" z="12597.3" r="50"/>
        <zone name="InfectedIndustrial" smin="0" smax="0" dmin="1" dmax="2" x="11896.4" z="6167.39" r="50"/>
        <zone name="InfectedIndustrial" smin="0" smax="0" dmin="2" dmax="4" x="11967" z="6281.93" r="50"/>
        <zone name="InfectedIndustrial" smin="0" smax="0" dmin="1" dmax="2" x="12005.8" z="6397.5" r="50"/>
        <zone name="InfectedIndustrial" smin="0" smax="0" dmin="2" dmax="3" x="5064" z="6216" r="100"/>
        <zone name="InfectedIndustrial" smin="0" smax="0" dmin="3" dmax="5" x="5178" z="6366" r="100"/>
        <zone name="InfectedIndustrial" smin="0" smax="0" dmin="2" dmax="3" x="798" z="2982" r="100"/>
        <zone name="InfectedIndustrial" smin="0" smax="0" dmin="1" dmax="2" x="276" z="5082" r="100"/>
        <zone name="InfectedIndustrial" smin="0" smax="0" dmin="1" dmax="2" x="2046" z="2478" r="100"/>
        <zone name="InfectedIndustrial" smin="0" smax="0" dmin="1" dmax="2" x="3216" z="5100" r="100"/>
        <zone name="InfectedIndustrial" smin="0" smax="0" dmin="2" dmax="3" x="8448.62" z="2960.92" r="50"/>
        <zone name="InfectedIndustrial" smin="0" smax="0" dmin="2" dmax="4" x="144.444" z="7977.78" r="75"/>
        <zone name="InfectedIndustrial" smin="0" smax="0" dmin="1" dmax="2" x="13542" z="11070" r="50"/>
        <zone name="InfectedIndustrial" smin="0" smax="0" dmin="1" dmax="2" x="13452" z="11088" r="50"/>
        <zone name="InfectedIndustrial" smin="0" smax="0" dmin="1" dmax="2" x="11708.6" z="10602.9" r="50"/>
        <zone name="InfectedIndustrial" smin="0" smax="0" dmin="1" dmax="2" x="11980.7" z="10472.1" r="50"/>
        <zone name="InfectedIndustrial" smin="0" smax="0" dmin="1" dmax="2" x="11837.1" z="10523.6" r="50"/>
        <zone name="InfectedIndustrial" smin="0" smax="0" dmin="1" dmax="2" x="353.182" z="14524.1" r="50"/>
        <zone name="InfectedIndustrial" smin="0" smax="0" dmin="1" dmax="2" x="351.818" z="14348.2" r="50"/>
        <zone name="InfectedIndustrial" smin="0" smax="0" dmin="1" dmax="2" x="9984" z="13034" r="50"/>
        <zone name="InfectedIndustrial" smin="0" smax="0" dmin="1" dmax="2" x="10040" z="13096" r="50"/>
        <zone name="InfectedIndustrial" smin="0" smax="0" dmin="1" dmax="2" x="10104" z="13174" r="50"/>
        <zone name="InfectedIndustrial" smin="0" smax="0" dmin="1" dmax="2" x="5823.33" z="11000" r="50"/>
        <zone name="InfectedIndustrial" smin="0" smax="0" dmin="1" dmax="2" x="6513.33" z="10976.7" r="50"/>
        <zone name="InfectedIndustrial" smin="0" smax="0" dmin="1" dmax="1" x="10260" z="13725" r="50"/>
        <zone name="InfectedIndustrial" smin="0" smax="0" dmin="1" dmax="3" x="14520" z="12718" r="50"/>
        <zone name="InfectedIndustrial" smin="0" smax="0" dmin="1" dmax="2" x="14694" z="6534" r="50"/>
        <zone name="InfectedIndustrial" smin="0" smax="0" dmin="1" dmax="2" x="14745" z="6618" r="50"/>
        <zone name="InfectedIndustrial" smin="0" smax="0" dmin="1" dmax="2" x="14784" z="6537" r="50"/>
        <zone name="InfectedIndustrial" smin="0" smax="0" dmin="1" dmax="2" x="13923" z="8973" r="50"/>
    </territory>
    <territory color="4289244426">
        <zone name="InfectedCity" smin="0" smax="0" dmin="2" dmax="4" x="7135.71" z="1461.43" r="50"/>
        <zone name="InfectedCity" smin="0" smax="0" dmin="2" dmax="4" x="6717.86" z="13792.5" r="80"/>
        <zone name="InfectedCity" smin="0" smax="0" dmin="2" dmax="4" x="7365" z="11997.5" r="50"/>
        <zone name="InfectedCity" smin="0" smax="0" dmin="2" dmax="4" x="5595" z="14610" r="50"/>
    </territory>
    <territory color="872349696">
        <zone name="InfectedArmyHard" smin="0" smax="0" dmin="1" dmax="2" x="6108" z="1212" r="50"/>
        <zone name="InfectedArmyHard" smin="0" smax="0" dmin="2" dmax="3" x="12157.1" z="14907.4" r="50"/>
        <zone name="InfectedArmyHard" smin="0" smax="0" dmin="2" dmax="3" x="320" z="5948.33" r="50"/>
        <zone name="InfectedArmyHard" smin="0" smax="0" dmin="1" dmax="2" x="1256.45" z="7293.29" r="50"/>
        <zone name="InfectedArmyHard" smin="0" smax="0" dmin="1" dmax="2" x="2302.1" z="4940.16" r="50"/>
        <zone name="InfectedArmyHard" smin="0" smax="0" dmin="2" dmax="3" x="1874.86" z="11474.9" r="50"/>
        <zone name="InfectedArmyHard" smin="0" smax="0" dmin="2" dmax="3" x="4842.64" z="4989.69" r="50"/>
        <zone name="InfectedArmyHard" smin="0" smax="0" dmin="2" dmax="3" x="4900.3" z="4669.94" r="50"/>
        <zone name="InfectedArmyHard" smin="0" smax="0" dmin="1" dmax="2" x="8175" z="9720.83" r="50"/>
        <zone name="InfectedArmyHard" smin="0" smax="0" dmin="2" dmax="4" x="2166.09" z="11853.9" r="50"/>
        <zone name="InfectedArmyHard" smin="0" smax="0" dmin="1" dmax="2" x="1882.8" z="11601.4" r="50"/>
        <zone name="InfectedArmyHard" smin="0" smax="0" dmin="1" dmax="2" x="2369.55" z="11758.9" r="50"/>
        <zone name="InfectedArmyHard" smin="0" smax="0" dmin="2" dmax="4" x="855" z="8985" r="50"/>
        <zone name="InfectedArmyHard" smin="0" smax="0" dmin="2" dmax="3" x="4246.15" z="14376.9" r="50"/>
        <zone name="InfectedArmyHard" smin="0" smax="0" dmin="1" dmax="2" x="11794.6" z="10975.4" r="50"/>
        <zone name="InfectedArmyHard" smin="0" smax="0" dmin="1" dmax="2" x="2176.34" z="11572.5" r="50"/>
        <zone name="InfectedArmyHard" smin="0" smax="0" dmin="1" dmax="2" x="2196.46" z="12077.5" r="50"/>
        <zone name="InfectedArmyHard" smin="0" smax="0" dmin="1" dmax="2" x="1923.6" z="12184.8" r="50"/>
        <zone name="InfectedArmyHard" smin="0" smax="0" dmin="1" dmax="2" x="13300.5" z="11592" r="50"/>
        <zone name="InfectedArmyHard" smin="0" smax="0" dmin="1" dmax="2" x="14889.4" z="615.882" r="50"/>
        <zone name="InfectedArmyHard" smin="0" smax="0" dmin="2" dmax="3" x="12001.9" z="14906.3" r="50"/>
        <zone name="InfectedArmyHard" smin="0" smax="0" dmin="1" dmax="2" x="12556.9" z="14662.5" r="50"/>
        <zone name="InfectedArmyHard" smin="0" smax="0" dmin="1" dmax="2" x="11951.7" z="9012.67" r="50"/>
        <zone name="InfectedArmyHard" smin="0" smax="0" dmin="2" dmax="3" x="11481.1" z="11889.7" r="50"/>
        <zone name="InfectedArmyHard" smin="0" smax="0" dmin="2" dmax="3" x="2599.09" z="11359.1" r="50"/>
        <zone name="InfectedArmyHard" smin="0" smax="0" dmin="2" dmax="3" x="2739.18" z="8831.82" r="50"/>
        <zone name="InfectedArmyHard" smin="0" smax="0" dmin="2" dmax="3" x="2846.47" z="8692.94" r="50"/>
        <zone name="InfectedArmyHard" smin="0" smax="0" dmin="2" dmax="3" x="1096.36" z="6259.09" r="50"/>
        <zone name="InfectedArmyHard" smin="0" smax="0" dmin="1" dmax="2" x="2420.77" z="12170.8" r="50"/>
        <zone name="InfectedArmyHard" smin="0" smax="0" dmin="1" dmax="2" x="1986.92" z="12304.6" r="50"/>
        <zone name="InfectedArmyHard" smin="0" smax="0" dmin="1" dmax="2" x="2479.09" z="14067.3" r="50"/>
        <zone name="InfectedArmyHard" smin="0" smax="0" dmin="1" dmax="2" x="13203.3" z="1281.82" r="50"/>
        <zone name="InfectedArmyHard" smin="0" smax="0" dmin="1" dmax="2" x="14097.5" z="2282.5" r="50"/>
        <zone name="InfectedArmyHard" smin="0" smax="0" dmin="4" dmax="6" x="11316" z="7600" r="50"/>
        <zone name="InfectedArmyHard" smin="0" smax="0" dmin="4" dmax="5" x="11286" z="7482" r="50"/>
        <zone name="InfectedArmyHard" smin="0" smax="0" dmin="4" dmax="5" x="11082" z="7116" r="50"/>
        <zone name="InfectedArmyHard" smin="0" smax="0" dmin="4" dmax="5" x="11144" z="7222" r="50"/>
        <zone name="InfectedArmyHard" smin="0" smax="0" dmin="1" dmax="2" x="10907" z="7178" r="50"/>
    </territory>
    <territory color="1136576269">
        <zone name="InfectedCity" smin="0" smax="0" dmin="2" dmax="4" x="11649" z="4110" r="100"/>
        <zone name="InfectedCity" smin="0" smax="0" dmin="2" dmax="4" x="11658" z="4338" r="100"/>
        <zone name="InfectedCity" smin="0" smax="0" dmin="2" dmax="4" x="3917.14" z="13928.6" r="100"/>
        <zone name="InfectedCity" smin="0" smax="0" dmin="2" dmax="4" x="1564.29" z="10140" r="100"/>
        <zone name="InfectedCity" smin="0" smax="0" dmin="2" dmax="3" x="2815.71" z="5841.43" r="50"/>
        <zone name="InfectedCity" smin="0" smax="0" dmin="5" dmax="10" x="6004.29" z="5657.14" r="50"/>
        <zone name="InfectedCity" smin="0" smax="0" dmin="2" dmax="3" x="1598.57" z="4722.86" r="50"/>
        <zone name="InfectedCity" smin="0" smax="0" dmin="2" dmax="3" x="510" z="2927.14" r="50"/>
        <zone name="InfectedCity" smin="0" smax="0" dmin="2" dmax="4" x="9471.43" z="9655.71" r="50"/>
    </territory>
    <territory color="4294901887">
        <zone name="InfectedFirefighter" smin="0" smax="0" dmin="2" dmax="4" x="6511.81" z="1932.63" r="50"/>
        <zone name="InfectedFirefighter" smin="0" smax="0" dmin="2" dmax="3" x="2880" z="6188.18" r="50"/>
        <zone name="InfectedFirefighter" smin="0" smax="0" dmin="2" dmax="4" x="6260.47" z="13911" r="50"/>
        <zone name="InfectedFirefighter" smin="0" smax="0" dmin="2" dmax="4" x="1442.31" z="10585.4" r="50"/>
        <zone name="InfectedFirefighter" smin="0" smax="0" dmin="2" dmax="4" x="11910" z="4461" r="50"/>
        <zone name="InfectedFirefighter" smin="0" smax="0" dmin="1" dmax="2" x="2162.49" z="11573.8" r="50"/>
        <zone name="InfectedFirefighter" smin="0" smax="0" dmin="2" dmax="3" x="4872.86" z="4851.43" r="50"/>
        <zone name="InfectedIndustrial" smin="0" smax="0" dmin="2" dmax="4" x="12859.5" z="11073" r="50"/>
    </territory>
    <territory color="4278255360">
        <zone name="InfectedVillageTier1" smin="0" smax="0" dmin="2" dmax="3" x="2778.31" z="652.207" r="50"/>
        <zone name="InfectedVillageTier1" smin="0" smax="0" dmin="3" dmax="4" x="2995.71" z="525.974" r="50"/>
        <zone name="InfectedVillageTier1" smin="0" smax="0" dmin="1" dmax="2" x="3279.74" z="438.701" r="50"/>
        <zone name="InfectedVillageTier1" smin="0" smax="0" dmin="2" dmax="2" x="3611.88" z="487.793" r="50"/>
        <zone name="InfectedVillageTier1" smin="0" smax="0" dmin="1" dmax="5" x="5151.82" z="575.455" r="50"/>
        <zone name="InfectedVillageTier1" smin="0" smax="0" dmin="3" dmax="5" x="5100" z="436.364" r="50"/>
        <zone name="InfectedVillageTier1" smin="0" smax="0" dmin="2" dmax="3" x="4909.09" z="439.091" r="50"/>
        <zone name="InfectedVillageTier1" smin="0" smax="0" dmin="5" dmax="6" x="4977.27" z="570" r="50"/>
        <zone name="InfectedVillageTier1" smin="0" smax="0" dmin="1" dmax="2" x="4740" z="578.182" r="50"/>
        <zone name="InfectedVillageTier1" smin="0" smax="0" dmin="2" dmax="5" x="4674.55" z="414.545" r="50"/>
        <zone name="InfectedVillageTier1" smin="0" smax="0" dmin="2" dmax="4" x="2274.55" z="1947.27" r="100"/>
        <zone name="InfectedVillageTier1" smin="0" smax="0" dmin="4" dmax="8" x="2154.55" z="2121.82" r="50"/>
        <zone name="InfectedVillageTier1" smin="0" smax="0" dmin="2" dmax="4" x="1996.36" z="2282.73" r="100"/>
        <zone name="InfectedVillageTier1" smin="0" smax="0" dmin="1" dmax="2" x="1851.82" z="2410.91" r="100"/>
        <zone name="InfectedVillageTier1" smin="0" smax="0" dmin="1" dmax="2" x="545" z="2535" r="100"/>
        <zone name="InfectedVillageTier1" smin="0" smax="0" dmin="2" dmax="4" x="470" z="2740" r="100"/>
        <zone name="InfectedVillageTier1" smin="0" smax="0" dmin="2" dmax="4" x="220" z="2860" r="100"/>
        <zone name="InfectedVillageTier1" smin="0" smax="0" dmin="1" dmax="2" x="490" z="3160" r="100"/>
        <zone name="InfectedVillageTier1" smin="0" smax="0" dmin="2" dmax="4" x="565" z="2942.5" r="100"/>
        <zone name="InfectedVillageTier1" smin="0" smax="0" dmin="2" dmax="5" x="5902.91" z="944.591" r="50"/>
        <zone name="InfectedVillageTier1" smin="0" smax="0" dmin="2" dmax="4" x="1140" z="3987" r="100"/>
        <zone name="InfectedVillageTier1" smin="0" smax="0" dmin="2" dmax="4" x="1203" z="4215" r="100"/>
        <zone name="InfectedVillageTier1" smin="0" smax="0" dmin="2" dmax="4" x="1356" z="4368" r="100"/>
        <zone name="InfectedVillageTier1" smin="0" smax="0" dmin="1" dmax="2" x="1632" z="4674" r="50"/>
        <zone name="InfectedVillageTier1" smin="0" smax="0" dmin="1" dmax="2" x="1781.54" z="4619.54" r="50"/>
        <zone name="InfectedVillageTier1" smin="0" smax="0" dmin="2" dmax="4" x="4553.54" z="3367.39" r="50"/>
        <zone name="InfectedVillageTier1" smin="0" smax="0" dmin="2" dmax="4" x="4473.69" z="3280.85" r="50"/>
        <zone name="InfectedVillageTier1" smin="0" smax="0" dmin="2" dmax="4" x="4380" z="3409.15" r="50"/>
        <zone name="InfectedVillageTier1" smin="0" smax="0" dmin="1" dmax="2" x="4074.69" z="3255" r="50"/>
        <zone name="InfectedVillageTier1" smin="0" smax="0" dmin="2" dmax="4" x="4258.62" z="3204.23" r="50"/>
        <zone name="InfectedVillageTier1" smin="0" smax="0" dmin="2" dmax="4" x="4190.31" z="3480.92" r="50"/>
        <zone name="InfectedVillageTier1" smin="0" smax="0" dmin="2" dmax="4" x="4632" z="3423" r="50"/>
        <zone name="InfectedVillageTier1" smin="0" smax="0" dmin="2" dmax="4" x="4579.15" z="3527.77" r="50"/>
        <zone name="InfectedVillageTier1" smin="0" smax="0" dmin="1" dmax="2" x="4539.23" z="3599.77" r="50"/>
        <zone name="InfectedVillageTier1" smin="0" smax="0" dmin="1" dmax="4" x="10224" z="1629" r="50"/>
        <zone name="InfectedVillageTier1" smin="0" smax="0" dmin="1" dmax="2" x="13408.3" z="1050" r="50"/>
        <zone name="InfectedVillageTier1" smin="0" smax="0" dmin="2" dmax="6" x="6004.13" z="1009.5" r="82"/>
        <zone name="InfectedVillageTier1" smin="0" smax="0" dmin="2" dmax="4" x="5857.5" z="1071" r="50"/>
        <zone name="InfectedVillageTier1" smin="0" smax="0" dmin="2" dmax="6" x="5970.38" z="1095.75" r="50"/>
        <zone name="InfectedVillageTier1" smin="0" smax="0" dmin="2" dmax="4" x="5805" z="1225.5" r="50"/>
        <zone name="InfectedVillageTier1" smin="0" smax="0" dmin="2" dmax="3" x="3758.57" z="743.571" r="50"/>
        <zone name="InfectedVillageTier1" smin="0" smax="0" dmin="1" dmax="2" x="4463.08" z="3489.23" r="50"/>
        <zone name="InfectedVillageTier1" smin="0" smax="0" dmin="2" dmax="4" x="10062.5" z="1642.5" r="50"/>
        <zone name="InfectedVillageTier1" smin="0" smax="0" dmin="2" dmax="4" x="9827.5" z="1690" r="50"/>
        <zone name="InfectedVillageTier1" smin="0" smax="0" dmin="2" dmax="4" x="9595" z="1702.5" r="50"/>
        <zone name="InfectedVillageTier1" smin="0" smax="0" dmin="2" dmax="4" x="9352.5" z="1655" r="50"/>
        <zone name="InfectedVillageTier1" smin="0" smax="0" dmin="2" dmax="4" x="13073.6" z="340.714" r="50"/>
        <zone name="InfectedVillageTier1" smin="0" smax="0" dmin="2" dmax="4" x="13110" z="482.143" r="50"/>
        <zone name="InfectedVillageTier1" smin="0" smax="0" dmin="2" dmax="4" x="12975" z="608.571" r="50"/>
        <zone name="InfectedVillageTier1" smin="0" smax="0" dmin="1" dmax="4" x="9891" z="1548" r="50"/>
    </territory>
    <territory color="1479710720">
        <zone name="InfectedVillage" smin="0" smax="0" dmin="2" dmax="4" x="1776.67" z="7773.33" r="100"/>
        <zone name="InfectedVillage" smin="0" smax="0" dmin="3" dmax="4" x="1540" z="7566.67" r="100"/>
        <zone name="InfectedVillage" smin="0" smax="0" dmin="2" dmax="4" x="1936.67" z="7516.67" r="50"/>
        <zone name="InfectedVillage" smin="0" smax="0" dmin="1" dmax="2" x="1880" z="7630" r="50"/>
        <zone name="InfectedVillage" smin="0" smax="0" dmin="1" dmax="2" x="1776.67" z="7945.33" r="50"/>
        <zone name="InfectedVillage" smin="0" smax="0" dmin="1" dmax="2" x="1570" z="7806.67" r="50"/>
        <zone name="InfectedVillage" smin="0" smax="0" dmin="1" dmax="2" x="410" z="7276.67" r="50"/>
        <zone name="InfectedVillage" smin="0" smax="0" dmin="2" dmax="4" x="4757.58" z="6481.51" r="100"/>
        <zone name="InfectedVillage" smin="0" smax="0" dmin="2" dmax="4" x="4711.82" z="6757.27" r="100"/>
        <zone name="InfectedVillage" smin="0" smax="0" dmin="2" dmax="4" x="4696.67" z="6970" r="100"/>
        <zone name="InfectedVillage" smin="0" smax="0" dmin="2" dmax="4" x="4706.67" z="7220" r="100"/>
        <zone name="InfectedVillage" smin="0" smax="0" dmin="2" dmax="4" x="4548.49" z="7102.73" r="100"/>
        <zone name="InfectedVillage" smin="0" smax="0" dmin="2" dmax="4" x="4460" z="6943.33" r="50"/>
        <zone name="InfectedVillage" smin="0" smax="0" dmin="1" dmax="2" x="4980" z="8470" r="50"/>
        <zone name="InfectedVillage" smin="0" smax="0" dmin="1" dmax="2" x="5160" z="9276.67" r="50"/>
        <zone name="InfectedVillage" smin="0" smax="0" dmin="1" dmax="2" x="5213.33" z="9056.67" r="50"/>
        <zone name="InfectedVillage" smin="0" smax="0" dmin="2" dmax="4" x="4846.67" z="10606.7" r="100"/>
        <zone name="InfectedVillage" smin="0" smax="0" dmin="2" dmax="4" x="4770" z="10806.7" r="100"/>
        <zone name="InfectedVillage" smin="0" smax="0" dmin="2" dmax="4" x="4670" z="11016.7" r="100"/>
        <zone name="InfectedVillage" smin="0" smax="0" dmin="2" dmax="4" x="4576.67" z="11193.3" r="100"/>
        <zone name="InfectedVillage" smin="0" smax="0" dmin="2" dmax="4" x="4466.67" z="11360" r="100"/>
        <zone name="InfectedVillage" smin="0" smax="0" dmin="2" dmax="4" x="4276.67" z="11256.7" r="100"/>
        <zone name="InfectedVillage" smin="0" smax="0" dmin="2" dmax="4" x="4263.33" z="11003.3" r="100"/>
        <zone name="InfectedVillage" smin="0" smax="0" dmin="1" dmax="2" x="4185.83" z="11478.8" r="50"/>
        <zone name="InfectedVillage" smin="0" smax="0" dmin="2" dmax="4" x="1686.67" z="9943.33" r="100"/>
        <zone name="InfectedVillage" smin="0" smax="0" dmin="2" dmax="4" x="1316.67" z="10370" r="100"/>
        <zone name="InfectedVillage" smin="0" smax="0" dmin="2" dmax="4" x="1176.67" z="10563.3" r="100"/>
        <zone name="InfectedVillage" smin="0" smax="0" dmin="2" dmax="4" x="1400.83" z="10668" r="100"/>
        <zone name="InfectedVillage" smin="0" smax="0" dmin="1" dmax="2" x="200" z="11520" r="100"/>
        <zone name="InfectedVillage" smin="0" smax="0" dmin="1" dmax="2" x="355.833" z="11790.5" r="100"/>
        <zone name="InfectedVillage" smin="0" smax="0" dmin="2" dmax="4" x="460" z="11576.7" r="100"/>
        <zone name="InfectedVillage" smin="0" smax="0" dmin="1" dmax="2" x="1143.33" z="13296.7" r="100"/>
        <zone name="InfectedVillage" smin="0" smax="0" dmin="2" dmax="4" x="1006.67" z="13106.7" r="100"/>
        <zone name="InfectedVillage" smin="0" smax="0" dmin="2" dmax="4" x="853.333" z="12973.3" r="100"/>
        <zone name="InfectedVillage" smin="0" smax="0" dmin="2" dmax="4" x="796.667" z="12773.3" r="100"/>
        <zone name="InfectedVillage" smin="0" smax="0" dmin="2" dmax="4" x="4020" z="14023.3" r="100"/>
        <zone name="InfectedVillage" smin="0" smax="0" dmin="2" dmax="4" x="4093.33" z="13803.3" r="100"/>
        <zone name="InfectedVillage" smin="0" smax="0" dmin="1" dmax="2" x="4243.33" z="13660" r="100"/>
        <zone name="InfectedVillage" smin="0" smax="0" dmin="2" dmax="4" x="4336.67" z="13476.7" r="100"/>
        <zone name="InfectedVillage" smin="0" smax="0" dmin="2" dmax="4" x="4426.67" z="13266.7" r="100"/>
        <zone name="InfectedVillage" smin="0" smax="0" dmin="2" dmax="4" x="4000" z="13610" r="100"/>
        <zone name="InfectedVillage" smin="0" smax="0" dmin="1" dmax="2" x="3819.33" z="14240.3" r="50"/>
        <zone name="InfectedVillage" smin="0" smax="0" dmin="2" dmax="4" x="6373.75" z="13803.3" r="100"/>
        <zone name="InfectedVillage" smin="0" smax="0" dmin="2" dmax="4" x="6450" z="13603.3" r="100"/>
        <zone name="InfectedVillage" smin="0" smax="0" dmin="2" dmax="4" x="6643.33" z="13453.3" r="100"/>
        <zone name="InfectedVillage" smin="0" smax="0" dmin="2" dmax="4" x="6623.33" z="13693.3" r="100"/>
        <zone name="InfectedVillage" smin="0" smax="0" dmin="2" dmax="4" x="6543.33" z="13936.7" r="100"/>
        <zone name="InfectedVillage" smin="0" smax="0" dmin="1" dmax="2" x="9096.67" z="12093.3" r="50"/>
        <zone name="InfectedVillage" smin="0" smax="0" dmin="1" dmax="2" x="9076.67" z="12196.7" r="50"/>
        <zone name="InfectedVillage" smin="0" smax="0" dmin="2" dmax="4" x="9020" z="12323.3" r="50"/>
        <zone name="InfectedVillage" smin="0" smax="0" dmin="1" dmax="2" x="8966.67" z="12430" r="50"/>
        <zone name="InfectedVillage" smin="0" smax="0" dmin="1" dmax="2" x="9080" z="12483.3" r="50"/>
        <zone name="InfectedVillage" smin="0" smax="0" dmin="2" dmax="4" x="9160" z="6395.83" r="100"/>
        <zone name="InfectedVillage" smin="0" smax="0" dmin="2" dmax="4" x="9260" z="6573.33" r="100"/>
        <zone name="InfectedVillage" smin="0" smax="0" dmin="2" dmax="4" x="9350" z="6770" r="100"/>
        <zone name="InfectedVillage" smin="0" smax="0" dmin="2" dmax="3" x="9200" z="6900" r="100"/>
        <zone name="InfectedVillage" smin="0" smax="0" dmin="1" dmax="2" x="3110" z="6121.67" r="50"/>
        <zone name="InfectedVillage" smin="0" smax="0" dmin="2" dmax="4" x="3556.67" z="9913.33" r="50"/>
        <zone name="InfectedVillage" smin="0" smax="0" dmin="2" dmax="4" x="715.714" z="13285.7" r="50"/>
        <zone name="InfectedVillage" smin="0" smax="0" dmin="2" dmax="4" x="6530.14" z="1257.43" r="50"/>
        <zone name="InfectedVillage" smin="0" smax="0" dmin="2" dmax="4" x="6636.64" z="1443.64" r="50"/>
        <zone name="InfectedVillage" smin="0" smax="0" dmin="2" dmax="4" x="6700.07" z="1349.14" r="50"/>
        <zone name="InfectedVillage" smin="0" smax="0" dmin="2" dmax="4" x="6804" z="1414.29" r="50"/>
        <zone name="InfectedVillage" smin="0" smax="0" dmin="2" dmax="4" x="6733.07" z="1509.86" r="50"/>
        <zone name="InfectedVillage" smin="0" smax="0" dmin="2" dmax="4" x="5704.29" z="2147.14" r="50"/>
        <zone name="InfectedVillage" smin="0" smax="0" dmin="2" dmax="4" x="5820" z="2181.43" r="50"/>
        <zone name="InfectedVillage" smin="0" smax="0" dmin="2" dmax="4" x="5798.57" z="2027.14" r="50"/>
        <zone name="InfectedVillage" smin="0" smax="0" dmin="1" dmax="2" x="14931.4" z="11087.1" r="50"/>
        <zone name="InfectedVillage" smin="0" smax="0" dmin="1" dmax="2" x="6047.14" z="11464.3" r="50"/>
        <zone name="InfectedVillage" smin="0" smax="0" dmin="1" dmax="2" x="6589.29" z="7508.57" r="50"/>
        <zone name="InfectedVillage" smin="0" smax="0" dmin="2" dmax="4" x="14568.8" z="14508.8" r="50"/>
        <zone name="InfectedVillage" smin="0" smax="0" dmin="2" dmax="4" x="14645" z="14430" r="50"/>
        <zone name="InfectedVillage" smin="0" smax="0" dmin="2" dmax="4" x="6463.5" z="1359" r="50"/>
        <zone name="InfectedVillage" smin="0" smax="0" dmin="1" dmax="2" x="4103.33" z="10123.3" r="50"/>
        <zone name="InfectedVillage" smin="0" smax="0" dmin="1" dmax="2" x="13585" z="8183.33" r="50"/>
        <zone name="InfectedVillage" smin="0" smax="0" dmin="1" dmax="4" x="13693.3" z="8173.33" r="50"/>
        <zone name="InfectedVillage" smin="0" smax="0" dmin="4" dmax="5" x="8220" z="13808.2" r="50"/>
    </territory>
    <territory color="1096089855">
        <zone name="InfectedIndustrial" smin="0" smax="0" dmin="2" dmax="4" x="6495.63" z="15085.5" r="50"/>
        <zone name="InfectedIndustrial" smin="0" smax="0" dmin="2" dmax="4" x="6271.1" z="15025.4" r="50"/>
        <zone name="InfectedIndustrial" smin="0" smax="0" dmin="1" dmax="2" x="6417.76" z="15030.2" r="50"/>
        <zone name="InfectedIndustrial" smin="0" smax="0" dmin="4" dmax="5" x="2001.43" z="7877.14" r="100"/>
        <zone name="InfectedIndustrial" smin="0" smax="0" dmin="1" dmax="4" x="1834.29" z="8965.71" r="50"/>
        <zone name="InfectedIndustrial" smin="0" smax="0" dmin="4" dmax="5" x="1232.86" z="10054.3" r="50"/>
        <zone name="InfectedIndustrial" smin="0" smax="0" dmin="2" dmax="3" x="981.429" z="10950" r="100"/>
        <zone name="InfectedIndustrial" smin="0" smax="0" dmin="2" dmax="3" x="696.429" z="13410" r="50"/>
        <zone name="InfectedIndustrial" smin="0" smax="0" dmin="2" dmax="4" x="3891.43" z="13838.6" r="100"/>
        <zone name="InfectedIndustrial" smin="0" smax="0" dmin="4" dmax="5" x="4373.84" z="10798.1" r="50"/>
        <zone name="InfectedIndustrial" smin="0" smax="0" dmin="1" dmax="2" x="4966.34" z="10158.2" r="50"/>
        <zone name="InfectedIndustrial" smin="0" smax="0" dmin="2" dmax="3" x="5037.06" z="10047.6" r="50"/>
        <zone name="InfectedIndustrial" smin="0" smax="0" dmin="4" dmax="5" x="5872.77" z="9216.96" r="100"/>
        <zone name="InfectedIndustrial" smin="0" smax="0" dmin="1" dmax="2" x="5668.93" z="9348.75" r="50"/>
        <zone name="InfectedIndustrial" smin="0" smax="0" dmin="1" dmax="2" x="5194.29" z="14494.3" r="50"/>
        <zone name="InfectedIndustrial" smin="0" smax="0" dmin="3" dmax="4" x="7431.09" z="13714.6" r="80"/>
        <zone name="InfectedIndustrial" smin="0" smax="0" dmin="2" dmax="4" x="7283.74" z="13784.8" r="50"/>
        <zone name="InfectedIndustrial" smin="0" smax="0" dmin="2" dmax="4" x="6775.71" z="12767.1" r="50"/>
        <zone name="InfectedIndustrial" smin="0" smax="0" dmin="5" dmax="6" x="10965" z="12727.5" r="100"/>
        <zone name="InfectedIndustrial" smin="0" smax="0" dmin="5" dmax="7" x="10830" z="12596.3" r="100"/>
        <zone name="InfectedIndustrial" smin="0" smax="0" dmin="2" dmax="4" x="14735.6" z="14375.6" r="50"/>
        <zone name="InfectedIndustrial" smin="0" smax="0" dmin="1" dmax="2" x="6775" z="3578.33" r="50"/>
        <zone name="InfectedIndustrial" smin="0" smax="0" dmin="2" dmax="4" x="14628" z="15055.5" r="50"/>
        <zone name="InfectedIndustrial" smin="0" smax="0" dmin="1" dmax="2" x="1804.41" z="12174.5" r="50"/>
        <zone name="InfectedIndustrial" smin="0" smax="0" dmin="1" dmax="2" x="1815.73" z="11930.4" r="50"/>
        <zone name="InfectedIndustrial" smin="0" smax="0" dmin="2" dmax="4" x="12450" z="14923.8" r="50"/>
        <zone name="InfectedIndustrial" smin="0" smax="0" dmin="3" dmax="4" x="11850" z="14914.6" r="50"/>
        <zone name="InfectedIndustrial" smin="0" smax="0" dmin="4" dmax="5" x="1141.43" z="10127.1" r="50"/>
        <zone name="InfectedIndustrial" smin="0" smax="0" dmin="3" dmax="4" x="5105.63" z="10228.1" r="50"/>
        <zone name="InfectedIndustrial" smin="0" smax="0" dmin="2" dmax="3" x="861.429" z="13399.3" r="50"/>
        <zone name="InfectedIndustrial" smin="0" smax="0" dmin="2" dmax="3" x="790.714" z="13502.1" r="50"/>
        <zone name="InfectedIndustrial" smin="0" smax="0" dmin="1" dmax="2" x="1876.15" z="11757.7" r="50"/>
        <zone name="InfectedIndustrial" smin="0" smax="0" dmin="2" dmax="4" x="351.176" z="14505.9" r="50"/>
        <zone name="InfectedIndustrial" smin="0" smax="0" dmin="2" dmax="4" x="349.412" z="14347.1" r="50"/>
        <zone name="InfectedIndustrial" smin="0" smax="0" dmin="2" dmax="4" x="6512.5" z="10980" r="50"/>
        <zone name="InfectedIndustrial" smin="0" smax="0" dmin="1" dmax="4" x="5626.67" z="14456.7" r="50"/>
    </territory>
</territory-type>
